url,path,status,redirect_to,in_sitemap,sitemap,sitemap_lastmod,found_from,page_type,business_layer,insurance_territories,insurance_relevant,insurance_term_density_per_1k,indexable,noindex,canonical,canonical_self,title,title_len,title_dup_count,meta_description,meta_desc_len,meta_desc_dup_count,h1,h1_count,h1_dup_count,h2_count,word_count,schema_types,has_product_schema,published,modified,crawl_depth,inlinks_all,inlinks_contextual,outlinks_internal,links_to_redirects,links_to_errors,internal_pagerank,contextual_pagerank,top_inbound_anchors,max_similarity,most_similar_url,ttfb_ms,html_kb,img_no_alt,hreflang,lang,orphan_contextual,orphan_total,sitemap_non_indexable
https://diceus.com/,/,200,,True,page-sitemap.xml,2022-11-04T09:08:39+00:00,sitemap/seed,homepage,Brand/Entry,,True,9.3,True,False,https://diceus.com/,True,DICEUS: Custom Software Development Company,43,1.0,DICEUS #1 Custom software development company. We provide ✔️Web and mobile app development ✔️Data migration ✔️System integration services and offer IT outstaffing to scale up your teams.,186,1.0,Custom software development company,1,1.0,16.0,2375,Answer;ContactPoint;FAQPage;LocalBusiness;Organization;PostalAddress;Question,False,,2022-11-04T09:08:39+00:00,0.0,813,298,337,0,0,4.054,9.565,diceus,0.214,https://diceus.com/services/,840,346,0.0,x-default,en,False,False,False
https://diceus.com/blog/,/blog/,200,,True,post-sitemap.xml,2026-10-05T12:19:07+00:00,sitemap/seed,blog_archive,Archive/thin,,True,33.9,True,False,https://diceus.com/blog/,True,Blog | DICEUS,13,1.0,"In our blog, you will find information about our approaches to software development, our cases, research, and solutions. Subscribe to us!",137,1.0,Most popular articles,1,1.0,92.0,1917,Answer;BreadcrumbList;CollectionPage;EntryPoint;FAQPage;ImageObject;ListItem;Organization;Question;SearchAction;WebPage;WebSite,False,,,1.0,769,300,399,0,0,2.987,9.763,"blog, back to blog",0.513,https://diceus.com/author/irina-kravchenko/,220,382,1.0,x-default,en,False,False,False
https://diceus.com/interview-ceo-universalna-running-insurance-during-wartime/,/interview-ceo-universalna-running-insurance-during-wartime/,200,,True,post-sitemap.xml,2022-12-23T12:48:09+00:00,sitemap/seed,blog_post,L4 Content,,True,18.1,True,False,https://diceus.com/interview-ceo-universalna-running-insurance-during-wartime/,True,Interview | CEO of UNIVERSALNA: Insurance Company During War,60,1.0,Here's the second part of the interview with the CEO of UNIVERSALNA about the challenges of running an insurance company during the wartime in Ukraine.,151,1.0,Part 2 – Interview with the CEO of UNIVERSALNA: Running the insurance company during wartime,1,1.0,0.0,1600,Article;BreadcrumbList;EntryPoint;ImageObject;ListItem;Organization;Person;ReadAction;SearchAction;WebPage;WebSite,False,2022-12-12T06:00:00+00:00,2022-12-23T12:48:09+00:00,2.0,47,2,295,0,0,1.297,0.35,"part 2 - interview with the ceo of universalna: running the , part 2",0.279,https://diceus.com/illia-pinchuk-on-the-killing-commercial-insurance-podcast/,239,282,0.0,x-default,en,False,False,False
https://diceus.com/frequent-questions-on-staff-augmentation/,/frequent-questions-on-staff-augmentation/,200,,True,post-sitemap.xml,2023-01-29T23:07:08+00:00,sitemap/seed,blog_post,L4 Content,,False,0.0,True,False,https://diceus.com/frequent-questions-on-staff-augmentation/,True,30 Questions About IT Staff Augmentation Answered by Experts,60,1.0,Here are short and clear answers about IT staff augmentation answered by experts of our outstaffing and software development firm. Hire developers online!,154,1.0,30 most frequent questions about IT staff augmentation answered,1,1.0,2.0,3109,Article;BreadcrumbList;CommentAction;EntryPoint;ImageObject;ListItem;Organization;Person;ReadAction;SearchAction;WebPage;WebSite,False,2021-04-08T11:37:07+00:00,2023-01-29T23:07:08+00:00,3.0,1,1,297,0,0,0.188,0.249,check the list!,0.188,https://diceus.com/services/it-staff-augmentation-services-company/,658,290,0.0,x-default,en,False,False,False
https://diceus.com/interview-with-ceo-of-universalna-digitalization/,/interview-with-ceo-of-universalna-digitalization/,200,,True,post-sitemap.xml,2023-02-06T08:56:06+00:00,sitemap/seed,blog_post,L4 Content,,True,22.8,True,False,https://diceus.com/interview-with-ceo-of-universalna-digitalization/,True,Interview with the CEO of UNIVERSALNA: Part 1 | Digitalization,62,1.0,Read an interview with CEO of UNIVERSALNA Insurance Company. It's about digitalization benefits and challenges in the insurance industry.,137,1.0,Part 1: Interview with the CEO of UNIVERSALNA — Digitalization is the future of insurance companies,1,1.0,0.0,2718,Article;BreadcrumbList;EntryPoint;ImageObject;ListItem;Organization;Person;ReadAction;SearchAction;WebPage;WebSite,False,2022-12-13T13:04:27+00:00,2023-02-06T08:56:06+00:00,2.0,47,2,295,0,0,1.297,0.35,part 1: interview with the ceo of universalna — digitalizati,0.239,https://diceus.com/interview-ceo-universalna-running-insurance-during-wartime/,248,289,0.0,x-default,en,False,False,False
https://diceus.com/top-7-software-quality-metrics-matter/,/top-7-software-quality-metrics-matter/,200,,True,post-sitemap.xml,2023-02-08T11:17:24+00:00,sitemap/seed,blog_post,L4 Content,,False,1.7,True,False,https://diceus.com/top-7-software-quality-metrics-matter/,True,10 Code Quality Metrics for Software Development Projects,57,1.0,The 10 code quality metrics to rely on when assessing software quality. Learn how to measure code quality. And find out how to improve it.,138,1.0,Top 10 software quality metrics that matter,1,1.0,4.0,2366,Article;BreadcrumbList;CommentAction;EntryPoint;ImageObject;ListItem;Organization;Person;ReadAction;SearchAction;WebPage;WebSite,False,2022-07-08T13:04:00+00:00,2023-02-08T11:17:24+00:00,4.0,1,1,301,0,0,0.188,0.237,the quality of code,0.136,https://diceus.com/software-development-process/,120,289,0.0,x-default,en,False,False,False
https://diceus.com/custom-accounting-software/,/custom-accounting-software/,200,,True,post-sitemap.xml,2023-10-24T12:50:53+00:00,sitemap/seed,blog_post,L4 Content,,False,0.8,True,False,https://diceus.com/custom-accounting-software/,True,The Best Custom Accounting Software: Functions and Benefits,59,1.0,"Custom accounting software: Key features, benefits, and best practices of development + Breakdown of costs to build an app.",123,1.0,Custom accounting software: Concept and advantages,1,1.0,7.0,2627,Answer;Article;BreadcrumbList;EntryPoint;FAQPage;ImageObject;ListItem;Organization;Person;Question;ReadAction;SearchAction;WebPage;WebSite,False,2023-10-02T11:24:00+00:00,2023-10-24T12:50:53+00:00,3.0,1,1,302,0,0,0.188,0.268,accounting software,0.164,https://diceus.com/custom-software-engineering/,146,295,0.0,x-default,en,False,False,False
https://diceus.com/what-is-a-traceability-matrix/,/what-is-a-traceability-matrix/,200,,True,post-sitemap.xml,2024-09-09T15:01:28+00:00,sitemap/seed,blog_post,L4 Content,,False,0.0,True,False,https://diceus.com/what-is-a-traceability-matrix/,True,What is a traceability matrix in software development?,54,1.0,How well are your business requirements are aligned with released software features? We provide a traceability matrix to control the development.,145,1.0,What is a traceability matrix?,1,1.0,6.0,1620,Article;BreadcrumbList;CommentAction;EntryPoint;ImageObject;ListItem;Organization;Person;ReadAction;SearchAction;WebPage;WebSite,False,2022-02-10T13:19:34+00:00,2024-09-09T15:01:28+00:00,6.0,1,1,291,0,0,0.188,0.236,expert content,0.148,https://diceus.com/services/manual-testing/,161,280,0.0,x-default,en,False,False,False
https://diceus.com/interview-with-chief-cco-fadata-insis/,/interview-with-chief-cco-fadata-insis/,200,,True,post-sitemap.xml,2024-11-04T16:17:58+00:00,sitemap/seed,blog_post,L4 Content,,True,10.0,True,False,https://diceus.com/interview-with-chief-cco-fadata-insis/,True,Interview with CCO of Fadata: Insurance process platform INSIS,62,1.0,Read an interview with CCO of Fadata. Anders Holm shares the details about INSIS insurance platform implementation.,115,1.0,Interview with Chief Commercial Officer of Fadata: Implementing insurance process platform INSIS,1,1.0,0.0,2093,Article;BreadcrumbList;EntryPoint;ImageObject;ListItem;Organization;Person;ReadAction;SearchAction;WebPage;WebSite,False,2023-01-17T07:00:32+00:00,2024-11-04T16:17:58+00:00,2.0,47,2,294,0,0,1.297,0.335,interview with chief commercial officer of fadata: implement,0.125,https://diceus.com/blog/,117,286,0.0,x-default,en,False,False,False
https://diceus.com/custom-software-requirements-specification/,/custom-software-requirements-specification/,200,,True,post-sitemap.xml,2024-11-14T14:50:43+00:00,sitemap/seed,blog_post,L4 Content,,False,0.0,True,False,https://diceus.com/custom-software-requirements-specification/,True,Software Requirements Specification: How to Write an SRS,56,1.0,Need to write SRS document? ✓ Here’s is a step-by-step guide and a good example for you to make clear estimates. Check it out and learn how to create one for your project.,171,1.0,4 steps to writing an effective SRS document,1,1.0,7.0,2920,Article;BreadcrumbList;CommentAction;EntryPoint;ImageObject;ListItem;Organization;Person;ReadAction;SearchAction;WebPage;WebSite,False,2020-12-10T10:00:43+00:00,2024-11-14T14:50:43+00:00,,0,0,303,0,0,0.187,0.219,,0.143,https://diceus.com/how-to-estimate-software-development-costs/,160,317,0.0,x-default,en,True,True,False
https://diceus.com/migrating-asp-to-asp-net-reasons-benefits-business/,/migrating-asp-to-asp-net-reasons-benefits-business/,200,,True,post-sitemap.xml,2024-11-19T14:29:16+00:00,sitemap/seed,blog_post,L4 Content,,False,1.8,True,False,https://diceus.com/migrating-asp-to-asp-net-reasons-benefits-business/,True,Why Migrate from Classic ASP to ASP.NET,39,1.0,"Advantages of ASP.NET over Classic ASP, reasons for migrating to .NET, and challenges you should address while implementing the transition.",139,1.0,Migrating ASP to ASP.NET: Reasons and benefits for business,1,1.0,5.0,1671,Article;BreadcrumbList;EntryPoint;ImageObject;ListItem;Organization;Person;ReadAction;SearchAction;WebPage;WebSite,False,2023-12-27T20:30:14+00:00,2024-11-19T14:29:16+00:00,3.0,4,4,302,0,0,0.19,0.343,migrating asp to asp.net: reasons and benefits for business,0.298,https://diceus.com/how-to-migrate-classic-asp-to-asp-net/,137,288,0.0,x-default,en,False,False,False
https://diceus.com/best-tips-for-migrating-from-monolith-to-microservices/,/best-tips-for-migrating-from-monolith-to-microservices/,200,,True,post-sitemap.xml,2024-11-19T14:32:12+00:00,sitemap/seed,blog_post,L4 Content,,False,0.0,True,False,https://diceus.com/best-tips-for-migrating-from-monolith-to-microservices/,True,Migrating from Monolith to Microservices: Best Tips | DICEUS,60,1.0,Discover a roadmap for a successful migration from monolith to microservices architecture and the challenges you will face while embracing the novel technology.,160,1.0,Essentials of migration from monolith to microservices architecture,1,1.0,6.0,2760,Answer;Article;BreadcrumbList;EntryPoint;FAQPage;ImageObject;ListItem;Organization;Person;Question;ReadAction;SearchAction;WebPage;WebSite,False,2024-02-27T15:41:27+00:00,2024-11-19T14:32:12+00:00,4.0,6,6,304,0,0,0.191,0.344,"essentials of migration from monolith to microservices archi, transition from monolith to microservices architecture, monolith-to-microservices migration",0.305,https://diceus.com/microservices-vs-monolith/,157,315,0.0,x-default,en,False,False,False
https://diceus.com/how-to-create-custom-insurance-brokerage-software/,/how-to-create-custom-insurance-brokerage-software/,200,,True,post-sitemap.xml,2024-11-20T19:02:44+00:00,sitemap/seed,blog_post,L4 Content,broker_distribution,True,47.2,True,False,https://diceus.com/how-to-create-custom-insurance-brokerage-software/,True,How to Build Custom Insurance Brokerage Software | DICEUS,57,1.0,Custom insurance brokerage software development — learn how to build a bespoke management platform for insurance brokers.,121,1.0,How to create custom insurance brokerage software,1,1.0,6.0,2184,Answer;Article;BreadcrumbList;EntryPoint;FAQPage;ImageObject;ListItem;Organization;Person;Question;ReadAction;SearchAction;WebPage;WebSite,False,2024-03-14T11:00:00+00:00,2024-11-20T19:02:44+00:00,2.0,49,4,301,0,0,1.291,0.302,how to create custom insurance brokerage software,0.162,https://diceus.com/how-to-build-custom-crm-for-insurance-agents/,90,297,0.0,x-default,en,False,False,False
https://diceus.com/what-is-onsite-offshore-model/,/what-is-onsite-offshore-model/,200,,True,post-sitemap.xml,2024-11-21T08:38:11+00:00,sitemap/seed,blog_post,L4 Content,,False,0.0,True,False,https://diceus.com/what-is-onsite-offshore-model/,True,"Onsite and Offshore Model: Meaning, Benefits, and Differences",61,1.0,"Confused about onsite, offshore, and hybrid models? Discover the best fit for your project and learn how to maximize team efficiency.",133,1.0,What is onsite and offshore model? Hybrid delivery models,1,1.0,12.0,2754,Answer;Article;BreadcrumbList;CommentAction;EntryPoint;FAQPage;ImageObject;ListItem;Organization;Person;Question;ReadAction;SearchAction;WebPage;WebSite,False,2024-05-27T06:00:00+00:00,2024-11-21T08:38:11+00:00,3.0,13,13,304,0,0,0.199,0.553,"what is onsite and offshore model? hybrid delivery models, “onsite and offshore model: meaning, benefits, and differenc, onsite and offshore model",0.197,https://diceus.com/offshore-dedicated-team/,156,316,0.0,x-default,en,False,False,False
https://diceus.com/how-to-migrate-classic-asp-to-asp-net/,/how-to-migrate-classic-asp-to-asp-net/,200,,True,post-sitemap.xml,2024-11-21T09:08:15+00:00,sitemap/seed,blog_post,L4 Content,,False,0.5,True,False,https://diceus.com/how-to-migrate-classic-asp-to-asp-net/,True,Classic ASP to ASP.NET Migration: Roadmap,41,1.0,"Learn how to migrate from Classic ASP to ASP.NET: Pre-migration, migration, and post-migration steps.",101,1.0,How to migrate from Classic ASP to ASP.NET,1,1.0,7.0,1946,Article;BreadcrumbList;EntryPoint;ImageObject;ListItem;Organization;Person;ReadAction;SearchAction;WebPage;WebSite,False,2023-12-28T14:58:04+00:00,2024-11-21T09:08:15+00:00,4.0,2,2,299,0,0,0.188,0.25,how to migrate from classic asp to asp.net,0.298,https://diceus.com/migrating-asp-to-asp-net-reasons-benefits-business/,141,299,0.0,x-default,en,False,False,False
https://diceus.com/what-is-custom-ams-software/,/what-is-custom-ams-software/,200,,True,post-sitemap.xml,2024-11-21T13:03:00+00:00,sitemap/seed,blog_post,L4 Content,broker_distribution,True,18.6,True,False,https://diceus.com/what-is-custom-ams-software/,True,How to Build Insurance Agency Management Software | DICEUS,58,1.0,Find out all the essential info about how to build insurance agency management software and what the benefits of custom systems are.,132,1.0,How to build insurance agency management software: Benefits of custom systems,1,1.0,10.0,4037,Answer;Article;BreadcrumbList;EntryPoint;FAQPage;ImageObject;ListItem;Organization;Person;Question;ReadAction;SearchAction;WebPage;WebSite,False,2024-06-24T10:44:41+00:00,2024-11-21T13:03:00+00:00,2.0,56,11,302,0,0,1.311,0.602,"how to build insurance agency management software: benefits , how to build insurance agency management software, custom ams insurance software",0.166,https://diceus.com/insurance-broker-software/,281,333,0.0,x-default,en,False,False,False
https://diceus.com/how-to-migrate-data-erp/,/how-to-migrate-data-erp/,200,,True,post-sitemap.xml,2024-11-21T13:54:51+00:00,sitemap/seed,blog_post,L4 Content,data_analytics_dwh,True,0.0,True,False,https://diceus.com/how-to-migrate-data-erp/,True,ERP Data Migration: Checklist and Best Practices | DICEUS,57,1.0,Here are five steps to help you streamline the process and execute a successful ERP data migration. Learn best practices for successful ERP data migration.,155,1.0,How to safely migrate data from one ERP to another,1,1.0,8.0,1996,Answer;Article;BreadcrumbList;CommentAction;EntryPoint;FAQPage;ImageObject;ListItem;Organization;Person;Question;ReadAction;SearchAction;WebPage;WebSite,False,2023-10-18T07:00:00+00:00,2024-11-21T13:54:51+00:00,3.0,3,3,307,0,0,0.189,0.288,"how to safely migrate data from one erp to another, erp",0.154,https://diceus.com/data-migration-strategies-and-challenges/,108,302,0.0,x-default,en,False,False,False
https://diceus.com/data-migration-strategies-and-challenges/,/data-migration-strategies-and-challenges/,200,,True,post-sitemap.xml,2024-11-21T14:16:06+00:00,sitemap/seed,blog_post,L4 Content,data_analytics_dwh,True,1.2,True,False,https://diceus.com/data-migration-strategies-and-challenges/,True,Data Migration Strategy: Best Practices and Key Pitfalls | DICEUS,65,1.0,Planning a cloud data migration? This guide equips you with best practices for a smooth transition. Boost migration and leverage the power of the cloud!,152,1.0,How to develop an effective data migration strategy,1,1.0,9.0,4076,Answer;Article;BreadcrumbList;CommentAction;EntryPoint;FAQPage;ImageObject;ListItem;Organization;Person;Question;ReadAction;SearchAction;WebPage;WebSite,False,2024-06-11T07:32:41+00:00,2024-11-21T14:16:06+00:00,3.0,15,15,306,0,0,0.201,0.496,"how to develop an effective data migration strategy, data migration strategy, an effective strategy",0.216,https://diceus.com/cloud-migration-project-plan-11-steps/,132,326,0.0,x-default,en,False,False,False
https://diceus.com/ai-for-data-engineering/,/ai-for-data-engineering/,200,,True,post-sitemap.xml,2024-11-21T14:51:11+00:00,sitemap/seed,blog_post,L4 Content,data_analytics_dwh,True,2.7,True,False,https://diceus.com/ai-for-data-engineering/,True,AI and Data Engineering: What It Is & How It Works | DICEUS,59,1.0,"Learn about the business advantages of artificial intelligence for data engineering, the process of its implementation, and disruptive AI tools and dashboards.",159,1.0,AI for data engineering: Use cases and key benefits,1,1.0,8.0,2567,Answer;Article;BreadcrumbList;EntryPoint;FAQPage;ImageObject;ListItem;Organization;Person;Question;ReadAction;SearchAction;WebPage;WebSite,False,2024-08-28T09:26:57+00:00,2024-11-21T14:51:11+00:00,3.0,19,19,302,0,0,0.204,0.791,"ai for data engineering: use cases and key benefits, data engineering, artificial intelligence (ai) for data engineering",0.234,https://diceus.com/ai-for-data-analytics/,111,313,0.0,x-default,en,False,False,False
https://diceus.com/ai-in-banking-use-cases-and-benefits/,/ai-in-banking-use-cases-and-benefits/,200,,True,post-sitemap.xml,2024-11-21T16:45:42+00:00,sitemap/seed,blog_post,L4 Content,,False,0.7,True,False,https://diceus.com/ai-in-banking-use-cases-and-benefits/,True,AI in Banking Industry: Use Cases and Key Benefits | DICEUS,59,1.0,Learn how artificial intelligence in banking impacts customer experience and read about the benefits of AI in the banking sector.,129,1.0,Artificial intelligence in banking: Role and impact for the industry,1,1.0,8.0,4444,Answer;Article;BreadcrumbList;EntryPoint;FAQPage;ImageObject;ListItem;Organization;Person;Question;ReadAction;SearchAction;WebPage;WebSite,False,2024-06-27T09:48:45+00:00,2024-11-21T16:45:42+00:00,2.0,20,20,306,0,0,0.219,0.923,"artificial intelligence in banking: role and impact for the , how banks use artificial intelligence, machine learning mechanisms",0.208,https://diceus.com/artificial-intelligence-in-fintech/,203,333,0.0,x-default,en,False,False,False
https://diceus.com/ai-in-insurance-fraud-detection/,/ai-in-insurance-fraud-detection/,200,,True,post-sitemap.xml,2024-11-21T16:55:46+00:00,sitemap/seed,blog_post,L4 Content,fraud,True,32.7,True,False,https://diceus.com/ai-in-insurance-fraud-detection/,True,AI for Insurance Fraud Detection | DICEUS,41,1.0,AI for insurance fraud detection is a technology that will revolutionize the sector and help companies address the scam challenges they face.,141,1.0,Artificial intelligence and fraud detection software in insurance,1,1.0,5.0,1745,Answer;Article;BreadcrumbList;EntryPoint;FAQPage;ImageObject;ListItem;Organization;Person;Question;ReadAction;SearchAction;WebPage;WebSite,False,2024-02-16T08:47:11+00:00,2024-11-21T16:55:46+00:00,2.0,56,11,304,0,0,1.319,0.507,"artificial intelligence and fraud detection software in insu, fraud detection",0.247,https://diceus.com/insurance/fraud-detection-software/,124,294,0.0,x-default,en,False,False,False
https://diceus.com/medical-insurance-verification-software/,/medical-insurance-verification-software/,200,,True,post-sitemap.xml,2024-11-21T19:04:45+00:00,sitemap/seed,blog_post,L4 Content,,True,30.2,True,False,https://diceus.com/medical-insurance-verification-software/,True,Medical Insurance Verification Software: Key Features and Benefits,66,1.0,"Learn about medical insurance verification software: how to create, features, types, advantages, and benefits of custom healthcare IT products.",143,1.0,Medical insurance verification software: Types and advantages,1,1.0,11.0,3474,Answer;Article;BreadcrumbList;CommentAction;EntryPoint;FAQPage;ImageObject;ListItem;Organization;Person;Question;ReadAction;SearchAction;WebPage;WebSite,False,2024-07-19T07:00:00+00:00,2024-11-21T19:04:45+00:00,2.0,54,9,302,0,0,1.295,0.412,"medical insurance verification software: types and advantage, get medical insurance verification software in 4 simple step, electronic health records (ehr) software",0.227,https://diceus.com/how-to-create-custom-medical-insurance-billing-software/,151,315,0.0,x-default,en,False,False,False
https://diceus.com/ai-for-predictive-analytics/,/ai-for-predictive-analytics/,200,,True,post-sitemap.xml,2024-11-22T08:31:51+00:00,sitemap/seed,blog_post,L4 Content,data_analytics_dwh,True,2.0,True,False,https://diceus.com/ai-for-predictive-analytics/,True,AI and Predictive Analytics: What It Is & How It Works | DICEUS,63,1.0,"Key advantages of artificial intelligence for predictive analytics provide companies with AI tools and dashboards, enabling them to optimize business processes.",160,1.0,AI for predictive analytics: Use cases and key benefits,1,1.0,7.0,2538,Answer;Article;BreadcrumbList;EntryPoint;FAQPage;ImageObject;ListItem;Organization;Person;Question;ReadAction;SearchAction;WebPage;WebSite,False,2024-10-25T09:29:38+00:00,2024-11-22T08:31:51+00:00,3.0,11,11,303,0,0,0.202,0.58,"ai for predictive analytics: use cases and key benefits, enormous predictive power, improve predictive analytics",0.227,https://diceus.com/ai-in-financial-modeling/,120,303,0.0,x-default,en,False,False,False
https://diceus.com/ai-for-data-analytics/,/ai-for-data-analytics/,200,,True,post-sitemap.xml,2024-11-22T08:33:25+00:00,sitemap/seed,blog_post,L4 Content,data_analytics_dwh,True,1.3,True,False,https://diceus.com/ai-for-data-analytics/,True,AI for Data Analytics: The Ultimate Guide for 2025 | DICEUS,59,1.0,"By leveraging AI in data analytics, you will harness cutting-edge technology, providing innovative tools to boost key business processes within your company.",157,1.0,Data analytics and artificial intelligence: Essentials,1,1.0,6.0,2264,Answer;Article;BreadcrumbList;EntryPoint;FAQPage;ImageObject;ListItem;Organization;Person;Question;ReadAction;SearchAction;WebPage;WebSite,False,2024-10-25T14:07:58+00:00,2024-11-22T08:33:25+00:00,3.0,11,11,301,0,0,0.206,0.521,"data analytics and artificial intelligence: essentials, data analytics, ai-fueled data analytics",0.28,https://diceus.com/ai-for-data-visualization/,176,301,0.0,x-default,en,False,False,False
https://diceus.com/ai-for-data-visualization/,/ai-for-data-visualization/,200,,True,post-sitemap.xml,2024-11-22T08:35:52+00:00,sitemap/seed,blog_post,L4 Content,data_analytics_dwh,True,0.8,True,False,https://diceus.com/ai-for-data-visualization/,True,AI for Data Visualization: What It Is & How It Works | DICEUS,61,1.0,"When businesses harness AI for data visualization, they obtain robust AI analytics tools and dashboards that boost the efficiency of their pipeline processes.",158,1.0,Artificial intelligence for data visualization: How to use AI in 2025,1,1.0,7.0,2425,Answer;Article;BreadcrumbList;EntryPoint;FAQPage;ImageObject;ListItem;Organization;Person;Question;ReadAction;SearchAction;WebPage;WebSite,False,2024-10-24T11:15:21+00:00,2024-11-22T08:35:52+00:00,3.0,8,8,302,0,0,0.2,0.501,"artificial intelligence for data visualization: how to use a, data visualization",0.28,https://diceus.com/ai-for-data-analytics/,166,315,0.0,x-default,en,False,False,False
https://diceus.com/why-flutter-is-a-worthy-toolkit-for-your-mobile-app-development/,/why-flutter-is-a-worthy-toolkit-for-your-mobile-app-development/,200,,True,post-sitemap.xml,2024-11-22T09:07:24+00:00,sitemap/seed,blog_post,L4 Content,,False,0.0,True,False,https://diceus.com/why-flutter-is-a-worthy-toolkit-for-your-mobile-app-development/,True,Flutter App Development: Pros and Cons | DICEUS,47,1.0,"If you are poised to create a cross-platform software product, Flutter mobile app development will be instrumental for the swift and cost-efficient building of high-performance mobile apps.",189,1.0,Pros and cons of Flutter development for your project,1,1.0,9.0,4051,Answer;Article;BreadcrumbList;CommentAction;EntryPoint;FAQPage;ImageObject;ListItem;Organization;Person;Question;ReadAction;SearchAction;WebPage;WebSite,False,2022-09-09T07:00:00+00:00,2024-11-22T09:07:24+00:00,4.0,3,3,303,0,0,0.189,0.282,"“why flutter is a worthy toolkit for your mobile app develop, pros and cons of flutter development for your project, why flutter is a worthy toolkit for your mobile app developm",0.341,https://diceus.com/flutter-app-development-price/,162,318,0.0,x-default,en,False,False,False
https://diceus.com/automated-inventory-system/,/automated-inventory-system/,200,,True,post-sitemap.xml,2024-11-22T09:08:53+00:00,sitemap/seed,blog_post,L4 Content,,False,3.0,True,False,https://diceus.com/automated-inventory-system/,True,Automated Inventory Management: What Is It and Why Is It Important?,67,1.0,"In this article, we’ve described what automated inventory systems are, their advantages and features. Learn how automation of inventory management process can help you improve your profitability.",195,1.0,"Automated inventory system: What is it, and why is it important?",1,1.0,5.0,2011,Article;BreadcrumbList;CommentAction;EntryPoint;ImageObject;ListItem;Organization;Person;ReadAction;SearchAction;WebPage;WebSite,False,2021-07-14T07:19:06+00:00,2024-11-22T09:08:53+00:00,3.0,1,1,300,0,0,0.188,0.252,"automated inventory system: what is it, and why is it import",0.203,https://diceus.com/how-to-improve-inventory-management/,128,291,0.0,x-default,en,False,False,False
https://diceus.com/software-development-process/,/software-development-process/,200,,True,post-sitemap.xml,2024-11-24T19:01:50+00:00,sitemap/seed,blog_post,L4 Content,,False,1.7,True,False,https://diceus.com/software-development-process/,True,How to Develop Software: Key Steps To Get Your Project Done,59,1.0,"Here are key steps of the software development life cycle explained. DICEUS provides the best practices, responsibilities, SDLC and strategies.",143,1.0,Software development process: How an idea turns into value,1,1.0,7.0,3014,Answer;Article;BreadcrumbList;EntryPoint;FAQPage;ImageObject;ListItem;Organization;Person;Question;ReadAction;SearchAction;WebPage;WebSite,False,2024-05-03T07:00:00+00:00,2024-11-24T19:01:50+00:00,3.0,8,8,304,0,0,0.196,0.354,"software development process: how an idea turns into value, develop software, how to develop software",0.136,https://diceus.com/top-7-software-quality-metrics-matter/,147,306,0.0,x-default,en,False,False,False
https://diceus.com/business-intelligence-implementation-guide/,/business-intelligence-implementation-guide/,200,,True,post-sitemap.xml,2024-11-24T20:00:41+00:00,sitemap/seed,blog_post,L4 Content,,False,0.7,True,False,https://diceus.com/business-intelligence-implementation-guide/,True,BI Implementation: A Step-by-Step Guide on Business Intelligence,64,1.0,Key important steps to follow for BI implementation from DICEUS: Learn advantages from the results for your business.,117,1.0,Business intelligence implementation: 10 key steps,1,1.0,8.0,4298,Answer;Article;BreadcrumbList;CommentAction;EntryPoint;FAQPage;ImageObject;ListItem;Organization;Person;Question;ReadAction;SearchAction;WebPage;WebSite,False,2024-06-24T12:00:00+00:00,2024-11-24T20:00:41+00:00,3.0,17,17,309,0,0,0.206,0.668,"business intelligence implementation: 10 key steps, bi implementation: a step-by-step guide, “business intelligence implementation: 10 key steps”",0.173,https://diceus.com/data-warehousing-and-bi/,130,329,0.0,x-default,en,False,False,False
https://diceus.com/enterprise-software-development-guide/,/enterprise-software-development-guide/,200,,True,post-sitemap.xml,2024-11-24T20:03:15+00:00,sitemap/seed,blog_post,L4 Content,,False,1.3,True,False,https://diceus.com/enterprise-software-development-guide/,True,How to Build Enterprise Software: Ultimate Guide | DICEUS,57,1.0,Use this guide to delve deeply into the enterprise software development process. Read what resources are needed to create enterprise-level software.,148,1.0,Enterprise software development: Full process,1,1.0,13.0,5521,Answer;Article;BreadcrumbList;CommentAction;EntryPoint;FAQPage;ImageObject;ListItem;Organization;Person;Question;ReadAction;SearchAction;WebPage;WebSite,False,2024-05-15T09:00:00+00:00,2024-11-24T20:03:15+00:00,3.0,13,13,312,0,0,0.203,0.57,"enterprise software development: full process, “how to build enterprise software: ultimate guide”, enterprise software",0.157,https://diceus.com/enterprise-mobile-application-development-guide/,154,334,0.0,x-default,en,False,False,False
https://diceus.com/cloud-migration-project-plan-11-steps/,/cloud-migration-project-plan-11-steps/,200,,True,post-sitemap.xml,2024-11-24T20:49:42+00:00,sitemap/seed,blog_post,L4 Content,,False,1.0,True,False,https://diceus.com/cloud-migration-project-plan-11-steps/,True,How To Create a Successful Cloud Migration Plan for Enterprises,63,1.0,Follow our step-by-step cloud migration project plan for a successful transition. Get a template and expert guidance to streamline the process.,143,1.0,Project plan for cloud migration: Key steps on the road to success,1,1.0,16.0,3000,Answer;Article;BreadcrumbList;CommentAction;EntryPoint;FAQPage;ImageObject;ListItem;Organization;Person;Question;ReadAction;SearchAction;WebPage;WebSite,False,2024-06-19T09:10:00+00:00,2024-11-24T20:49:42+00:00,2.0,21,21,306,0,0,0.222,0.704,"project plan for cloud migration: key steps on the road to s, how to create a cloud migration plan, project plan for cloud migration",0.249,https://diceus.com/guide-to-effective-cloud-transformation-from-experts/,165,307,0.0,x-default,en,False,False,False
https://diceus.com/it-security-strategy-plan/,/it-security-strategy-plan/,200,,True,post-sitemap.xml,2024-11-24T21:19:14+00:00,sitemap/seed,blog_post,L4 Content,,False,0.6,True,False,https://diceus.com/it-security-strategy-plan/,True,IT Security Strategy: How to Build a Cyber Security Strategic Plan,66,1.0,IT security strategy | 5-stage roadmap from DICEUS experts - Read this guide to know cybersecurity essentials!,110,1.0,IT security strategy: Essentials you should know to create an effective plan,1,1.0,13.0,3293,Answer;Article;BreadcrumbList;EntryPoint;FAQPage;ImageObject;ListItem;Organization;Person;Question;ReadAction;SearchAction;WebPage;WebSite,False,2023-06-15T14:33:08+00:00,2024-11-24T21:19:14+00:00,,0,0,300,0,0,0.187,0.219,,0.187,https://diceus.com/what-is-the-primary-purpose-of-penetration-testing/,228,315,0.0,x-default,en,True,True,False
https://diceus.com/ai-in-insurance-underwriting/,/ai-in-insurance-underwriting/,200,,True,post-sitemap.xml,2024-11-24T21:23:35+00:00,sitemap/seed,blog_post,L4 Content,underwriting,True,51.0,True,False,https://diceus.com/ai-in-insurance-underwriting/,True,AI in Insurance Underwriting: Key Benefits for Industry | DICEUS,64,1.0,"Read about the implementation of AI in insurance underwriting, the challenges it faces in the sector, and the benefits the technology brings to insurers.",153,1.0,Benefits of artificial intelligence in insurance underwriting,1,1.0,4.0,1842,Answer;Article;BreadcrumbList;EntryPoint;FAQPage;ImageObject;ListItem;Organization;Person;Question;ReadAction;SearchAction;WebPage;WebSite,False,2024-06-26T07:00:00+00:00,2024-11-24T21:23:35+00:00,2.0,52,7,302,0,0,1.312,0.443,"benefits of artificial intelligence in insurance underwritin, “benefits of artificial intelligence in insurance underwriti, benefits of ai in underwriting",0.202,https://diceus.com/artificial-intelligence-in-car-insurance/,117,296,0.0,x-default,en,False,False,False
https://diceus.com/ai-in-analytics/,/ai-in-analytics/,200,,True,post-sitemap.xml,2024-11-24T21:25:02+00:00,sitemap/seed,blog_post,L4 Content,data_analytics_dwh,True,41.8,True,False,https://diceus.com/ai-in-analytics/,True,The Power of Insurance Analytics and Artificial Intelligence,60,1.0,"Essentials of insurance analytics and AI: Use cases of technology, implementation benefits, and challenges. Key features of AI and analytics solution for insurance.",164,1.0,Insurance analytics and artificial intelligence,1,1.0,6.0,1484,Answer;Article;BreadcrumbList;EntryPoint;FAQPage;ImageObject;ListItem;Organization;Person;Question;ReadAction;SearchAction;WebPage;WebSite,False,2024-02-07T07:01:49+00:00,2024-11-24T21:25:02+00:00,2.0,57,12,299,0,0,1.316,0.538,"insurance analytics and artificial intelligence, insurance analytics, “insurance analytics and artificial intelligence”",0.228,https://diceus.com/ai-in-insurance-fraud-detection/,134,292,0.0,x-default,en,False,False,False
https://diceus.com/best-data-warehouse-solutions/,/best-data-warehouse-solutions/,200,,True,post-sitemap.xml,2024-11-24T21:28:49+00:00,sitemap/seed,blog_post,L4 Content,data_analytics_dwh,True,0.8,True,False,https://diceus.com/best-data-warehouse-solutions/,True,Top 7 Data Warehouse Solutions | DICEUS,39,1.0,"In this article, you will see comparisons of prices, performance, features, stability, and more. Don't waste money on a product that isn't right for your business. With our help, you will make the right decision in choosing the product you are looking for.",256,1.0,Best data warehouse solutions: Professional overview by DICEUS,1,1.0,6.0,2409,Article;BreadcrumbList;CommentAction;EntryPoint;ImageObject;ListItem;Organization;Person;ReadAction;SearchAction;WebPage;WebSite,False,2021-09-09T07:56:11+00:00,2024-11-24T21:28:49+00:00,3.0,2,2,307,0,0,0.188,0.246,"best data warehouse vendors, best data warehouse solutions: professional overview by dice",0.242,https://diceus.com/case-studies/data-warehouse-for-bank/,122,295,1.0,x-default,en,False,False,False
https://diceus.com/best-pen-testing-tools-for-cybersecurity/,/best-pen-testing-tools-for-cybersecurity/,200,,True,post-sitemap.xml,2024-11-24T22:52:38+00:00,sitemap/seed,blog_post,L4 Content,,False,1.1,True,False,https://diceus.com/best-pen-testing-tools-for-cybersecurity/,True,The Best Penetration Testing Tools 2025-2026: a Complete Guide,62,1.0,Penetration testing is a security exercise that can help make your business better protected. Learn more about the most popular pentesting tools.,145,1.0,Best pen testing tools 2025-2026: Pro services for your cybersecurity,1,1.0,7.0,2852,Article;BreadcrumbList;EntryPoint;ImageObject;ListItem;Organization;Person;ReadAction;SearchAction;WebPage;WebSite,False,2023-07-10T07:43:35+00:00,2024-11-24T22:52:38+00:00,,0,0,301,0,0,0.187,0.219,,0.252,https://diceus.com/what-is-the-primary-purpose-of-penetration-testing/,4562,300,0.0,x-default,en,True,True,False
https://diceus.com/flutter-app-development-price/,/flutter-app-development-price/,200,,True,post-sitemap.xml,2024-11-24T23:05:56+00:00,sitemap/seed,blog_post,L4 Content,,False,0.7,True,False,https://diceus.com/flutter-app-development-price/,True,Flutter App Development Cost in 2025: Flutter App Price Constituents,68,1.0,Our tips will help you reduce Flutter app development cost that can vary considerably depending on the location of the developer and the complexity of the app.,159,1.0,Flutter app development cost estimation in 2026,1,1.0,6.0,2710,Article;BreadcrumbList;CommentAction;EntryPoint;ImageObject;ListItem;Organization;Person;ReadAction;SearchAction;WebPage;WebSite,False,2022-01-27T09:30:00+00:00,2024-11-24T23:05:56+00:00,4.0,1,1,301,0,0,0.188,0.24,calculating the cost: flutter app price constituents and ove,0.341,https://diceus.com/why-flutter-is-a-worthy-toolkit-for-your-mobile-app-development/,96,296,0.0,x-default,en,False,False,False
https://diceus.com/hospital-app-development/,/hospital-app-development/,200,,True,post-sitemap.xml,2024-12-04T09:38:01+00:00,sitemap/seed,blog_post,L4 Content,,False,2.3,True,False,https://diceus.com/hospital-app-development/,True,Hospital App Development in 2025: The Ultimate Guide | DICEUS,61,1.0,"Here's a guide on hospital app development, including lists of features for doctors, patients, and hospital staff.",114,1.0,Hospital mobile app development: Benefits and key features,1,1.0,8.0,3464,Answer;Article;BreadcrumbList;EntryPoint;FAQPage;ImageObject;ListItem;Organization;Person;Question;ReadAction;SearchAction;WebPage;WebSite,False,2024-04-24T13:21:15+00:00,2024-12-04T09:38:01+00:00,2.0,11,11,311,0,0,0.205,0.536,"hospital mobile app development: benefits and key features, payment gateways",0.317,https://diceus.com/guide-telemedicine-app-development/,104,316,0.0,x-default,en,False,False,False
https://diceus.com/microservices-vs-monolith/,/microservices-vs-monolith/,200,,True,post-sitemap.xml,2024-12-04T11:51:38+00:00,sitemap/seed,blog_post,L4 Content,,False,0.3,True,False,https://diceus.com/microservices-vs-monolith/,True,Monolithic vs Microservices Architecture: Pros and Cons | DICEUS,64,1.0,What is the difference between microservices and monolithic? Explore our comparison of these architectures and find the best one for your business.,147,1.0,Monolithic vs microservices architecture: Which is better?,1,1.0,8.0,3254,Answer;Article;BreadcrumbList;CommentAction;EntryPoint;FAQPage;ImageObject;ListItem;Organization;Person;Question;ReadAction;SearchAction;WebPage;WebSite,False,2024-05-28T08:00:00+00:00,2024-12-04T11:51:38+00:00,3.0,11,11,300,0,0,0.198,0.509,"microservices, monolithic vs microservices architecture: which is better?, microservices vs monolith: which architecture is better?",0.305,https://diceus.com/best-tips-for-migrating-from-monolith-to-microservices/,118,306,0.0,x-default,en,False,False,False
https://diceus.com/why-is-java-so-popular/,/why-is-java-so-popular/,200,,True,post-sitemap.xml,2024-12-16T11:04:19+00:00,sitemap/seed,blog_post,L4 Content,,False,0.8,True,False,https://diceus.com/why-is-java-so-popular/,True,Pros and Cons of Java: Main Advantages and Disadvantages | DICEUS,65,1.0,The article informs about the pros and cons of Java as a programming language and lists software products that can be built using Java.,135,1.0,Pros and cons of Java development for your project,1,1.0,7.0,2420,Answer;Article;BreadcrumbList;CommentAction;EntryPoint;FAQPage;ImageObject;ListItem;Organization;Person;Question;ReadAction;SearchAction;WebPage;WebSite,False,2022-08-05T06:00:00+00:00,2024-12-16T11:04:19+00:00,5.0,1,1,308,0,0,0.188,0.232,why is java still dominant? 10 important reasons,0.215,https://diceus.com/java-vs-net/,183,295,0.0,x-default,en,False,False,False
https://diceus.com/how-to-develop-a-digital-transformation-strategy/,/how-to-develop-a-digital-transformation-strategy/,200,,True,post-sitemap.xml,2024-12-16T11:07:49+00:00,sitemap/seed,blog_post,L4 Content,,True,25.5,True,False,https://diceus.com/how-to-develop-a-digital-transformation-strategy/,True,Digital Transformation in Insurance: How to Develop and Implement,65,1.0,Read a step-by-step guide on how to develop and implement a digital transformation strategy for an insurance company.,117,1.0,Digital transformation strategy for the insurance industry: development and implementation plan,1,1.0,11.0,2156,Answer;Article;BreadcrumbList;EntryPoint;FAQPage;ImageObject;ListItem;Organization;Person;Question;ReadAction;SearchAction;WebPage;WebSite,False,2024-01-30T09:00:00+00:00,2024-12-16T11:07:49+00:00,2.0,61,16,308,0,0,1.318,0.646,"digital transformation strategy for the insurance industry: , digital transformation strategy in the field, digital transformation in insurance",0.146,https://diceus.com/how-to-transform-business-with-digital-transformation-consulting/,157,298,0.0,x-default,en,False,False,False
https://diceus.com/mobile-banking-trends/,/mobile-banking-trends/,200,,True,post-sitemap.xml,2024-12-16T15:02:44+00:00,sitemap/seed,blog_post,L4 Content,,False,1.2,True,False,https://diceus.com/mobile-banking-trends/,True,Top Mobile Banking Trends in 2025-2026 | DICEUS,47,1.0,Discover the reasons for the popularity of online banking and find out current mobile banking trends that will continue to carry the day in 2026 as well.,153,1.0,Mobile banking trends 2025-2026,1,1.0,10.0,2526,Answer;Article;BreadcrumbList;EntryPoint;FAQPage;ImageObject;ListItem;Organization;Person;Question;ReadAction;SearchAction;WebPage;WebSite,False,2024-04-02T13:50:44+00:00,2024-12-16T15:02:44+00:00,3.0,6,6,311,0,0,0.191,0.397,"mobile banking trends 2025-2026, mobile banking trends, mobile banking is a disruptive sector",0.233,https://diceus.com/how-to-build-a-mobile-banking-app/,218,305,0.0,x-default,en,False,False,False
https://diceus.com/insurance-broker-software/,/insurance-broker-software/,200,,True,post-sitemap.xml,2024-12-18T14:18:18+00:00,sitemap/seed,blog_post,L4 Content,broker_distribution,True,47.7,True,False,https://diceus.com/insurance-broker-software/,True,Custom Insurance Broker Software: Features & Benefits | DICEUS,62,1.0,"Explore insurance broker software in our guide, detailing key features, benefits, and custom insurtech solutions for your business.",131,1.0,Custom insurance broker software: How to develop and use effectively,1,1.0,11.0,4215,Answer;Article;BreadcrumbList;CommentAction;EntryPoint;FAQPage;ImageObject;ListItem;Organization;Person;Question;ReadAction;SearchAction;WebPage;WebSite,False,2024-12-18T06:00:00+00:00,2024-12-18T14:18:18+00:00,2.0,58,13,307,0,0,1.32,0.636,"custom insurance broker software: how to develop and use eff, custom insurance broker software: features and benefits, custom insurance broker software",0.166,https://diceus.com/what-is-custom-ams-software/,175,327,0.0,x-default,en,False,False,False
https://diceus.com/erp-for-transport-company/,/erp-for-transport-company/,200,,True,post-sitemap.xml,2025-01-02T10:58:01+00:00,sitemap/seed,blog_post,L4 Content,,False,1.7,True,False,https://diceus.com/erp-for-transport-company/,True,ERP for Transport Company: Everyhting You Want to Know - Diceus,63,1.0,"Understand how ERP for transport company works, what are the benefits of this software, and how advantages can help in solving logistics industry issues.",153,1.0,ERP for transport company: Design and implementation guide,1,1.0,6.0,2300,Answer;Article;BreadcrumbList;CommentAction;EntryPoint;FAQPage;ImageObject;ListItem;Organization;Person;Question;ReadAction;SearchAction;WebPage;WebSite,False,2020-04-16T14:06:00+00:00,2025-01-02T10:58:01+00:00,2.0,1,1,302,0,0,0.195,0.323,erp for transport company: design and implementation guide,0.162,https://diceus.com/erp-for-banking-industry/,154,298,1.0,x-default,en,False,False,False
https://diceus.com/flexible-insurance/,/flexible-insurance/,200,,True,post-sitemap.xml,2025-01-03T14:01:39+00:00,sitemap/seed,blog_post,L4 Content,,True,44.0,True,False,https://diceus.com/flexible-insurance/,True,Flexible Insurance: Powerful Software Solution | DICEUS,55,1.0,"A flexible choice of benefits, no administrative routine, and full satisfaction of the clients - powerful software solutions for insurance brokers.",147,1.0,Flexible insurance: Powerful software solutions,1,1.0,3.0,3094,Article;BreadcrumbList;CommentAction;EntryPoint;ImageObject;ListItem;Organization;Person;ReadAction;SearchAction;WebPage;WebSite,False,2019-02-28T07:56:00+00:00,2025-01-03T14:01:39+00:00,,0,0,305,0,0,0.187,0.219,,0.134,https://diceus.com/health-insurance-quoting-software/,176,305,0.0,x-default,en,True,True,False
https://diceus.com/enterprise-mobile-application-development-guide/,/enterprise-mobile-application-development-guide/,200,,True,post-sitemap.xml,2025-01-08T14:29:05+00:00,sitemap/seed,blog_post,L4 Content,,False,0.5,True,False,https://diceus.com/enterprise-mobile-application-development-guide/,True,Enterprise Mobile App Development: Benefits & Features | DICEUS,63,1.0,"Build successful enterprise mobile apps! Discover benefits, features, a step-by-step development guide, and how to overcome challenges.",135,1.0,Enterprise mobile application development: Types and key challenges,1,1.0,12.0,5642,Answer;Article;BreadcrumbList;CommentAction;EntryPoint;FAQPage;ImageObject;ListItem;Organization;Person;Question;ReadAction;SearchAction;WebPage;WebSite,False,2024-06-28T07:00:00+00:00,2025-01-08T14:29:05+00:00,3.0,23,23,311,0,0,0.214,0.812,"enterprise mobile application development: types and key cha, enterprise apps, enterprise mobile application development: a detailed guide",0.157,https://diceus.com/why-flutter-is-a-worthy-toolkit-for-your-mobile-app-development/,138,345,0.0,x-default,en,False,False,False
https://diceus.com/customer-journey-mapping-for-insurance/,/customer-journey-mapping-for-insurance/,200,,True,post-sitemap.xml,2025-01-16T14:25:04+00:00,sitemap/seed,blog_post,L4 Content,customer_portal_cx,True,25.3,True,False,https://diceus.com/customer-journey-mapping-for-insurance/,True,Insurance Customer Journey Map: Full Guide | DICEUS,51,1.0,Learn more about customer journey map for insurance and insurtech. Create stunning user and customer experiences (UX/CX).,121,1.0,Customer journey mapping for insurance: Unlock the secrets of stunning customer experience,1,1.0,7.0,3474,Answer;Article;BreadcrumbList;EntryPoint;FAQPage;ImageObject;ListItem;Organization;Person;Question;ReadAction;SearchAction;WebPage;WebSite,False,2024-04-08T07:00:00+00:00,2025-01-16T14:25:04+00:00,2.0,54,9,304,0,0,1.31,0.426,"customer journey mapping for insurance: unlock the secrets o, customer journey mapping: unlock the secrets of stunning cus, customer journey mapping",0.2,https://diceus.com/how-to-create-improve-cx-for-insurance/,185,309,0.0,x-default,en,False,False,False
https://diceus.com/predictive-analytics-tools/,/predictive-analytics-tools/,200,,True,post-sitemap.xml,2025-01-16T14:27:14+00:00,sitemap/seed,blog_post,L4 Content,data_analytics_dwh,True,2.7,True,False,https://diceus.com/predictive-analytics-tools/,True,Predictive Analytics Tools and Software: How to Employ to Combat Churn?,71,1.0,Predictive analytics tools are effective means of identifying customers who are likely to churn and channeling a company’s efforts into minimizing attrition.,157,1.0,Leveraging predictive analytics tools to reduce customer churn in any industry,1,1.0,8.0,2600,Article;BreadcrumbList;CommentAction;EntryPoint;ImageObject;ListItem;Organization;Person;ReadAction;SearchAction;WebPage;WebSite,False,2021-05-18T14:08:13+00:00,2025-01-16T14:27:14+00:00,4.0,1,1,303,0,0,0.188,0.245,reduce customer churn,0.239,https://diceus.com/customer-analytics-software-for-banks/,276,309,0.0,x-default,en,False,False,False
https://diceus.com/implement-data-warehouse-bank-9-months/,/implement-data-warehouse-bank-9-months/,200,,True,post-sitemap.xml,2025-01-23T10:13:10+00:00,sitemap/seed,blog_post,L4 Content,data_analytics_dwh,True,0.9,True,False,https://diceus.com/implement-data-warehouse-bank-9-months/,True,Data Warehouse Implementation: 10 Tips to implement DWH for a Bank,66,1.0,We´ve prepared 10 expert recommendations on implementing a data warehouse. Discover how to implement a data warehouse for a bank in 9 months.,141,1.0,10 tips to implement a data warehouse for a bank in 9 months,1,1.0,3.0,2312,Article;BreadcrumbList;CommentAction;EntryPoint;ImageObject;ListItem;Organization;Person;ReadAction;SearchAction;WebPage;WebSite,False,2021-09-27T05:00:00+00:00,2025-01-23T10:13:10+00:00,3.0,4,4,305,0,0,0.19,0.287,"10 tips to implement a data warehouse for a bank in 9 months, how to implement a dwh for bank, 10 tips to implement a dwh for bank in 9 months",0.147,https://diceus.com/how-to-build-a-data-warehouse/,203,293,0.0,x-default,en,False,False,False
https://diceus.com/oracle-flexcube-core-banking-expertise/,/oracle-flexcube-core-banking-expertise/,200,,True,post-sitemap.xml,2025-02-14T13:12:07+00:00,sitemap/seed,blog_post,L4 Content,,False,1.8,True,False,https://diceus.com/oracle-flexcube-core-banking-expertise/,True,Oracle FLEXCUBE Core Banking System: Benefits and Features,58,1.0,"Oracle's FLEXCUBE core banking system: See this comprehensive guide to learn more about features, advantages, services, and more.",129,1.0,Oracle FLEXCUBE core banking: DICEUS expertise,1,1.0,8.0,2183,Answer;Article;BreadcrumbList;EntryPoint;FAQPage;ImageObject;ListItem;Organization;Person;Question;ReadAction;SearchAction;WebPage;WebSite,False,2024-03-07T10:00:00+00:00,2025-02-14T13:12:07+00:00,2.0,8,8,302,0,0,0.22,0.704,"oracle flexcube core banking: diceus expertise, “oracle flexcube core banking system: benefits and features”, oracle flexcube",0.202,https://diceus.com/case-studies/oracle-flexcube-modification/,113,299,0.0,x-default,en,False,False,False
https://diceus.com/how-to-build-a-mobile-banking-app/,/how-to-build-a-mobile-banking-app/,200,,True,post-sitemap.xml,2025-02-14T15:06:05+00:00,sitemap/seed,blog_post,L4 Content,,False,0.7,True,False,https://diceus.com/how-to-build-a-mobile-banking-app/,True,How to Build a Mobile Banking App: Step-by-Step Guide | DICEUS,62,1.0,"How to build a mobile banking app: Discover the basics of custom mobile banking application development, the benefits, features, and design.",140,1.0,"Mobile banking app development: Benefits, features, and steps to develop",1,1.0,8.0,4020,Answer;Article;BreadcrumbList;EntryPoint;FAQPage;ImageObject;ListItem;Organization;Person;Question;ReadAction;SearchAction;WebPage;WebSite,False,2024-03-18T12:16:30+00:00,2025-02-14T15:06:05+00:00,2.0,21,21,310,0,0,0.216,0.77,"mobile banking app development: benefits, features, and step, mobile banking app development, banking apps",0.3,https://diceus.com/digital-wallet-app-development/,117,314,0.0,x-default,en,False,False,False
https://diceus.com/how-to-automate-insurance-operations-with-technology/,/how-to-automate-insurance-operations-with-technology/,200,,True,post-sitemap.xml,2025-02-17T08:52:43+00:00,sitemap/seed,blog_post,L4 Content,,True,35.3,True,False,https://diceus.com/how-to-automate-insurance-operations-with-technology/,True,"Automation in Insurance: Benefits, Trends, Use Cases | DICEUS",61,1.0,"Learn about the benefits of insurance automation, aspects of the workflow it can improve, current trends, and the necessary steps to implement it.",146,1.0,Insurance automation: How to accelerate processes with technology,1,1.0,7.0,3312,Answer;Article;BreadcrumbList;EntryPoint;FAQPage;ImageObject;ListItem;Organization;Person;Question;ReadAction;SearchAction;WebPage;WebSite,False,2025-01-03T11:00:00+00:00,2025-02-17T08:52:43+00:00,2.0,52,7,311,0,0,1.301,0.367,"how to automate insurance operations with technology, insurance automation: how to accelerate processes with techn, automation of the insurance processes",0.179,https://diceus.com/ai-agent-for-insurance/,195,311,0.0,x-default,en,False,False,False
https://diceus.com/generative-ai-for-enterprises/,/generative-ai-for-enterprises/,200,,True,post-sitemap.xml,2025-02-17T08:53:15+00:00,sitemap/seed,blog_post,L4 Content,,False,2.2,True,False,https://diceus.com/generative-ai-for-enterprises/,True,Generative AI for Enterprises: Use Cases and Key Benefits,57,1.0,"Discover how DICEUS Generative AI transforms enterprises. Explore use cases and key benefits to boost innovation, efficiency, and competitive edge.",147,1.0,Generative AI for enterprises: Challenges and future trends,1,1.0,7.0,3149,Answer;Article;BreadcrumbList;EntryPoint;FAQPage;ImageObject;ListItem;Organization;Person;Question;ReadAction;SearchAction;WebPage;WebSite,False,2024-12-09T14:19:06+00:00,2025-02-17T08:53:15+00:00,3.0,15,15,302,0,0,0.208,0.649,"generative ai for enterprises: challenges and future trends, most serious challenges in the ai technology industry, generative ai",0.261,https://diceus.com/generative-ai-vs-predictive-ai/,168,318,0.0,x-default,en,False,False,False
https://diceus.com/artificial-intelligence-in-healthcare/,/artificial-intelligence-in-healthcare/,200,,True,post-sitemap.xml,2025-02-17T08:55:11+00:00,sitemap/seed,blog_post,L4 Content,,False,1.1,True,False,https://diceus.com/artificial-intelligence-in-healthcare/,True,AI in Healthcare: Benefits and Examples in 2025 | DICEUS,56,1.0,Read about the role of artificial intelligence in healthcare industry and the ways AI technology can improve the business processes and workflows in this field.,160,1.0,Artificial intelligence in healthcare: Top advantages and use cases,1,1.0,7.0,2713,Answer;Article;BreadcrumbList;EntryPoint;FAQPage;ImageObject;ListItem;Organization;Person;Question;ReadAction;SearchAction;WebPage;WebSite,False,2024-10-22T09:29:36+00:00,2025-02-17T08:55:11+00:00,2.0,17,17,305,0,0,0.225,0.865,artificial intelligence in healthcare: top advantages and us,0.269,https://diceus.com/artificial-intelligence-companies-in-healthcare/,131,309,0.0,x-default,en,False,False,False
https://diceus.com/ai-in-financial-modeling/,/ai-in-financial-modeling/,200,,True,post-sitemap.xml,2025-02-17T08:55:25+00:00,sitemap/seed,blog_post,L4 Content,,False,1.5,True,False,https://diceus.com/ai-in-financial-modeling/,True,AI for Financial Modeling: What It Is and How It Works | DICEUS,63,1.0,The advantages of using artificial intelligence for financial modeling let banks revolutionize business processes thanks to innovative AI tools and dashboards.,159,1.0,AI in financial modeling: Use cases and key benefits,1,1.0,9.0,2604,Answer;Article;BreadcrumbList;EntryPoint;FAQPage;ImageObject;ListItem;Organization;Person;Question;ReadAction;SearchAction;WebPage;WebSite,False,2024-10-21T09:25:17+00:00,2025-02-17T08:55:25+00:00,2.0,8,8,303,0,0,0.2,0.592,"ai in financial modeling: use cases and key benefits, scenario modeling",0.227,https://diceus.com/ai-for-predictive-analytics/,147,307,0.0,x-default,en,False,False,False
https://diceus.com/artificial-intelligence-finance/,/artificial-intelligence-finance/,200,,True,post-sitemap.xml,2025-02-17T08:56:31+00:00,sitemap/seed,blog_post,L4 Content,,False,2.3,True,False,https://diceus.com/artificial-intelligence-finance/,True,AI in Finance: How It Works and Key Benefits in 2024 | DICEUS,61,1.0,"This article demonstrated the role of AI in the financial industry. Learn more about its impact on business processes, the range of technology it may offer, and its influence on workflow.",187,1.0,Artificial intelligence in finance: Top advantages and use cases,1,1.0,7.0,2602,Answer;Article;BreadcrumbList;EntryPoint;FAQPage;ImageObject;ListItem;Organization;Person;Question;ReadAction;SearchAction;WebPage;WebSite,False,2024-08-23T06:41:44+00:00,2025-02-17T08:56:31+00:00,2.0,22,22,299,0,0,0.228,1.026,"artificial intelligence in finance: top advantages and use c, “artificial intelligence in finance: top advantages and use , read",0.236,https://diceus.com/artificial-intelligence-in-fintech/,105,314,0.0,x-default,en,False,False,False
https://diceus.com/cloud-computing-healthcare-advantages/,/cloud-computing-healthcare-advantages/,200,,True,post-sitemap.xml,2025-02-25T15:10:31+00:00,sitemap/seed,blog_post,L4 Content,,False,2.0,True,False,https://diceus.com/cloud-computing-healthcare-advantages/,True,Cloud Computing in Healthcare: Benefits and Challenges | DICEUS,63,1.0,"All about cloud computing in the healthcare industry. Discover challenges, benefits and examples of cloud computing in medical field.",133,1.0,Cloud computing in healthcare: Overview and advantages,1,1.0,6.0,2012,Article;BreadcrumbList;CommentAction;EntryPoint;ImageObject;ListItem;Organization;Person;ReadAction;SearchAction;WebPage;WebSite,False,2021-08-11T12:33:46+00:00,2025-02-25T15:10:31+00:00,3.0,1,1,308,0,0,0.188,0.262,cloud computing technologies,0.151,https://diceus.com/iot-in-healthcare/,165,294,0.0,x-default,en,False,False,False
https://diceus.com/solutions-architect-role-and-responsibilities/,/solutions-architect-role-and-responsibilities/,200,,True,post-sitemap.xml,2025-02-25T15:11:51+00:00,sitemap/seed,blog_post,L4 Content,,False,2.0,True,False,https://diceus.com/solutions-architect-role-and-responsibilities/,True,Solution Architect: Role and Responsibilities | DICEUS,54,1.0,"In this article, we explain what is a solution architect and what does he do. Discover his role and responsibilities, required skills and average salary.",153,1.0,Who is a solution architect: Role and responsibilities,1,1.0,5.0,2018,Article;BreadcrumbList;CommentAction;EntryPoint;ImageObject;ListItem;Organization;Person;ReadAction;SearchAction;WebPage;WebSite,False,2021-09-01T11:26:19+00:00,2025-02-25T15:11:51+00:00,,0,0,301,0,0,0.187,0.219,,0.234,https://diceus.com/technical-architect-vs-solution-architect-vs-enterprise-architect/,152,291,0.0,x-default,en,True,True,False
https://diceus.com/14-key-benefits-of-erp/,/14-key-benefits-of-erp/,200,,True,post-sitemap.xml,2025-03-04T13:58:46+00:00,sitemap/seed,blog_post,L4 Content,,False,0.7,True,False,https://diceus.com/14-key-benefits-of-erp/,True,Benefits of ERP System for Your Business: A Comprehensive List,62,1.0,Here are 14 top benefits that ERP implementation can bring to your business. Learn what features CRMs should have.,114,1.0,14 key benefits of ERP having a positive influence on business,1,1.0,7.0,3025,Article;BreadcrumbList;EntryPoint;ImageObject;ListItem;Organization;Person;ReadAction;SearchAction;WebPage;WebSite,False,2023-09-04T05:43:00+00:00,2025-03-04T13:58:46+00:00,4.0,1,1,305,0,0,0.188,0.231,14 benefits of erp having a positive influence on business,0.205,https://diceus.com/erp-software-development/,165,299,0.0,x-default,en,False,False,False
https://diceus.com/how-to-build-custom-crm-for-insurance-agents/,/how-to-build-custom-crm-for-insurance-agents/,200,,True,post-sitemap.xml,2025-03-11T10:17:35+00:00,sitemap/seed,blog_post,L4 Content,,True,36.9,True,False,https://diceus.com/how-to-build-custom-crm-for-insurance-agents/,True,How to Build Custom CRM for Insurance Agents | DICEUS,53,1.0,Explore the benefits of CRM for insurance agents and learn how a custom CRM for insurance agents is created.,108,1.0,How to create custom CRM for insurance agents,1,1.0,5.0,2115,Answer;Article;BreadcrumbList;EntryPoint;FAQPage;ImageObject;ListItem;Organization;Person;Question;ReadAction;SearchAction;WebPage;WebSite,False,2024-03-07T07:00:00+00:00,2025-03-11T10:17:35+00:00,3.0,8,8,301,0,0,0.2,0.375,"how to create custom crm for insurance agents, “how to create custom crm for insurance agents”, crm software development from scratch",0.162,https://diceus.com/how-to-create-custom-insurance-brokerage-software/,297,299,1.0,x-default,en,False,False,False
https://diceus.com/what-does-erp-stand-for-in-finance/,/what-does-erp-stand-for-in-finance/,200,,True,post-sitemap.xml,2025-03-11T10:27:04+00:00,sitemap/seed,blog_post,L4 Content,,False,0.8,True,False,https://diceus.com/what-does-erp-stand-for-in-finance/,True,Finance ERP: What is a Financial Module for ERP System?,55,1.0,"What is an ERP finance module? All features to implement for effective financial management. Benefits, examples, & successful case studies.",139,1.0,ERP finance module: Common features and use cases,1,1.0,8.0,3990,Answer;Article;BreadcrumbList;CommentAction;EntryPoint;FAQPage;ImageObject;ListItem;Organization;Person;Question;ReadAction;SearchAction;WebPage;WebSite,False,2025-03-04T08:00:00+00:00,2025-03-11T10:27:04+00:00,3.0,25,25,311,0,0,0.212,0.948,"erp finance module: common features and use cases, erp in finance, professional solutions in finance",0.179,https://diceus.com/erp-software-development/,169,316,0.0,x-default,en,False,False,False
https://diceus.com/crm-modules-list/,/crm-modules-list/,200,,True,post-sitemap.xml,2025-03-20T12:03:21+00:00,sitemap/seed,blog_post,L4 Content,,False,1.6,True,False,https://diceus.com/crm-modules-list/,True,CRM Modules: Must-Have Components for Success | DICEUS,54,1.0,"Read about the most helpful CRM modules to effectively manage customer relationships by your Sales, Marketing, HR, and other departments.",137,1.0,CRM modules list: Features for effective customer relationships,1,1.0,10.0,4467,Answer;Article;BreadcrumbList;CommentAction;EntryPoint;FAQPage;ImageObject;ListItem;Organization;Person;Question;ReadAction;SearchAction;WebPage;WebSite,False,2025-03-11T07:00:00+00:00,2025-03-20T12:03:21+00:00,3.0,14,14,306,0,0,0.204,0.602,"crm modules list: features for effective customer relationsh, crm modules list, crm modules: must-have components for success",0.195,https://diceus.com/erp-vs-crm/,123,313,0.0,x-default,en,False,False,False
https://diceus.com/insurance-core-system-modernization/,/insurance-core-system-modernization/,200,,True,post-sitemap.xml,2025-03-27T14:31:58+00:00,sitemap/seed,blog_post,L4 Content,,True,33.1,True,False,https://diceus.com/insurance-core-system-modernization/,True,Insurance Core Systems Modernization: Key Benefits | DICEUS,59,1.0,Explore insurance software modernization benefits and learn how to overhaul core systems with DICEUS advantages.,112,1.0,Core systems modernization in the insurance industry: Base for advancement and innovation,1,1.0,8.0,2932,Answer;Article;BreadcrumbList;EntryPoint;FAQPage;ImageObject;ListItem;Organization;Person;Question;ReadAction;SearchAction;WebPage;WebSite,False,2024-08-26T11:00:00+00:00,2025-03-27T14:31:58+00:00,2.0,55,10,313,0,0,1.318,0.625,"core systems modernization in the insurance industry: base f, “insurance core systems: build a custom solution or moderniz, core systems modernization in the insurance industry",0.153,https://diceus.com/insurance-software-modernization/,86,307,0.0,x-default,en,False,False,False
https://diceus.com/how-to-gain-competitive-advantage-insurance-digital-channels/,/how-to-gain-competitive-advantage-insurance-digital-channels/,200,,True,post-sitemap.xml,2025-03-27T14:36:42+00:00,sitemap/seed,blog_post,L4 Content,broker_distribution,True,44.9,True,False,https://diceus.com/how-to-gain-competitive-advantage-insurance-digital-channels/,True,Insurance Digital Channels: How Can Reduce the Cost of a Tariff,63,1.0,Learn about the digital channels that can significantly streamline the insurance pipeline and provide a competitive edge to insurance companies.,144,1.0,Insurance digital channels: How to gain a competitive advantage,1,1.0,8.0,2116,Answer;Article;BreadcrumbList;EntryPoint;FAQPage;ImageObject;ListItem;Organization;Person;Question;ReadAction;SearchAction;WebPage;WebSite,False,2025-02-14T10:00:00+00:00,2025-03-27T14:36:42+00:00,2.0,56,11,308,0,0,1.313,1.15,"insurance digital channels: how to gain a competitive advant, how to gain a competitive advantage in the insurance sector , leverage digital channels in their insurance",0.182,https://diceus.com/interview-with-ceo-of-universalna-digitalization/,139,311,0.0,x-default,en,False,False,False
https://diceus.com/customer-analytics-software-for-banks/,/customer-analytics-software-for-banks/,200,,True,post-sitemap.xml,2025-04-01T08:10:57+00:00,sitemap/seed,blog_post,L4 Content,data_analytics_dwh,True,1.7,True,False,https://diceus.com/customer-analytics-software-for-banks/,True,How Customer Analytics Software Helps Banks Excel,49,1.0,Customer analytics software helps banks enhance client-retention efforts and provide the target audience with a higher quality of services.,139,1.0,Customer analytics software for banking: A closer view,1,1.0,8.0,3513,Answer;Article;BreadcrumbList;CommentAction;EntryPoint;FAQPage;ImageObject;ListItem;Organization;Person;Question;ReadAction;SearchAction;WebPage;WebSite,False,2025-03-13T10:00:00+00:00,2025-04-01T08:10:57+00:00,2.0,4,4,307,0,0,0.201,0.4,"customer analytics software for banking: a closer view, providing a 360-degree view of clients",0.239,https://diceus.com/predictive-analytics-tools/,136,309,0.0,x-default,en,False,False,False
https://diceus.com/guide-telemedicine-app-development/,/guide-telemedicine-app-development/,200,,True,post-sitemap.xml,2025-04-01T09:51:43+00:00,sitemap/seed,blog_post,L4 Content,,False,1.2,True,False,https://diceus.com/guide-telemedicine-app-development/,True,Telemedicine App Development: All You Should Know | DICEUS,58,1.0,"Learn about the nitty-gritty of telemedicine app development, including the benefits, must-have features, and the strategy for development.",139,1.0,Telemedicine app development: From a concept to the launch of a product,1,1.0,11.0,5022,Answer;Article;BreadcrumbList;EntryPoint;FAQPage;ImageObject;ListItem;Organization;Person;Question;ReadAction;SearchAction;WebPage;WebSite,False,2025-02-25T12:00:00+00:00,2025-04-01T09:51:43+00:00,2.0,8,8,311,0,0,0.203,0.475,"telemedicine, “a compelling guide for telemedicine app development”, telemedicine app development: from a concept to the launch o",0.317,https://diceus.com/hospital-app-development/,236,335,0.0,x-default,en,False,False,False
https://diceus.com/flutter-or-react-native/,/flutter-or-react-native/,200,,True,post-sitemap.xml,2025-04-01T09:57:15+00:00,sitemap/seed,blog_post,L4 Content,,False,0.0,True,False,https://diceus.com/flutter-or-react-native/,True,Flutter vs React Native: What is Better in 2025? | DICEUS,57,1.0,"Flutter or React Native, what is better for you? This article can help to make a choice between Flutter and React Native.",121,1.0,Flutter or React Native: Helping you with a choice,1,1.0,5.0,2839,Article;BreadcrumbList;CommentAction;EntryPoint;ImageObject;ListItem;Organization;Person;ReadAction;SearchAction;WebPage;WebSite,False,2021-11-19T14:58:42+00:00,2025-04-01T09:57:15+00:00,3.0,2,2,297,0,0,0.188,0.265,"cross-platform product, cross-platform development",0.308,https://diceus.com/why-flutter-is-a-worthy-toolkit-for-your-mobile-app-development/,154,290,0.0,x-default,en,False,False,False
https://diceus.com/b2b-crm/,/b2b-crm/,200,,True,post-sitemap.xml,2025-04-01T10:41:23+00:00,sitemap/seed,blog_post,L4 Content,,False,1.8,True,False,https://diceus.com/b2b-crm/,True,B2B CRM Strategies and a Value of AI,36,1.0,"If you want to innovate, you need to be equipped with new software and tools. Artificial intelligence can bring a high level of your B2B CRM. And winning strategies will help you to achieve great results and earn more.",218,1.0,How AI can benefit your B2B CRM software,1,1.0,3.0,1633,Answer;Article;BreadcrumbList;EntryPoint;FAQPage;ImageObject;ListItem;Organization;Person;Question;ReadAction;SearchAction;WebPage;WebSite,False,2023-10-25T10:00:00+00:00,2025-04-01T10:41:23+00:00,3.0,6,6,303,0,0,0.191,0.341,"how ai can benefit your b2b crm software, crm software development",0.141,https://diceus.com/crm-modules-list/,112,290,0.0,x-default,en,False,False,False
https://diceus.com/how-does-iot-impact-to-the-insurance-industry/,/how-does-iot-impact-to-the-insurance-industry/,200,,True,post-sitemap.xml,2025-04-08T22:02:18+00:00,sitemap/seed,blog_post,L4 Content,,True,33.5,True,False,https://diceus.com/how-does-iot-impact-to-the-insurance-industry/,True,"IoT and Insurance Industry: Impacts, Benefits & Examples",56,1.0,Businesses and insurers are seeing changes in the insurance industry due to the Internet of Things (IoT). Find out more in the article about IoT in insurance.,158,1.0,Internet of Things and insurance: How the technology affects the industry,1,1.0,6.0,3766,Answer;Article;BreadcrumbList;CommentAction;EntryPoint;FAQPage;ImageObject;ListItem;Organization;Person;Question;ReadAction;SearchAction;WebPage;WebSite,False,2024-12-16T06:00:00+00:00,2025-04-08T22:02:18+00:00,2.0,59,14,306,0,0,1.317,0.52,"internet of things and insurance: how the technology affects, iot and insurance industry, implementing iot, insurance organizations",0.149,https://diceus.com/iot-in-healthcare/,157,316,0.0,x-default,en,False,False,False
https://diceus.com/ai-in-health-insurance/,/ai-in-health-insurance/,200,,True,post-sitemap.xml,2025-04-08T22:07:39+00:00,sitemap/seed,blog_post,L4 Content,,True,30.5,True,False,https://diceus.com/ai-in-health-insurance/,True,AI in Health Insurance: Use cases and Key Challenges | DICEUS,61,1.0,"This insight is about AI in the health insurance sector. Here you can find information about AI’s features, benefits, and impact on the health industry.",152,1.0,Artificial intelligence in health insurance: Main advantages,1,1.0,8.0,2561,Answer;Article;BreadcrumbList;EntryPoint;FAQPage;ImageObject;ListItem;Organization;Person;Question;ReadAction;SearchAction;WebPage;WebSite,False,2024-09-12T14:50:21+00:00,2025-04-08T22:07:39+00:00,2.0,55,10,303,0,0,1.311,0.547,"artificial intelligence in health insurance: main advantages, breakthrough innovations disrupting the insurance sector",0.207,https://diceus.com/artificial-intelligence-finance/,119,306,0.0,x-default,en,False,False,False
https://diceus.com/podcast-with-founder-of-britecore/,/podcast-with-founder-of-britecore/,200,,True,post-sitemap.xml,2025-04-08T22:15:18+00:00,sitemap/seed,blog_post,L4 Content,,True,13.3,True,False,https://diceus.com/podcast-with-founder-of-britecore/,True,"Podcast with a Former CEO of BriteCore, CEO of DevStride",56,1.0,"Listen to the podcast or read the interview with Phil Reynolds, former CEO of BriteCore (Now CEO of DevStride): Technology in insurance.",136,1.0,"Podcast with a founder of BriteCore, the platform for P&C insurers trusted by 80+ clients across USA and Canada: Achieving growth with the help of technology",1,1.0,0.0,9777,Article;BreadcrumbList;EntryPoint;ImageObject;ListItem;Organization;Person;ReadAction;SearchAction;WebPage;WebSite,False,2022-11-23T09:31:11+00:00,2025-04-08T22:15:18+00:00,2.0,49,4,294,0,0,1.302,0.404,"podcast with a founder of britecore: achieving growth with t, podcast with a founder of britecore, the platform for p&c in",0.148,https://diceus.com/podcast-khaled-gharaibeh-business-intelligence-director-bank/,155,333,0.0,x-default,en,False,False,False
https://diceus.com/decision-intelligence/,/decision-intelligence/,200,,True,post-sitemap.xml,2025-04-08T23:27:16+00:00,sitemap/seed,blog_post,L4 Content,,False,3.4,True,False,https://diceus.com/decision-intelligence/,True,Decision Intelligence: What It Is and How It Works | DICEUS,59,1.0,Unlock smarter business strategies with decision intelligence. Harness data-driven insights to optimize decisions and drive growth. Learn more today!,149,1.0,Decision intelligence: Key benefits and implementation steps,1,1.0,11.0,3496,Answer;Article;BreadcrumbList;EntryPoint;FAQPage;ImageObject;ListItem;Organization;Person;Question;ReadAction;SearchAction;WebPage;WebSite,False,2025-02-26T09:33:35+00:00,2025-04-08T23:27:16+00:00,3.0,10,10,305,0,0,0.198,0.495,decision intelligence: key benefits and implementation steps,0.189,https://diceus.com/generative-ai-for-enterprises/,308,325,0.0,x-default,en,False,False,False
https://diceus.com/custom-software-engineering/,/custom-software-engineering/,200,,True,post-sitemap.xml,2025-04-08T23:30:58+00:00,sitemap/seed,blog_post,L4 Content,,False,0.8,True,False,https://diceus.com/custom-software-engineering/,True,Software Engineering Best Practices (2025) | DICEUS,51,1.0,High-quality development calls for effective approaches and tools. Learn about software engineering best practices and use proven solutions.,140,1.0,Custom software engineering best practices and niches,1,1.0,7.0,3611,Answer;Article;BreadcrumbList;CommentAction;EntryPoint;FAQPage;ImageObject;ListItem;Organization;Person;Question;ReadAction;SearchAction;WebPage;WebSite,False,2022-06-29T10:50:00+00:00,2025-04-08T23:30:58+00:00,5.0,1,1,300,0,0,0.188,0.231,custom software engineering best practices and niches,0.164,https://diceus.com/custom-accounting-software/,167,310,0.0,x-default,en,False,False,False
https://diceus.com/best-countries-to-outsource-software-development/,/best-countries-to-outsource-software-development/,200,,True,post-sitemap.xml,2025-04-08T23:50:20+00:00,sitemap/seed,blog_post,L4 Content,,False,0.0,True,False,https://diceus.com/best-countries-to-outsource-software-development/,True,10 Best Countries to Outsource Software Development (2025),58,1.0,Think of hiring a remote IT team? Here's a list of the 10 best countries to outsource software development and choose the one that fits you.,140,1.0,10 best countries to outsource software development,1,1.0,8.0,4211,Answer;Article;BreadcrumbList;CommentAction;EntryPoint;FAQPage;ImageObject;ListItem;Organization;Person;Question;ReadAction;SearchAction;WebPage;WebSite,False,2022-06-27T11:30:00+00:00,2025-04-08T23:50:20+00:00,4.0,2,2,304,0,0,0.188,0.266,"check out, develop software",0.176,https://diceus.com/offshore-dedicated-team/,233,320,0.0,x-default,en,False,False,False
https://diceus.com/cloud-based-application-development/,/cloud-based-application-development/,200,,True,post-sitemap.xml,2025-04-08T23:53:56+00:00,sitemap/seed,blog_post,L4 Content,,False,2.3,True,False,https://diceus.com/cloud-based-application-development/,True,Cloud-Based Application Development: Benefits and Challenges,60,1.0,"Learn how to build a successful cloud-based application. This guide covers the entire process, from planning to launch and beyond.",130,1.0,Cloud-based application development: Step-by-step guide,1,1.0,16.0,3964,Answer;Article;BreadcrumbList;CommentAction;EntryPoint;FAQPage;ImageObject;ListItem;Organization;Person;Question;ReadAction;SearchAction;WebPage;WebSite,False,2024-07-15T10:00:00+00:00,2025-04-08T23:53:56+00:00,3.0,10,10,306,0,0,0.194,0.447,"cloud-based application development: step-by-step guide, cloud-based application development, cloud-based application development: benefits and challenges",0.191,https://diceus.com/cloud-deployment-models/,265,313,0.0,x-default,en,False,False,False
https://diceus.com/ai-in-customer-service/,/ai-in-customer-service/,200,,True,post-sitemap.xml,2025-04-09T00:07:42+00:00,sitemap/seed,blog_post,L4 Content,,False,3.0,True,False,https://diceus.com/ai-in-customer-service/,True,AI in Customer Service: Use Cases and Key Benefits in 2024,58,1.0,Discover the power of AI in customer service and learn how you can leverage smart technology and business tools that streamline workflow processes.,147,1.0,Artificial intelligence in customer service: Main advantages and real examples,1,1.0,9.0,3045,Answer;Article;BreadcrumbList;EntryPoint;FAQPage;ImageObject;ListItem;Organization;Person;Question;ReadAction;SearchAction;WebPage;WebSite,False,2024-08-27T12:01:27+00:00,2025-04-09T00:07:42+00:00,2.0,25,25,302,0,0,0.219,1.045,"artificial intelligence in customer service: main advantages, power of artificial intelligence, artificial intelligence in customer service",0.193,https://diceus.com/ai-in-health-insurance/,99,305,0.0,x-default,en,False,False,False
https://diceus.com/best-insurance-app-development-companies/,/best-insurance-app-development-companies/,200,,True,post-sitemap.xml,2025-04-09T00:08:49+00:00,sitemap/seed,blog_post,L4 Content,,True,35.4,True,False,https://diceus.com/best-insurance-app-development-companies/,True,The Best Insurance App Development Companies in 2025,52,1.0,Discover top insurance mobile app development companies to create a custom product that will help boost your business routine and improve customer satisfaction.,160,1.0,List of top insurance application development companies,1,1.0,14.0,2342,Answer;Article;BreadcrumbList;EntryPoint;FAQPage;ImageObject;ListItem;Organization;Person;Question;ReadAction;SearchAction;WebPage;WebSite,False,2024-08-07T11:48:32+00:00,2025-04-09T00:08:49+00:00,3.0,4,4,302,0,0,0.193,0.355,list of top insurance application development companies,0.154,https://diceus.com/best-insurtech-companies/,173,315,0.0,x-default,en,False,False,False
https://diceus.com/guide-to-personal-finance-app-development/,/guide-to-personal-finance-app-development/,200,,True,post-sitemap.xml,2025-04-09T00:27:21+00:00,sitemap/seed,blog_post,L4 Content,,False,0.8,True,False,https://diceus.com/guide-to-personal-finance-app-development/,True,How to Build a Personal Finance App in 2025: A Compelling Guide,63,1.0,"The article describes the types of personal finance apps, reveals users’ expectations regarding them, lists their features, and offers SDLC for their creation.",159,1.0,Personal finance app development in 2025: Step-by-step guide,1,1.0,7.0,3638,Answer;Article;BreadcrumbList;EntryPoint;FAQPage;ImageObject;ListItem;Organization;Person;Question;ReadAction;SearchAction;WebPage;WebSite,False,2024-07-09T13:58:51+00:00,2025-04-09T00:27:21+00:00,3.0,5,5,305,0,0,0.19,0.333,personal finance app development in 2025: step-by-step guide,0.244,https://diceus.com/how-to-create-an-investment-app/,154,321,0.0,x-default,en,False,False,False
https://diceus.com/what-is-the-primary-purpose-of-penetration-testing/,/what-is-the-primary-purpose-of-penetration-testing/,200,,True,post-sitemap.xml,2025-04-09T00:36:15+00:00,sitemap/seed,blog_post,L4 Content,,False,0.3,True,False,https://diceus.com/what-is-the-primary-purpose-of-penetration-testing/,True,What Is the Primary Purpose of Penetration Testing,50,1.0,"Cyber penetration testing: Goal, benefits, types. Essential information about what pentesting is and why it is needed. DICEUS pentesting expertise description.",159,1.0,What is the primary purpose of penetration testing?,1,1.0,9.0,2880,Answer;Article;BreadcrumbList;EntryPoint;FAQPage;ImageObject;ListItem;Organization;Person;Question;ReadAction;SearchAction;WebPage;WebSite,False,2025-02-14T08:00:00+00:00,2025-04-09T00:36:15+00:00,3.0,7,7,296,0,0,0.192,0.361,"penetration testing, what is the primary purpose of penetration testing?, “what is the primary purpose of penetration testing?”",0.252,https://diceus.com/best-pen-testing-tools-for-cybersecurity/,187,298,0.0,x-default,en,False,False,False
https://diceus.com/business-analysis-software-project-outcomes/,/business-analysis-software-project-outcomes/,200,,True,post-sitemap.xml,2025-04-09T00:39:06+00:00,sitemap/seed,blog_post,L4 Content,,False,1.5,True,False,https://diceus.com/business-analysis-software-project-outcomes/,True,Expert Opinion: Business Analysis Effects on Software Project Outcomes,70,1.0,Here is how business analysis and requirements gathering affect the success of the software project. Q&A with Diceus's senior business analyst.,143,1.0,How business analysis impacts software project delivery outcomes,1,1.0,1.0,1992,Article;BreadcrumbList;CommentAction;EntryPoint;ImageObject;ListItem;Organization;Person;ReadAction;SearchAction;WebPage;WebSite,False,2020-06-11T15:16:14+00:00,2025-04-09T00:39:06+00:00,2.0,2,2,295,0,0,0.198,0.852,"how business analysis impacts software project delivery outc, read interview",0.129,https://diceus.com/how-to-estimate-software-development-costs/,108,298,0.0,x-default,en,False,False,False
https://diceus.com/what-is-middle-layer-architecture-and-why-does-the-insurance-sector-need-it/,/what-is-middle-layer-architecture-and-why-does-the-insurance-sector-need-it/,200,,True,post-sitemap.xml,2025-04-11T12:52:31+00:00,sitemap/seed,blog_post,L4 Content,,True,13.2,True,False,https://diceus.com/what-is-middle-layer-architecture-and-why-does-the-insurance-sector-need-it/,True,Benefits of Layered Architecture for Insurance,46,1.0,Benefits of layered architecture: Learn more about the advantages of insurance software with middle-layer architecture from the DICEUS Team.,140,1.0,"What is middle-layer architecture, and why does the insurance sector need it?",1,1.0,7.0,2578,Article;BreadcrumbList;EntryPoint;ImageObject;ListItem;Organization;Person;ReadAction;SearchAction;WebPage;WebSite,False,2023-01-13T13:36:26+00:00,2025-04-11T12:52:31+00:00,3.0,2,2,302,0,0,0.192,0.265,"microservices, what is middle-layer architecture, and why does the insuranc",0.126,https://diceus.com/insurance-core-system-modernization/,106,296,0.0,x-default,en,False,False,False
https://diceus.com/healthcare-software-types/,/healthcare-software-types/,200,,True,post-sitemap.xml,2025-04-16T07:40:27+00:00,sitemap/seed,blog_post,L4 Content,,False,2.5,True,False,https://diceus.com/healthcare-software-types/,True,Healthcare Software: 13 Key Types of Healthcare Software | DICEUS,65,1.0,Here are 13 different types of software used in healthcare industry that revolutionizing medical care today. Discover what lies behind the future of healthcare.,160,1.0,Healthcare software: 13 key types of healthcare software,1,1.0,4.0,2354,Article;BreadcrumbList;CommentAction;EntryPoint;ImageObject;ListItem;Organization;Person;ReadAction;SearchAction;WebPage;WebSite,False,2021-10-18T09:00:00+00:00,2025-04-16T07:40:27+00:00,2.0,3,3,309,0,0,0.196,0.357,"healthcare software: 13 key types of healthcare software, types of healthcare software, software solutions for healthcare",0.198,https://diceus.com/iot-in-healthcare/,224,295,0.0,x-default,en,False,False,False
https://diceus.com/healthcare-app-design/,/healthcare-app-design/,200,,True,post-sitemap.xml,2025-04-16T07:53:39+00:00,sitemap/seed,blog_post,L4 Content,,False,1.6,True,False,https://diceus.com/healthcare-app-design/,True,Healthcare App Design: Full Guide for 2025 | DICEUS,51,1.0,"Discover tips on how to design a healthcare app, the features its interface should contain, and the nitty-gritty of the UI/UX design process.",141,1.0,Healthcare mobile app design: Key guidelines,1,1.0,7.0,4296,Answer;Article;BreadcrumbList;EntryPoint;FAQPage;ImageObject;ListItem;Organization;Person;Question;ReadAction;SearchAction;WebPage;WebSite,False,2024-04-10T08:03:44+00:00,2025-04-16T07:53:39+00:00,2.0,5,5,308,0,0,0.198,0.436,"healthcare mobile app design: key guidelines, app design",0.211,https://diceus.com/hospital-app-development/,111,316,0.0,x-default,en,False,False,False
https://diceus.com/iot-in-healthcare/,/iot-in-healthcare/,200,,True,post-sitemap.xml,2025-04-16T07:59:20+00:00,sitemap/seed,blog_post,L4 Content,,False,0.3,True,False,https://diceus.com/iot-in-healthcare/,True,IoT in Healthcare: 5 Best Examples | DICEUS,43,1.0,5 best examples of using IoT in Healthcare. With this article you can learn more about IoT in healthcare and understand why is it important.,140,1.0,IoT in healthcare: 5 best examples,1,1.0,4.0,2938,Article;BreadcrumbList;CommentAction;EntryPoint;ImageObject;ListItem;Organization;Person;ReadAction;SearchAction;WebPage;WebSite,False,2021-11-16T14:59:22+00:00,2025-04-16T07:59:20+00:00,2.0,3,3,305,0,0,0.196,0.354,"iot in healthcare: 5 best examples, iot healthcare solutions, “iot in healthcare: 5 best examples”",0.238,https://diceus.com/case-studies/wearable-sensing-platform/,225,311,0.0,x-default,en,False,False,False
https://diceus.com/chatbots-in-healthcare/,/chatbots-in-healthcare/,200,,True,post-sitemap.xml,2025-04-16T08:01:05+00:00,sitemap/seed,blog_post,L4 Content,,False,4.6,True,False,https://diceus.com/chatbots-in-healthcare/,True,Chatbots in Healthcare Industry: Features and Benefits | DICEUS,63,1.0,"AI chatbot for healthcare sector: Features, use cases, and benefits. DICEUS develops and implements chatbots to automate your operations.",137,1.0,Healthcare chatbots: Key benefits and features,1,1.0,5.0,2407,Answer;Article;BreadcrumbList;EntryPoint;FAQPage;ImageObject;ListItem;Organization;Person;Question;ReadAction;SearchAction;WebPage;WebSite,False,2024-03-25T10:23:16+00:00,2025-04-16T08:01:05+00:00,2.0,16,16,306,0,0,0.209,0.682,"healthcare chatbots: key benefits and features, healthcare chatbots, ai-powered chatbot",0.224,https://diceus.com/hospital-app-development/,81,317,0.0,x-default,en,False,False,False
https://diceus.com/how-to-create-custom-medical-insurance-billing-software/,/how-to-create-custom-medical-insurance-billing-software/,200,,True,post-sitemap.xml,2025-04-16T08:11:25+00:00,sitemap/seed,blog_post,L4 Content,,True,32.1,True,False,https://diceus.com/how-to-create-custom-medical-insurance-billing-software/,True,How to Create Custom Medical Insurance Billing Software,55,1.0,Developing custom medical insurance billing software has become a common solution in medical practices. Learn how advanced features can improve billing processes for you.,170,1.0,How to build custom medical insurance billing software: An ultimate guide,1,1.0,8.0,2523,Answer;Article;BreadcrumbList;EntryPoint;FAQPage;ImageObject;ListItem;Organization;Person;Question;ReadAction;SearchAction;WebPage;WebSite,False,2024-02-29T08:27:34+00:00,2025-04-16T08:11:25+00:00,3.0,8,8,304,0,0,0.211,0.431,"how to build custom medical insurance billing software: an u, how to build insurance agency management software",0.227,https://diceus.com/medical-insurance-verification-software/,112,304,0.0,x-default,en,False,False,False
https://diceus.com/best-dwh-data-warehouse-solutions-on-the-market-and-why-you-may-need-them/,/best-dwh-data-warehouse-solutions-on-the-market-and-why-you-may-need-them/,200,,True,post-sitemap.xml,2025-04-16T10:26:12+00:00,sitemap/seed,blog_post,L4 Content,data_analytics_dwh,True,1.5,True,False,https://diceus.com/best-dwh-data-warehouse-solutions-on-the-market-and-why-you-may-need-them/,True,Choosing Between Off-the-Shelf and Custom Data Warehouse Solutions,66,1.0,"Find out what are databases and data warehouse solutions. Check main DWH pros and cons, use cases, and examples. Learn how to build the best apps. ",147,1.0,Best DWH (data warehouse) solutions on the market and why you may need them,1,1.0,5.0,3265,Article;BreadcrumbList;CommentAction;EntryPoint;ImageObject;ListItem;Organization;Person;ReadAction;SearchAction;WebPage;WebSite,False,2020-03-26T18:00:58+00:00,2025-04-16T10:26:12+00:00,2.0,3,3,308,0,0,0.198,0.263,"data migration strategy, best dwh (data warehouse) solutions on the market and why yo, healthcare data warehouse",0.221,https://diceus.com/best-data-warehouse-solutions/,127,307,1.0,x-default,en,False,False,False
https://diceus.com/generative-ai-vs-machine-learning/,/generative-ai-vs-machine-learning/,200,,True,post-sitemap.xml,2025-04-18T08:38:35+00:00,sitemap/seed,blog_post,L4 Content,,False,1.9,True,False,https://diceus.com/generative-ai-vs-machine-learning/,True,Machine Learning vs. Generative AI: What's the Difference?,58,1.0,"Explore the distinctions between Generative AI and Machine Learning. Learn how each technology works, use cases, and impact on industries.",138,1.0,Generative AI vs. machine learning: A detailed comparison,1,1.0,10.0,3226,Answer;Article;BreadcrumbList;EntryPoint;FAQPage;ImageObject;ListItem;Organization;Person;Question;ReadAction;SearchAction;WebPage;WebSite,False,2025-04-18T07:41:56+00:00,2025-04-18T08:38:35+00:00,3.0,5,5,303,0,0,0.19,0.377,generative ai vs. machine learning: a detailed comparison,0.327,https://diceus.com/generative-ai-vs-predictive-ai/,215,319,0.0,x-default,en,False,False,False
https://diceus.com/how-to-build-an-ai-agent/,/how-to-build-an-ai-agent/,200,,True,post-sitemap.xml,2025-04-18T08:38:43+00:00,sitemap/seed,blog_post,L4 Content,,False,0.7,True,False,https://diceus.com/how-to-build-an-ai-agent/,True,How to Create an AI Agent: Step-by-Step Guide | DICEUS,54,1.0,"Learn how to build an AI agent with DICEUS. Our guide covers design, development, and deployment, ensuring seamless integration and top performance.",148,1.0,How to build an AI agent system: Key types and architecture,1,1.0,11.0,4060,Answer;Article;BreadcrumbList;EntryPoint;FAQPage;ImageObject;ListItem;Organization;Person;Question;ReadAction;SearchAction;WebPage;WebSite,False,2025-04-17T09:48:49+00:00,2025-04-18T08:38:43+00:00,3.0,12,12,303,0,0,0.199,0.512,"how to build an ai agent system: key types and architecture, how to build an ai agent, how to build ai agents",0.244,https://diceus.com/ai-agent-for-insurance/,128,315,0.0,x-default,en,False,False,False
https://diceus.com/erp-vs-crm/,/erp-vs-crm/,200,,True,post-sitemap.xml,2025-04-22T10:06:11+00:00,sitemap/seed,blog_post,L4 Content,,False,0.6,True,False,https://diceus.com/erp-vs-crm/,True,ERP vs. CRM: What's The Key Difference Between? | DICEUS,56,1.0,"Explore the differences between ERP & CRM. Learn how each optimizes business processes, enhances customer relationships, and drives growth.",139,1.0,ERP vs. CRM: Benefits and disadvantages of each solution,1,1.0,9.0,3238,Answer;Article;BreadcrumbList;EntryPoint;FAQPage;ImageObject;ListItem;Organization;Person;Question;ReadAction;SearchAction;WebPage;WebSite,False,2025-04-22T10:06:01+00:00,2025-04-22T10:06:11+00:00,3.0,6,6,303,0,0,0.191,0.367,erp vs. crm: benefits and disadvantages of each solution,0.217,https://diceus.com/what-is-an-erp-integration/,164,317,0.0,x-default,en,False,False,False
https://diceus.com/how-to-deal-with-multi-cloud-architecture/,/how-to-deal-with-multi-cloud-architecture/,200,,True,post-sitemap.xml,2025-04-28T11:20:00+00:00,sitemap/seed,blog_post,L4 Content,,False,0.5,True,False,https://diceus.com/how-to-deal-with-multi-cloud-architecture/,True,Multi-Cloud Architecture: Benefits and Key Challenges | DICEUS,62,1.0,Explore the challenges of multi-cloud architecture and top strategies to manage a cloud transformation journey effectively.,123,1.0,What is multi-cloud architecture: Pros and cons of this solution,1,1.0,9.0,3778,Answer;Article;BreadcrumbList;EntryPoint;FAQPage;ImageObject;ListItem;Organization;Person;Question;ReadAction;SearchAction;WebPage;WebSite,False,2025-04-28T11:00:00+00:00,2025-04-28T11:20:00+00:00,3.0,11,11,305,0,0,0.194,0.444,what is multi-cloud architecture: pros and cons of this solu,0.255,https://diceus.com/cloud-deployment-models/,137,316,0.0,x-default,en,False,False,False
https://diceus.com/how-to-transform-business-with-digital-transformation-consulting/,/how-to-transform-business-with-digital-transformation-consulting/,200,,True,post-sitemap.xml,2025-04-28T12:15:31+00:00,sitemap/seed,blog_post,L4 Content,,False,2.6,True,False,https://diceus.com/how-to-transform-business-with-digital-transformation-consulting/,True,How Digital Transformation Consulting Can Boost Your Business,61,1.0,Learn what digital transformation consulting is and how consultants can help your business gain a competitive edge.,115,1.0,Digital transformation consulting: How it can improve your business,1,1.0,9.0,3459,Answer;Article;BreadcrumbList;EntryPoint;FAQPage;ImageObject;ListItem;Organization;Person;Question;ReadAction;SearchAction;WebPage;WebSite,False,2025-04-28T11:05:00+00:00,2025-04-28T12:15:31+00:00,3.0,17,17,307,0,0,0.217,0.686,"digital transformation consulting: how it can improve your b, organizations embrace digitalization, digital transformation initiatives",0.147,https://diceus.com/industry/banking/digital-transformation-in-banking/,200,310,0.0,x-default,en,False,False,False
https://diceus.com/top-ai-consulting-companies/,/top-ai-consulting-companies/,200,,True,post-sitemap.xml,2025-05-01T13:47:21+00:00,sitemap/seed,blog_post,L4 Content,,False,1.5,True,False,https://diceus.com/top-ai-consulting-companies/,True,Top AI Consulting Companies in 2025 | DICEUS,44,1.0,Discover the top AI consulting companies in 2025. Our curated list highlights industry leaders offering innovative solutions to drive your business forward.,156,1.0,Best AI consulting companies in 2025,1,1.0,5.0,2717,Answer;Article;BreadcrumbList;EntryPoint;FAQPage;ImageObject;ListItem;Organization;Person;Question;ReadAction;SearchAction;WebPage;WebSite,False,2025-05-01T13:47:05+00:00,2025-05-01T13:47:21+00:00,3.0,6,6,303,0,0,0.191,0.41,best ai consulting companies in 2025,0.272,https://diceus.com/top-custom-ai-development-companies/,128,317,0.0,x-default,en,False,False,False
https://diceus.com/what-is-an-erp-integration/,/what-is-an-erp-integration/,200,,True,post-sitemap.xml,2025-05-06T05:58:24+00:00,sitemap/seed,blog_post,L4 Content,,False,1.5,True,False,https://diceus.com/what-is-an-erp-integration/,True,What is an ERP Integration: List of Benefits and Methods,56,1.0,"Discover how integrating ERP systems streamlines business processes, enhances data accuracy, and boosts productivity.",117,1.0,ERP integration: Key use cases and benefits,1,1.0,8.0,3363,Answer;Article;BreadcrumbList;EntryPoint;FAQPage;ImageObject;ListItem;Organization;Person;Question;ReadAction;SearchAction;WebPage;WebSite,False,2025-05-06T05:58:20+00:00,2025-05-06T05:58:24+00:00,3.0,12,12,301,0,0,0.199,0.612,erp integration: key use cases and benefits,0.217,https://diceus.com/erp-vs-crm/,183,320,0.0,x-default,en,False,False,False
https://diceus.com/payment-app-development/,/payment-app-development/,200,,True,post-sitemap.xml,2025-05-06T09:14:22+00:00,sitemap/seed,blog_post,L4 Content,,False,0.5,True,False,https://diceus.com/payment-app-development/,True,How to Build a Mobile Payment App: Step-by-Step Guide | DICEUS,62,1.0,"Explore custom payment app development to streamline transactions, boost security, and enhance user experience for seamless digital payments.",141,1.0,Payment app development: Main benefits and features,1,1.0,8.0,3886,Answer;Article;BreadcrumbList;EntryPoint;FAQPage;ImageObject;ListItem;Organization;Person;Question;ReadAction;SearchAction;WebPage;WebSite,False,2025-05-06T09:13:14+00:00,2025-05-06T09:14:22+00:00,3.0,8,8,303,0,0,0.196,0.419,payment app development: main benefits and features,0.277,https://diceus.com/digital-wallet-app-development/,174,324,0.0,x-default,en,False,False,False
https://diceus.com/types-of-ai-models/,/types-of-ai-models/,200,,True,post-sitemap.xml,2025-05-12T08:46:37+00:00,sitemap/seed,blog_post,L4 Content,,False,1.9,True,False,https://diceus.com/types-of-ai-models/,True,What Are the Different Types of AI Models? | DICEUS,51,1.0,"Explore a full guide on types of AI models. Learn about various AI models, their applications, and real-world examples to enhance your AI knowledge.",148,1.0,Types of AI models with examples: Complete overview for 2025,1,1.0,7.0,3106,Answer;Article;BreadcrumbList;EntryPoint;FAQPage;ImageObject;ListItem;Organization;Person;Question;ReadAction;SearchAction;WebPage;WebSite,False,2025-05-12T08:43:32+00:00,2025-05-12T08:46:37+00:00,2.0,8,8,303,0,0,0.203,0.481,types of ai models with examples: complete overview for 2025,0.241,https://diceus.com/generative-ai-vs-machine-learning/,228,320,0.0,x-default,en,False,False,False
https://diceus.com/key-underwriting-challenges/,/key-underwriting-challenges/,200,,True,post-sitemap.xml,2025-07-21T13:24:55+00:00,sitemap/seed,blog_post,L4 Content,underwriting,True,45.9,True,False,https://diceus.com/key-underwriting-challenges/,True,Underwriting Challenges Insurance Industry Faces in 2025,56,1.0,Explore top 5 underwriting challenges the insurance sector faces today and learn more about the software solutions that can address those.,138,1.0,5 key challenges facing underwriters today,1,1.0,6.0,1220,Article;BreadcrumbList;EntryPoint;ImageObject;ListItem;Organization;Person;ReadAction;SearchAction;WebPage;WebSite,False,2025-07-16T13:26:47+00:00,2025-07-21T13:24:55+00:00,2.0,47,2,298,0,0,1.29,0.257,5 key challenges facing underwriters today,0.304,https://diceus.com/ai-powered-underwriting-platform-solving-challenges/,96,288,0.0,x-default,en,False,False,False
https://diceus.com/how-to-start-a-neobank/,/how-to-start-a-neobank/,200,,True,post-sitemap.xml,2025-07-28T09:04:28+00:00,sitemap/seed,blog_post,L4 Content,,False,1.6,True,False,https://diceus.com/how-to-start-a-neobank/,True,How to Start a Neobank: Features and Steps of Development,57,1.0,"Learn about neobanks, find out their advantages over traditional financial institutions and a roadmap for neobank app development.",130,1.0,How to start a neobank: A complete guide,1,1.0,8.0,4272,Answer;Article;BreadcrumbList;EntryPoint;FAQPage;ImageObject;ListItem;Organization;Person;Question;ReadAction;SearchAction;WebPage;WebSite,False,2024-03-26T14:43:44+00:00,2025-07-28T09:04:28+00:00,3.0,7,7,311,0,0,0.196,0.379,"neobanks, “how to start a neobank”, how to start a neobank: a complete guide",0.239,https://diceus.com/how-to-build-a-mobile-banking-app/,159,327,0.0,x-default,en,False,False,False
https://diceus.com/ai-powered-underwriting-platform-solving-challenges/,/ai-powered-underwriting-platform-solving-challenges/,200,,True,post-sitemap.xml,2025-08-04T11:30:55+00:00,sitemap/seed,blog_post,L4 Content,underwriting,True,51.2,True,False,https://diceus.com/ai-powered-underwriting-platform-solving-challenges/,True,AI in Underwriting: Solving Challenges with AI Workbench,56,1.0,AI in underwriting: Read how an AI-powered Underwriting Workbench helps solve challenges underwriters face.,107,1.0,AI-powered underwriting platform: Solving underwriting challenges with AI,1,1.0,5.0,1249,Article;BreadcrumbList;EntryPoint;ImageObject;ListItem;Organization;Person;ReadAction;SearchAction;WebPage;WebSite,False,2025-08-04T11:30:40+00:00,2025-08-04T11:30:55+00:00,2.0,48,3,297,0,0,1.294,0.368,ai-powered underwriting platform: solving underwriting chall,0.304,https://diceus.com/key-underwriting-challenges/,117,286,0.0,x-default,en,False,False,False
https://diceus.com/data-warehousing-and-bi/,/data-warehousing-and-bi/,200,,True,post-sitemap.xml,2025-08-15T12:37:53+00:00,sitemap/seed,blog_post,L4 Content,data_analytics_dwh,True,2.6,True,False,https://diceus.com/data-warehousing-and-bi/,True,Data Warehousing & BI: How to Use Together | DICEUS,51,1.0,"Explore data warehousing and BI to see how integrated solutions enhance data management, streamline analytics, and drive informed business decisions.",149,1.0,Data warehousing and business intelligence: Full guide,1,1.0,12.0,2333,Answer;Article;BreadcrumbList;EntryPoint;FAQPage;ImageObject;ListItem;Organization;Person;Question;ReadAction;SearchAction;WebPage;WebSite,False,2025-08-15T12:37:50+00:00,2025-08-15T12:37:53+00:00,3.0,10,10,298,0,0,0.201,0.486,data warehousing and business intelligence: full guide,0.179,https://diceus.com/data-lake-vs-data-warehouse/,113,304,0.0,x-default,en,False,False,False
https://diceus.com/top-custom-ai-development-companies/,/top-custom-ai-development-companies/,200,,True,post-sitemap.xml,2025-08-21T13:22:51+00:00,sitemap/seed,blog_post,L4 Content,,False,1.8,True,False,https://diceus.com/top-custom-ai-development-companies/,True,Top Custom AI Development Companies for 2025 | DICEUS,53,1.0,Discover the Top Custom AI Development Companies for 2025. Explore industry leaders driving innovation with cutting-edge AI solutions🚀,134,1.0,Best custom AI development companies in 2025-2026,1,1.0,5.0,2710,Answer;Article;BreadcrumbList;EntryPoint;FAQPage;ImageObject;ListItem;Organization;Person;Question;ReadAction;SearchAction;WebPage;WebSite,False,2025-08-21T12:59:26+00:00,2025-08-21T13:22:51+00:00,2.0,16,16,300,0,0,0.205,0.795,best custom ai development companies in 2025-2026,0.272,https://diceus.com/top-ai-consulting-companies/,128,301,0.0,x-default,en,False,False,False
https://diceus.com/how-to-implement-ai-in-your-business/,/how-to-implement-ai-in-your-business/,200,,True,post-sitemap.xml,2025-09-26T08:38:40+00:00,sitemap/seed,blog_post,L4 Content,,False,1.0,True,False,https://diceus.com/how-to-implement-ai-in-your-business/,True,How to Implement AI in Business: A Step-by-Step Guide in 2025,61,1.0,"Discover practical steps for implementing AI in business to streamline operations, improve decision-making, and boost innovation.",129,1.0,Implementing AI in your organization: Key challenges and benefits,1,1.0,4.0,3130,Answer;Article;BreadcrumbList;EntryPoint;FAQPage;ImageObject;ListItem;Organization;Person;Question;ReadAction;SearchAction;WebPage;WebSite,False,2025-04-30T07:34:35+00:00,2025-09-26T08:38:40+00:00,3.0,14,14,303,0,0,0.208,0.556,"implementing ai in your organization: key challenges and ben, how to implement ai in your organization",0.222,https://diceus.com/ai-powered-business-transformation/,151,307,0.0,x-default,en,False,False,False
https://diceus.com/podcast-khaled-gharaibeh-business-intelligence-director-bank/,/podcast-khaled-gharaibeh-business-intelligence-director-bank/,200,,True,post-sitemap.xml,2025-10-07T10:57:25+00:00,sitemap/seed,blog_post,L4 Content,,False,2.8,True,False,https://diceus.com/podcast-khaled-gharaibeh-business-intelligence-director-bank/,True,Podcast with the Bank's Business Intelligence Director,54,1.0,"Listen to the podcast or read an interview with Khaled Gharaibeh, Business Intelligence Director of a bank and CEO of DICEUS, Illia Pinchuk.",140,1.0,"Podcast with Khaled Gharaibeh, Business Intelligence Director of a bank",1,1.0,0.0,3270,Article;BreadcrumbList;EntryPoint;ImageObject;ListItem;Organization;Person;ReadAction;SearchAction;WebPage;WebSite,False,2023-01-11T07:38:00+00:00,2025-10-07T10:57:25+00:00,2.0,2,2,295,0,0,0.199,0.335,"podcast with khaled gharaibeh, business intelligence directo",0.164,https://diceus.com/diceus-ceo-illia-pinchuk-insurtech-leadership-podcast/,151,294,0.0,x-default,en,False,False,False
https://diceus.com/financial-app-development/,/financial-app-development/,200,,True,post-sitemap.xml,2025-10-07T13:58:15+00:00,sitemap/seed,blog_post,L4 Content,,False,3.8,True,False,https://diceus.com/financial-app-development/,True,How to Build a Financial App: Key Steps and Secret Tips | DICEUS,64,1.0,"Read everything you wanted to know about financial app development. Main software types, functions, key steps and approaches of development.",140,1.0,How to build a financial application: Full guide,1,1.0,10.0,3410,Answer;Article;BreadcrumbList;CommentAction;EntryPoint;FAQPage;ImageObject;ListItem;Organization;Person;Question;ReadAction;SearchAction;WebPage;WebSite,False,2025-10-07T06:00:00+00:00,2025-10-07T13:58:15+00:00,2.0,13,13,298,0,0,0.211,0.69,"how to build a financial application: full guide, financial module, crm modules list",0.188,https://diceus.com/how-to-build-a-fintech-app/,97,322,0.0,x-default,en,False,False,False
https://diceus.com/ai-powered-business-transformation/,/ai-powered-business-transformation/,200,,True,post-sitemap.xml,2025-10-15T08:54:58+00:00,sitemap/seed,blog_post,L4 Content,,False,3.4,True,False,https://diceus.com/ai-powered-business-transformation/,True,AI for Business Transformation: A Step-by-Step Guide in 2026,60,1.0,Discover how AI can revolutionize your business with a DICEUS comprehensive guide. Learn strategies for successful AI implementation and transformation.,152,1.0,AI-powered business transformation: Key benefits and challenges,1,1.0,4.0,2063,Answer;Article;BreadcrumbList;EntryPoint;FAQPage;ImageObject;ListItem;Organization;Person;Question;ReadAction;SearchAction;WebPage;WebSite,False,2025-10-14T09:49:02+00:00,2025-10-15T08:54:58+00:00,2.0,13,13,303,0,0,0.215,0.72,ai-powered business transformation: key benefits and challen,0.222,https://diceus.com/how-to-implement-ai-in-your-business/,128,299,0.0,x-default,en,False,False,False
https://diceus.com/ai-agents-for-finance/,/ai-agents-for-finance/,200,,True,post-sitemap.xml,2025-10-15T08:55:05+00:00,sitemap/seed,blog_post,L4 Content,,False,2.8,True,False,https://diceus.com/ai-agents-for-finance/,True,AI agents in finance: Use Cases and Key Benefits | DICEUS,57,1.0,"Discover how AI agents revolutionize finance with enhanced data analysis, fraud detection. Explore top use cases and key benefits.",130,1.0,AI agents for finance: Main components and implementation,1,1.0,7.0,2907,Answer;Article;BreadcrumbList;EntryPoint;FAQPage;ImageObject;ListItem;Organization;Person;Question;ReadAction;SearchAction;WebPage;WebSite,False,2025-10-14T07:47:57+00:00,2025-10-15T08:55:05+00:00,2.0,6,6,303,0,0,0.198,0.468,ai agents for finance: main components and implementation,0.236,https://diceus.com/ai-agent-for-insurance/,115,318,1.0,x-default,en,False,False,False
https://diceus.com/it-outsourcing-banking-industry-technologies-services-trends/,/it-outsourcing-banking-industry-technologies-services-trends/,200,,True,post-sitemap.xml,2025-10-27T15:30:13+00:00,sitemap/seed,blog_post,L4 Content,,False,0.9,True,False,https://diceus.com/it-outsourcing-banking-industry-technologies-services-trends/,True,IT Outsourcing Banking Industry: Services Banks Outsource,57,1.0,Technology matters for banks and fintech-related organizations. We’ll guide you through the current IT outsourcing banking industry.,132,1.0,"IT outsourcing banking industry: Technologies, services and trends",1,1.0,7.0,2203,Article;BreadcrumbList;CommentAction;EntryPoint;ImageObject;ListItem;Organization;Person;ReadAction;SearchAction;WebPage;WebSite,False,2023-09-03T12:23:00+00:00,2025-10-27T15:30:13+00:00,3.0,2,2,306,0,0,0.188,0.262,"it outsourcing in the banking industry, here’s the answer.",0.128,https://diceus.com/erp-for-banking-industry/,138,311,0.0,x-default,en,False,False,False
https://diceus.com/generative-ai-in-customer-service/,/generative-ai-in-customer-service/,200,,True,post-sitemap.xml,2025-11-07T11:26:24+00:00,sitemap/seed,blog_post,L4 Content,,False,0.0,True,False,https://diceus.com/generative-ai-in-customer-service/,True,Generative AI in Customer Service: Use Cases and Key Benefits,61,1.0,"Enhance your customer service with DICEUS Generative AI. Discover use cases and key benefits to improve efficiency, personalization, and customer satisfaction.",159,1.0,Generative AI in customer service: Challenges and future trends,1,1.0,7.0,3256,Answer;Article;BreadcrumbList;EntryPoint;FAQPage;ImageObject;ListItem;Organization;Person;Question;ReadAction;SearchAction;WebPage;WebSite,False,2025-10-21T11:22:30+00:00,2025-11-07T11:26:24+00:00,2.0,13,13,302,0,0,0.207,0.698,generative ai in customer service: challenges and future tre,0.229,https://diceus.com/generative-ai-for-enterprises/,127,323,0.0,x-default,en,False,False,False
https://diceus.com/machine-learning-in-finance/,/machine-learning-in-finance/,200,,True,post-sitemap.xml,2025-11-07T11:26:32+00:00,sitemap/seed,blog_post,L4 Content,,False,2.5,True,False,https://diceus.com/machine-learning-in-finance/,True,Machine Learning in Financial Services: Use Cases and Benefits,62,1.0,"Explore how machine learning revolutionizes financial services with innovative use cases and key benefits. Enhance decision-making, risk management, CX.",152,1.0,Machine learning in finance: Future trends and use cases,1,1.0,4.0,2439,Answer;Article;BreadcrumbList;EntryPoint;FAQPage;ImageObject;ListItem;Organization;Person;Question;ReadAction;SearchAction;WebPage;WebSite,False,2025-10-20T14:24:33+00:00,2025-11-07T11:26:32+00:00,2.0,10,10,300,0,0,0.205,0.614,machine learning in finance: future trends and use cases,0.22,https://diceus.com/generative-ai-vs-machine-learning/,132,299,0.0,x-default,en,False,False,False
https://diceus.com/artificial-intelligence-companies-in-healthcare/,/artificial-intelligence-companies-in-healthcare/,200,,True,post-sitemap.xml,2025-11-07T11:26:44+00:00,sitemap/seed,blog_post,L4 Content,,False,2.3,True,False,https://diceus.com/artificial-intelligence-companies-in-healthcare/,True,Top AI Companies in Healthcare for 2026 | DICEUS,48,1.0,"Discover the leading AI companies revolutionizing healthcare. Explore top innovators enhancing patient care, diagnostics, through advanced AI solutions.",152,1.0,Artificial intelligence companies in healthcare 2026,1,1.0,7.0,2647,Answer;Article;BreadcrumbList;EntryPoint;FAQPage;ImageObject;ListItem;Organization;Person;Question;ReadAction;SearchAction;WebPage;WebSite,False,2025-10-15T08:54:18+00:00,2025-11-07T11:26:44+00:00,2.0,2,2,303,0,0,0.196,0.471,artificial intelligence companies in healthcare 2026,0.269,https://diceus.com/artificial-intelligence-in-healthcare/,126,307,0.0,x-default,en,False,False,False
https://diceus.com/generative-ai-in-financial-services/,/generative-ai-in-financial-services/,200,,True,post-sitemap.xml,2025-11-10T08:42:09+00:00,sitemap/seed,blog_post,L4 Content,,False,0.0,True,False,https://diceus.com/generative-ai-in-financial-services/,True,Generative AI in Financial Services: Use Cases and Key Benefits,63,1.0,"Discover how generative AI transforms financial services with innovative use cases and benefits. Enhance efficiency, security, and customer experience.",151,1.0,Generative AI in finance: Benefits and challenges,1,1.0,5.0,2530,Answer;Article;BreadcrumbList;EntryPoint;FAQPage;ImageObject;ListItem;Organization;Person;Question;ReadAction;SearchAction;WebPage;WebSite,False,2025-11-10T08:41:51+00:00,2025-11-10T08:42:09+00:00,2.0,9,9,300,0,0,0.201,0.71,generative ai in finance: benefits and challenges,0.237,https://diceus.com/generative-ai-for-enterprises/,156,304,0.0,x-default,en,False,False,False
https://diceus.com/top-saas-development-companies/,/top-saas-development-companies/,200,,True,post-sitemap.xml,2025-11-10T10:33:40+00:00,sitemap/seed,blog_post,L4 Content,,False,0.6,True,False,https://diceus.com/top-saas-development-companies/,True,Top SaaS Development Companies for 2026 | DICEUS,48,1.0,Discover the leading SaaS development companies. Explore top providers delivering innovative and efficient software solutions to drive your business.,149,1.0,The best SaaS development companies in 2026,1,1.0,7.0,3272,Answer;Article;BreadcrumbList;EntryPoint;FAQPage;ImageObject;ListItem;Organization;Person;Question;ReadAction;SearchAction;WebPage;WebSite,False,2025-11-10T10:28:50+00:00,2025-11-10T10:33:40+00:00,3.0,10,10,301,0,0,0.195,0.657,the best saas development companies in 2026,0.181,https://diceus.com/top-custom-ai-development-companies/,110,325,0.0,x-default,en,False,False,False
https://diceus.com/best-insurtech-companies/,/best-insurtech-companies/,200,,True,post-sitemap.xml,2025-11-10T13:34:44+00:00,sitemap/seed,blog_post,L4 Content,,True,48.2,True,False,https://diceus.com/best-insurtech-companies/,True,The world's Top 10 Insurtech Companies for 2025 | DICEUS,56,1.0,"Discover the leading insurtech innovators. Explore top companies revolutionizing insurance through technology, driving efficiency, and enhancing CX.",148,1.0,Best insurtech companies 2026,1,1.0,5.0,2612,Answer;Article;BreadcrumbList;EntryPoint;FAQPage;ImageObject;ListItem;Organization;Person;Question;ReadAction;SearchAction;WebPage;WebSite,False,2025-11-10T13:32:40+00:00,2025-11-10T13:34:44+00:00,3.0,8,8,306,0,0,0.197,0.667,best insurtech companies 2026,0.199,https://diceus.com/top-fintech-software-development-companies/,203,305,0.0,x-default,en,False,False,False
https://diceus.com/health-insurance-app-development/,/health-insurance-app-development/,200,,True,post-sitemap.xml,2025-11-12T11:36:53+00:00,sitemap/seed,blog_post,L4 Content,,True,34.9,True,False,https://diceus.com/health-insurance-app-development/,True,Health Insurance App Development: Full Guide For 2025 | DICEUS,62,1.0,"Discover tips for the health insurance application development process, the advantages such apps usher to the niche, and the list of features they should have.",159,1.0,Health insurance mobile app development: Key features and benefits,1,1.0,6.0,3266,Answer;Article;BreadcrumbList;EntryPoint;FAQPage;ImageObject;ListItem;Organization;Person;Question;ReadAction;SearchAction;WebPage;WebSite,False,2024-03-20T14:15:33+00:00,2025-11-12T11:36:53+00:00,2.0,59,14,309,0,0,1.298,0.546,"health insurance mobile app development: key features and be, health insurance app, health insurance apps",0.239,https://diceus.com/hospital-app-development/,206,312,0.0,x-default,en,False,False,False
https://diceus.com/goodfirms-interview-illia-pinchuk-diceus-ceo/,/goodfirms-interview-illia-pinchuk-diceus-ceo/,200,,True,post-sitemap.xml,2025-11-13T08:17:35+00:00,sitemap/seed,blog_post,L4 Content,,False,5.5,True,False,https://diceus.com/goodfirms-interview-illia-pinchuk-diceus-ceo/,True,GoodFirms Interview with DICEUS CEO Illia Pinchuk,49,1.0,"Read an interview of GoodFirms with DICEUS CEO Illia Pinchuk. He tells about the company's services, industry focus, and relationships with customers.",150,1.0,"GoodFirms interview with Illia Pinchuk, DICEUS CEO: Sincerity builds trust and confidence in clients",1,1.0,7.0,1464,Article;BreadcrumbList;EntryPoint;ImageObject;ListItem;Organization;Person;ReadAction;SearchAction;WebPage;WebSite,False,2023-02-13T09:00:00+00:00,2025-11-13T08:17:35+00:00,2.0,2,2,296,0,0,0.196,0.338,"goodfirms interview with illia pinchuk, diceus ceo: sincerit",0.235,https://diceus.com/diceus-ceo-illia-pinchuk-insurtech-leadership-podcast/,111,289,0.0,x-default,en,False,False,False
https://diceus.com/how-to-achieve-omnichannel-cx-insurance/,/how-to-achieve-omnichannel-cx-insurance/,200,,True,post-sitemap.xml,2025-11-13T08:33:23+00:00,sitemap/seed,blog_post,L4 Content,customer_portal_cx,True,21.8,True,False,https://diceus.com/how-to-achieve-omnichannel-cx-insurance/,True,Omnichannel CX in the Insurance Industry: Full Guide | DICEUS,61,1.0,"Discover omnichannel insurance, its benefits, and implementation strategies to maximize market opportunities for your business.",127,1.0,Omnichannel customer experience in the insurance sector,1,1.0,8.0,2574,Answer;Article;BreadcrumbList;EntryPoint;FAQPage;ImageObject;ListItem;Organization;Person;Question;ReadAction;SearchAction;WebPage;WebSite,False,2024-04-04T13:00:00+00:00,2025-11-13T08:33:23+00:00,2.0,52,7,306,0,0,1.308,0.363,"omnichannel customer experience in the insurance sector, learn, how to achieve omnichannel customer experience in insurance",0.196,https://diceus.com/customer-journey-mapping-for-insurance/,98,317,0.0,x-default,en,False,False,False
https://diceus.com/top-generative-ai-consulting-companies/,/top-generative-ai-consulting-companies/,200,,True,post-sitemap.xml,2025-11-14T10:34:48+00:00,sitemap/seed,blog_post,L4 Content,,False,0.8,True,False,https://diceus.com/top-generative-ai-consulting-companies/,True,Top 10 Generative AI Consulting Companies for 2026 | DICEUS,59,1.0,Discover the leading generative AI consulting companies. Explore top experts driving innovation and delivering cutting-edge AI solutions.,137,1.0,Top 10 generative AI companies for 2026: A big overview,1,1.0,4.0,3660,Answer;Article;BreadcrumbList;EntryPoint;FAQPage;ImageObject;ListItem;Organization;Person;Question;ReadAction;SearchAction;WebPage;WebSite,False,2025-11-14T10:32:34+00:00,2025-11-14T10:34:48+00:00,2.0,5,5,299,0,0,0.198,0.513,top 10 generative ai companies for 2026: a big overview,0.204,https://diceus.com/top-ai-consulting-companies/,183,323,0.0,x-default,en,False,False,False
https://diceus.com/top-fintech-software-development-companies/,/top-fintech-software-development-companies/,200,,True,post-sitemap.xml,2025-11-14T10:34:56+00:00,sitemap/seed,blog_post,L4 Content,,False,1.2,True,False,https://diceus.com/top-fintech-software-development-companies/,True,Best Fintech Software Development Companies in 2026 | DICEUS,60,1.0,Discover the top fintech software development companies in 2026. Explore innovative solutions and industry leaders driving financial technology forward.,152,1.0,Top 10 fintech software development companies for 2026,1,1.0,6.0,3381,Answer;Article;BreadcrumbList;EntryPoint;FAQPage;ImageObject;ListItem;Organization;Person;Question;ReadAction;SearchAction;WebPage;WebSite,False,2025-11-10T14:16:00+00:00,2025-11-14T10:34:56+00:00,2.0,12,12,299,0,0,0.202,0.618,top 10 fintech software development companies for 2026,0.199,https://diceus.com/best-insurtech-companies/,158,310,0.0,x-default,en,False,False,False
https://diceus.com/how-to-estimate-software-development-costs/,/how-to-estimate-software-development-costs/,200,,True,post-sitemap.xml,2025-11-20T10:46:35+00:00,sitemap/seed,blog_post,L4 Content,,False,0.0,True,False,https://diceus.com/how-to-estimate-software-development-costs/,True,How to Estimate Software Development Costs: Key factors,55,1.0,"Discover how to accurately estimate software development costs. Learn key factors, methods, and tips to budget effectively for your next project.",145,1.0,Key steps to accurately estimate software development costs,1,1.0,11.0,4137,Answer;Article;BreadcrumbList;CommentAction;EntryPoint;FAQPage;ImageObject;ListItem;Organization;Person;Question;ReadAction;SearchAction;WebPage;WebSite,False,2025-11-20T07:00:00+00:00,2025-11-20T10:46:35+00:00,3.0,11,11,297,0,0,0.194,0.478,"key steps to accurately estimate software development costs, costs, read",0.162,https://diceus.com/poc-success-criteria/,152,326,0.0,x-default,en,False,False,False
https://diceus.com/data-warehousing-for-insurance/,/data-warehousing-for-insurance/,200,,True,post-sitemap.xml,2025-12-03T13:08:40+00:00,sitemap/seed,blog_post,L4 Content,data_analytics_dwh,True,18.5,True,False,https://diceus.com/data-warehousing-for-insurance/,True,Data Warehousing for Insurance: Enhancing Insights and Efficiency,65,1.0,"Unlock the power of data business intelligence in insurance. Enhance decision-making, optimize operations, and drive growth with advanced analytics.",148,1.0,Data warehouse for the insurance industry: How it works,1,1.0,5.0,2266,Answer;Article;BreadcrumbList;EntryPoint;FAQPage;ImageObject;ListItem;Organization;Person;Question;ReadAction;SearchAction;WebPage;WebSite,False,2025-08-14T14:25:53+00:00,2025-12-03T13:08:40+00:00,2.0,51,6,304,0,0,1.289,0.314,data warehouse for the insurance industry: how it works,0.19,https://diceus.com/bi-in-insurance/,287,299,1.0,x-default,en,False,False,False
https://diceus.com/health-insurance-quoting-software/,/health-insurance-quoting-software/,200,,True,post-sitemap.xml,2025-12-03T14:23:23+00:00,sitemap/seed,blog_post,L4 Content,,True,40.9,True,False,https://diceus.com/health-insurance-quoting-software/,True,Health Insurance Quoting Software: Types and Benefits | DICEUS,62,1.0,"Learn about health insurance quoting software, its types, how to create a good solution and the benefits of custom tools.",121,1.0,Health insurance quoting software: Tech to accelerate growth,1,1.0,9.0,3224,Answer;Article;BreadcrumbList;CommentAction;EntryPoint;FAQPage;ImageObject;ListItem;Organization;Person;Question;ReadAction;SearchAction;WebPage;WebSite,False,2024-12-26T08:00:00+00:00,2025-12-03T14:23:23+00:00,2.0,56,11,310,0,0,1.33,0.672,"health insurance quoting software: tech to accelerate growth, health insurance quoting software, custom insurance broker software",0.181,https://diceus.com/life-insurance-quoting-software/,130,307,0.0,x-default,en,False,False,False
https://diceus.com/insurance-improve-customer-experience-mobile-app/,/insurance-improve-customer-experience-mobile-app/,200,,True,post-sitemap.xml,2025-12-04T09:00:03+00:00,sitemap/seed,blog_post,L4 Content,customer_portal_cx,True,37.1,True,False,https://diceus.com/insurance-improve-customer-experience-mobile-app/,True,How to Improve Insurance CX with Mobile Apps: Key Steps,55,1.0,Learn how launching insurance mobile apps can expand your consumer reach and provide a comfortable CX to the mobile-driven clientele.,133,1.0,Improving insurance customer experience with mobile applications,1,1.0,8.0,2725,Answer;Article;BreadcrumbList;EntryPoint;FAQPage;ImageObject;ListItem;Organization;Person;Question;ReadAction;SearchAction;WebPage;WebSite,False,2025-01-16T07:00:00+00:00,2025-12-04T09:00:03+00:00,2.0,57,12,310,0,0,1.319,0.547,"improving insurance customer experience with mobile applicat, how insurance companies can improve customer experience with, how to improve insurance cx with mobile apps",0.189,https://diceus.com/insurance/digital-channels/,817,307,0.0,x-default,en,False,False,False
https://diceus.com/top-five-disruptive-solutions-for-retail/,/top-five-disruptive-solutions-for-retail/,200,,True,post-sitemap.xml,2025-12-04T09:04:48+00:00,sitemap/seed,blog_post,L4 Content,,False,1.3,True,False,https://diceus.com/top-five-disruptive-solutions-for-retail/,True,Top Retail Industry Solutions to Consider for Your Business | DICEUS,68,1.0,"Here you will find the top retail software solutions, and learn more about their types, advantages, and upcoming technology trends. You will also learn why custom software is better than out-of-the-box products.",211,1.0,Retail industry software solutions: Types and technology trends,1,1.0,8.0,3755,Article;BreadcrumbList;CommentAction;EntryPoint;ImageObject;ListItem;Organization;Person;ReadAction;SearchAction;WebPage;WebSite,False,2022-04-26T12:00:00+00:00,2025-12-04T09:04:48+00:00,2.0,3,3,304,0,0,0.206,0.367,"retail industry software solutions: types and technology tre, retail industry software solutions, ecommerce app",0.16,https://diceus.com/robotics-in-retail-use-cases/,164,307,0.0,x-default,en,False,False,False
https://diceus.com/top-5-digital-insurance-trends/,/top-5-digital-insurance-trends/,200,,True,post-sitemap.xml,2025-12-11T09:09:51+00:00,sitemap/seed,blog_post,L4 Content,,True,46.9,True,False,https://diceus.com/top-5-digital-insurance-trends/,True,Top Five Digital Insurance Trends to Follow in 2026,51,1.0,Consider these top 5 digital insurance trends when developing your digital transformation strategy for the next year in the insurance sector.,141,1.0,Top 5 digital insurance trends 2026,1,1.0,6.0,1151,Article;BreadcrumbList;EntryPoint;ImageObject;ListItem;Organization;Person;ReadAction;SearchAction;WebPage;WebSite,False,2025-12-11T09:09:23+00:00,2025-12-11T09:09:51+00:00,3.0,7,7,299,0,0,0.196,0.438,"top 5 digital insurance trends 2026, composable insurance solutions: a faster, smarter alternativ",0.159,https://diceus.com/author/kateryna-monastyrska/,299,286,0.0,x-default,en,False,False,False
https://diceus.com/artificial-intelligence-in-fintech/,/artificial-intelligence-in-fintech/,200,,True,post-sitemap.xml,2025-12-29T09:16:26+00:00,sitemap/seed,blog_post,L4 Content,,False,1.0,True,False,https://diceus.com/artificial-intelligence-in-fintech/,True,AI in Fintech: How It Works and Key Benefits in 2025 | DICEUS,61,1.0,Discover the state of Artificial intelligence in the fintech industry of today based on the examples of businesses leveraging AI technology to enhance workflow processes.,170,1.0,Artificial intelligence in fintech: Top advantages and use cases,1,1.0,17.0,3114,Answer;Article;BreadcrumbList;EntryPoint;FAQPage;ImageObject;ListItem;Organization;Person;Question;ReadAction;SearchAction;WebPage;WebSite,False,2024-10-28T15:18:16+00:00,2025-12-29T09:16:26+00:00,2.0,13,13,299,0,0,0.214,0.76,"artificial intelligence in fintech: top advantages and use c, financial institutions stand to benefit from leveraging this",0.236,https://diceus.com/artificial-intelligence-finance/,90,333,0.0,x-default,en,False,False,False
https://diceus.com/how-technology-transforms-captive-insurance-management/,/how-technology-transforms-captive-insurance-management/,200,,True,post-sitemap.xml,2026-01-09T09:14:47+00:00,sitemap/seed,blog_post,L4 Content,alternative_risk,True,55.9,True,False,https://diceus.com/how-technology-transforms-captive-insurance-management/,True,Top 5 Captive Insurance Management Technology Trends for 2026,61,1.0,"Explore the top 5 technology trends shaping captive insurance management in 2026, from modular policy systems and embedded analytics to low-code configuration and automation.",174,1.0,How technology is transforming captive insurance management in 2026,1,1.0,6.0,1180,Article;BreadcrumbList;EntryPoint;ImageObject;ListItem;Organization;Person;ReadAction;SearchAction;WebPage;WebSite,False,2026-01-09T08:00:00+00:00,2026-01-09T09:14:47+00:00,2.0,4,4,299,0,0,0.194,0.401,how technology is transforming captive insurance management ,0.205,https://diceus.com/insurance/solutions/captive-insurance/captive-insurance-software/,139,287,0.0,x-default,en,False,False,False
https://diceus.com/digital-tools-improve-customer-engagement-insurance/,/digital-tools-improve-customer-engagement-insurance/,200,,True,post-sitemap.xml,2026-01-28T09:07:33+00:00,sitemap/seed,blog_post,L4 Content,,True,29.2,True,False,https://diceus.com/digital-tools-improve-customer-engagement-insurance/,True,Customer Engagement in Insurance: Top Strategies and Tools,58,1.0,"Here are the top strategies and tools you can use to improve customer experience and engagement in insurance: mobile apps, web portals, and more.",145,1.0,How to improve customer engagement for insurance companies,1,1.0,9.0,3966,Answer;Article;BreadcrumbList;CommentAction;EntryPoint;FAQPage;ImageObject;ListItem;Organization;Person;Question;ReadAction;SearchAction;WebPage;WebSite,False,2024-01-18T09:00:00+00:00,2026-01-28T09:07:33+00:00,2.0,55,10,314,0,0,1.314,0.543,"how to improve customer engagement for insurance companies, how to improve customer engagement for insurance, three tools",0.2,https://diceus.com/how-to-create-improve-cx-for-insurance/,144,330,0.0,x-default,en,False,False,False
https://diceus.com/insurance-software-modernization/,/insurance-software-modernization/,200,,True,post-sitemap.xml,2026-01-28T09:10:21+00:00,sitemap/seed,blog_post,L4 Content,policy_administration,True,33.4,True,False,https://diceus.com/insurance-software-modernization/,True,Insurance Software Modernization: Legacy PAS Impact,51,1.0,Insurance software modernization: Why legacy policy administration systems need to be modernized and how to meet the transformation challenges.,143,1.0,Insurance software modernization: Why legacy policy administration systems are holding insurers back,1,1.0,6.0,1347,Article;BreadcrumbList;EntryPoint;ImageObject;ListItem;Organization;Person;ReadAction;SearchAction;WebPage;WebSite,False,2026-01-28T07:00:00+00:00,2026-01-28T09:10:21+00:00,2.0,65,21,299,0,0,1.327,1.471,"insurance software modernization: why legacy policy administ, top 5 reasons, why modernize your policy admin system",0.267,https://diceus.com/roi-of-replacing-legacy-policy-systems/,213,285,0.0,x-default,en,False,False,False
https://diceus.com/artificial-intelligence-in-car-insurance/,/artificial-intelligence-in-car-insurance/,200,,True,post-sitemap.xml,2026-01-28T11:45:43+00:00,sitemap/seed,blog_post,L4 Content,,True,59.3,True,False,https://diceus.com/artificial-intelligence-in-car-insurance/,True,AI in Car Insurance: Future Automotive Sector | DICEUS,54,1.0,Learn more about the role of AI in car insurance. Here you will find the information about the most frequent use cases of artificial intelligence.,146,1.0,Artificial intelligence in auto insurance,1,1.0,7.0,1585,Answer;Article;BreadcrumbList;EntryPoint;FAQPage;ImageObject;ListItem;Organization;Person;Question;ReadAction;SearchAction;WebPage;WebSite,False,2024-04-30T11:29:20+00:00,2026-01-28T11:45:43+00:00,2.0,49,4,298,0,0,1.299,0.318,artificial intelligence in auto insurance,0.254,https://diceus.com/artificial-intelligence-in-insurance-claims-management/,136,295,0.0,x-default,en,False,False,False
https://diceus.com/how-to-develop-chatbot-for-insurance-company/,/how-to-develop-chatbot-for-insurance-company/,200,,True,post-sitemap.xml,2026-01-28T12:18:36+00:00,sitemap/seed,blog_post,L4 Content,,True,30.4,True,False,https://diceus.com/how-to-develop-chatbot-for-insurance-company/,True,How to Build a Chatbot for an Insurance Company | DICEUS,56,1.0,Insurers need effective and modern tools for product promotion and customer retention. Learn how to build a chatbot for an insurance firm the right way.,152,1.0,How to create a chatbot for the insurance industry,1,1.0,7.0,2891,Answer;Article;BreadcrumbList;EntryPoint;FAQPage;ImageObject;ListItem;Organization;Person;Question;ReadAction;SearchAction;WebPage;WebSite,False,2024-02-27T13:00:00+00:00,2026-01-28T12:18:36+00:00,2.0,58,13,302,0,0,1.327,0.512,"how to create a chatbot for the insurance industry, how to develop a chatbot for an insurance company, by launching a chatbot",0.166,https://diceus.com/insurance-chatbot-use-cases-and-key-features/,101,308,0.0,x-default,en,False,False,False
https://diceus.com/best-insurance-software/,/best-insurance-software/,200,,True,post-sitemap.xml,2026-01-28T12:30:17+00:00,sitemap/seed,blog_post,L4 Content,,True,48.8,True,False,https://diceus.com/best-insurance-software/,True,Best Insurance Software in 2025: Actual List | DICEUS,53,1.0,"List of the best insurance solutions: Trends, types of software, features, and functionalities. Examples of top insurance software and their comparison.",152,1.0,List of top insurance software to use in 2025,1,1.0,12.0,3666,Answer;Article;BreadcrumbList;EntryPoint;FAQPage;ImageObject;ListItem;Organization;Person;Question;ReadAction;SearchAction;WebPage;WebSite,False,2024-10-17T15:20:47+00:00,2026-01-28T12:30:17+00:00,2.0,59,14,309,1,0,1.312,1.242,"list of top insurance software to use in 2025, insurance software development, insurtech software",0.168,https://diceus.com/insurance-policy-management-software/,148,341,0.0,x-default,en,False,False,False
https://diceus.com/ai-agent-for-insurance/,/ai-agent-for-insurance/,200,,True,post-sitemap.xml,2026-01-28T12:38:20+00:00,sitemap/seed,blog_post,L4 Content,,True,29.1,True,False,https://diceus.com/ai-agent-for-insurance/,True,AI agents for insurance: Use Cases and Key Benefits | DICEUS,60,1.0,"Discover how AI agents revolutionize the insurance industry with enhanced efficiency, customer service, and risk management. Learn more on the DICEUS blog.",155,1.0,AI agents for the insurance industry: Components and implementation,1,1.0,11.0,4738,Answer;Article;BreadcrumbList;EntryPoint;FAQPage;ImageObject;ListItem;Organization;Person;Question;ReadAction;SearchAction;WebPage;WebSite,False,2025-04-16T11:49:36+00:00,2026-01-28T12:38:20+00:00,3.0,8,8,307,0,0,0.204,0.429,ai agents for the insurance industry: components and impleme,0.27,https://diceus.com/ai-agent-for-customer-service/,181,337,1.0,x-default,en,False,False,False
https://diceus.com/insurance-policy-management-software/,/insurance-policy-management-software/,200,,True,post-sitemap.xml,2026-01-28T13:00:53+00:00,sitemap/seed,blog_post,L4 Content,policy_administration,True,40.0,True,False,https://diceus.com/insurance-policy-management-software/,True,How to Develop Insurance Policy Management Software | DICEUS,60,1.0,Guide to insurance policy management software development. Learn benefits and features of custom insurance policy management solutions.,135,1.0,How to build insurance policy management software: 5 key tips,1,1.0,9.0,3176,Answer;Article;BreadcrumbList;CommentAction;EntryPoint;FAQPage;ImageObject;ListItem;Organization;Person;Question;ReadAction;SearchAction;WebPage;WebSite,False,2026-01-01T09:00:00+00:00,2026-01-28T13:00:53+00:00,2.0,59,14,309,0,0,1.32,0.746,"how to build insurance policy management software: 5 key tip, “how to build insurance policy management software: 5 key ti, how to develop insurance policy management software",0.168,https://diceus.com/best-insurance-software/,102,312,0.0,x-default,en,False,False,False
https://diceus.com/composable-insurance-vs-core-systems/,/composable-insurance-vs-core-systems/,200,,True,post-sitemap.xml,2026-01-28T13:02:05+00:00,sitemap/seed,blog_post,L4 Content,,True,37.9,True,False,https://diceus.com/composable-insurance-vs-core-systems/,True,Why Composable Software Replaces Legacy Core Insurance,54,1.0,"Composable software for insurance: Discover why insurers are moving from rigid core systems to composable, cloud-native solutions.",130,1.0,"Composable insurance solutions: A faster, smarter alternative to core systems",1,1.0,3.0,1321,Article;BreadcrumbList;EntryPoint;ImageObject;ListItem;Organization;Person;ReadAction;SearchAction;WebPage;WebSite,False,2026-01-02T07:50:21+00:00,2026-01-28T13:02:05+00:00,2.0,6,6,298,0,0,0.202,0.51,"composable insurance solutions: a faster, smarter alternativ",0.24,https://diceus.com/insurance-software-modernization/,188,289,0.0,x-default,en,False,False,False
https://diceus.com/securing-data-warehouse/,/securing-data-warehouse/,200,,True,post-sitemap.xml,2026-01-30T10:14:37+00:00,sitemap/seed,blog_post,L4 Content,data_analytics_dwh,True,1.2,True,False,https://diceus.com/securing-data-warehouse/,True,Data Warehouse Security Explanation: A Full Guide | DICEUS,58,1.0,Reveal the best practices for reaching top data warehouse security. Learn how DWH architecture and data warehouse modeling affect security levels.,146,1.0,Data warehouse security: How to avoid DWH security issues,1,1.0,8.0,3305,Answer;Article;BreadcrumbList;CommentAction;EntryPoint;FAQPage;ImageObject;ListItem;Organization;Person;Question;ReadAction;SearchAction;WebPage;WebSite,False,2025-04-17T07:00:00+00:00,2026-01-30T10:14:37+00:00,3.0,8,8,304,0,0,0.196,0.338,"data warehouse security: how to avoid dwh security issues, dwh security",0.167,https://diceus.com/enterprise-data-warehouse-business-efficiency/,120,309,1.0,x-default,en,False,False,False
https://diceus.com/robotics-in-retail-use-cases/,/robotics-in-retail-use-cases/,200,,True,post-sitemap.xml,2026-01-30T10:16:03+00:00,sitemap/seed,blog_post,L4 Content,,False,1.5,True,False,https://diceus.com/robotics-in-retail-use-cases/,True,Robotics in Retail Industry: Use Cases and Advantages | DICEUS,62,1.0,Learn more about retail robots in stores. Discover the advantages of robot technologies and real use cases of robotics in retail.,129,1.0,Robotics in retail industry: Use cases and advantages,1,1.0,8.0,2637,Answer;Article;BreadcrumbList;CommentAction;EntryPoint;FAQPage;ImageObject;ListItem;Organization;Person;Question;ReadAction;SearchAction;WebPage;WebSite,False,2023-10-24T12:00:00+00:00,2026-01-30T10:16:03+00:00,2.0,14,14,304,0,0,0.211,0.706,robotics in retail industry: use cases and advantages,0.16,https://diceus.com/top-five-disruptive-solutions-for-retail/,151,313,0.0,x-default,en,False,False,False
https://diceus.com/roi-of-replacing-legacy-policy-systems/,/roi-of-replacing-legacy-policy-systems/,200,,True,post-sitemap.xml,2026-02-06T15:14:48+00:00,sitemap/seed,blog_post,L4 Content,policy_administration,True,21.2,True,False,https://diceus.com/roi-of-replacing-legacy-policy-systems/,True,ROI of Modernizing a Policy Administration System,49,1.0,Learn more about the return on investment of replacing a legacy insurance policy administration system for a modern platform. A real business case inside.,154,1.0,The ROI of replacing legacy policy systems – Business case for modern PAS,1,1.0,6.0,1368,Article;BreadcrumbList;EntryPoint;ImageObject;ListItem;Organization;Person;ReadAction;SearchAction;WebPage;WebSite,False,2026-02-05T07:00:00+00:00,2026-02-06T15:14:48+00:00,3.0,4,4,299,0,0,0.194,0.468,the roi of replacing legacy policy systems – business case f,0.267,https://diceus.com/insurance-software-modernization/,128,288,0.0,x-default,en,False,False,False
https://diceus.com/difference-between-custom-software-and-off-the-shelf-software/,/difference-between-custom-software-and-off-the-shelf-software/,200,,True,post-sitemap.xml,2026-02-16T08:26:41+00:00,sitemap/seed,blog_post,L4 Content,,False,1.6,True,False,https://diceus.com/difference-between-custom-software-and-off-the-shelf-software/,True,Custom vs Off-the-Shelf Software: Advantages & Disadvantages,60,1.0,"Custom software vs off-the-shelf: the pros and cons, examples. Make wise selections by finding the solution that best suits your company.",137,1.0,Custom development vs off-the-shelf software: What is the main difference?,1,1.0,18.0,3144,Answer;Article;BreadcrumbList;CommentAction;EntryPoint;FAQPage;ImageObject;ListItem;Organization;Person;Question;ReadAction;SearchAction;WebPage;WebSite,False,2026-02-16T06:00:00+00:00,2026-02-16T08:26:41+00:00,2.0,11,11,306,0,0,0.213,0.61,"custom development vs off-the-shelf software: what is the ma, off-the-shelf and custom, off-the-shelf and bespoke solutions",0.145,https://diceus.com/erp-software-development/,126,322,0.0,x-default,en,False,False,False
https://diceus.com/master-data-management-in-banking/,/master-data-management-in-banking/,200,,True,post-sitemap.xml,2026-02-19T12:32:41+00:00,sitemap/seed,blog_post,L4 Content,data_analytics_dwh,True,0.5,True,False,https://diceus.com/master-data-management-in-banking/,True,Master Data Management in Banking: All You Need to Know,55,1.0,"The article informs about the benefits of master data management in banking industry, the challenges & the best practices for implementing MDM solutions.",153,1.0,Master data management (MDM) in the banking sector: Challenges and benefits,1,1.0,11.0,3647,Answer;Article;BreadcrumbList;EntryPoint;FAQPage;ImageObject;ListItem;Organization;Person;Question;ReadAction;SearchAction;WebPage;WebSite,False,2026-02-19T11:00:00+00:00,2026-02-19T12:32:41+00:00,2.0,21,21,311,0,0,0.22,0.903,"master data management (mdm) in the banking sector: challeng, mdm, mdm in banking industry",0.211,https://diceus.com/data-governance-banks-benefits/,987,310,0.0,x-default,en,False,False,False
https://diceus.com/technical-architect-vs-solution-architect-vs-enterprise-architect/,/technical-architect-vs-solution-architect-vs-enterprise-architect/,200,,True,post-sitemap.xml,2026-02-20T14:02:22+00:00,sitemap/seed,blog_post,L4 Content,,False,0.0,True,False,https://diceus.com/technical-architect-vs-solution-architect-vs-enterprise-architect/,True,Difference Between Enterprise vs Solution vs Technical Architects,65,1.0,"Learn the distinctions between Enterprise, Solution, and Technical Architects. Understand their roles and responsibilities in shaping IT landscapes.",148,1.0,Enterprise architect vs. solution architect vs. technical architect: Key differences,1,1.0,12.0,3957,Answer;Article;BreadcrumbList;CommentAction;EntryPoint;FAQPage;ImageObject;ListItem;Organization;Person;Question;ReadAction;SearchAction;WebPage;WebSite,False,2026-02-20T09:00:00+00:00,2026-02-20T14:02:22+00:00,2.0,10,10,303,0,0,0.201,0.568,"enterprise architect vs. solution architect vs. technical ar, enterprise vs. solution vs. technical architects, differences between enterprise vs. solution vs. technical ar",0.234,https://diceus.com/solutions-architect-role-and-responsibilities/,138,313,0.0,x-default,en,False,False,False
https://diceus.com/how-to-build-cloud-based-insurance-software/,/how-to-build-cloud-based-insurance-software/,200,,True,post-sitemap.xml,2026-02-25T08:57:00+00:00,sitemap/seed,blog_post,L4 Content,,True,35.4,True,False,https://diceus.com/how-to-build-cloud-based-insurance-software/,True,How to Build Cloud-Based Insurance Software: Key Tips | DICEUS,62,1.0,"Read about the benefits of cloud-based insurance software, the typical use cases custom solutions have in the industry, and the challenges they face.",149,1.0,How to create cloud-based insurance software: A concise guide,1,1.0,8.0,2997,Answer;Article;BreadcrumbList;EntryPoint;FAQPage;ImageObject;ListItem;Organization;Person;Question;ReadAction;SearchAction;WebPage;WebSite,False,2026-02-25T07:00:00+00:00,2026-02-25T08:57:00+00:00,3.0,8,8,312,0,0,0.204,0.479,how to create cloud-based insurance software: a concise guid,0.158,https://diceus.com/bi-in-insurance/,125,318,0.0,x-default,en,False,False,False
https://diceus.com/how-to-integrate-payment-gateway/,/how-to-integrate-payment-gateway/,200,,True,post-sitemap.xml,2026-03-12T11:31:24+00:00,sitemap/seed,blog_post,L4 Content,,False,0.0,True,False,https://diceus.com/how-to-integrate-payment-gateway/,True,Payment Gateway Integration: Step-by-Step Guide | DICEUS,56,1.0,"Online payment gateway integration process phases, tech tools, necessary skills, sourcing methods, and timescales are all described by DICEUS.",142,1.0,How to integrate a payment gateway into a website: Full roadmap,1,1.0,15.0,3266,Answer;Article;BreadcrumbList;CommentAction;EntryPoint;FAQPage;ImageObject;ListItem;Organization;Person;Question;ReadAction;SearchAction;WebPage;WebSite,False,2025-02-11T12:58:00+00:00,2026-03-12T11:31:24+00:00,4.0,2,2,303,0,0,0.188,0.259,how to integrate a payment gateway into a website: full road,0.19,https://diceus.com/industry/retail/payment-gateway-integration/,110,307,0.0,x-default,en,False,False,False
https://diceus.com/erp-for-banking-industry/,/erp-for-banking-industry/,200,,True,post-sitemap.xml,2026-04-07T09:51:03+00:00,sitemap/seed,blog_post,L4 Content,,False,1.8,True,False,https://diceus.com/erp-for-banking-industry/,True,ERP for Banking Industry: Pros and Cons of Systems | DICEUS,59,1.0,"Revealing general information about Enterprise Resource Planning (ERP) for banking industry. In the guide, you will find infoon features, pros, and cons.",153,1.0,"ERP for banks: Benefits, custom vs. out-of-the-box solutions, tips on choosing",1,1.0,10.0,3423,Answer;Article;BreadcrumbList;CommentAction;EntryPoint;FAQPage;ImageObject;ListItem;Organization;Person;Question;ReadAction;SearchAction;WebPage;WebSite,False,2026-02-23T11:00:00+00:00,2026-04-07T09:51:03+00:00,2.0,17,17,308,0,0,0.214,0.813,"erp for banks: benefits, custom vs. out-of-the-box solutions, erp for banks, erp for banking industry",0.178,https://diceus.com/erp-software-development/,95,314,0.0,x-default,en,False,False,False
https://diceus.com/mobile-banking-security-risks/,/mobile-banking-security-risks/,200,,True,post-sitemap.xml,2026-05-11T12:58:16+00:00,sitemap/seed,blog_post,L4 Content,,False,0.0,True,False,https://diceus.com/mobile-banking-security-risks/,True,Mobile Banking Risks: Top Security Dangers and Remedies,55,1.0,Learn about the most common risks and how to improve the security of mobile banking apps. Keep yourself safe from online fraudsters.,132,1.0,Risks of mobile banking apps: How banks can overcome,1,1.0,5.0,3027,Answer;Article;BreadcrumbList;CommentAction;EntryPoint;FAQPage;ImageObject;ListItem;Organization;Person;Question;ReadAction;SearchAction;WebPage;WebSite,False,2026-05-11T08:00:00+00:00,2026-05-11T12:58:16+00:00,2.0,10,10,304,0,0,0.201,0.582,"risks of mobile banking apps: how banks can overcome, mobile banking risks: top security dangers and remedies, risks of mobile banking app",0.18,https://diceus.com/mobile-banking-trends/,262,304,0.0,x-default,en,False,False,False
https://diceus.com/guide-to-effective-cloud-transformation-from-experts/,/guide-to-effective-cloud-transformation-from-experts/,200,,True,post-sitemap.xml,2026-05-12T14:14:39+00:00,sitemap/seed,blog_post,L4 Content,,False,1.3,True,False,https://diceus.com/guide-to-effective-cloud-transformation-from-experts/,True,What Is Cloud Transformation: Key Benefits and Main Challenges,62,1.0,"Data, apps, and soft migration to the cloud are all part of cloud transformation. Let's explore the pros of cloud transition along with some of the cons it presents.",165,1.0,What is cloud transformation: How to prepare for the transition,1,1.0,9.0,3076,Answer;Article;BreadcrumbList;EntryPoint;FAQPage;ImageObject;ListItem;Organization;Person;Question;ReadAction;SearchAction;WebPage;WebSite,False,2026-05-12T09:00:00+00:00,2026-05-12T14:14:39+00:00,3.0,6,6,305,0,0,0.195,0.356,"cloud transformation, “what is cloud transformation: key benefits”, how to prepare for the transition",0.249,https://diceus.com/cloud-migration-project-plan-11-steps/,143,320,0.0,x-default,en,False,False,False
https://diceus.com/artificial-intelligence-in-life-insurance/,/artificial-intelligence-in-life-insurance/,200,,True,post-sitemap.xml,2026-05-14T08:08:00+00:00,sitemap/seed,blog_post,L4 Content,,True,51.4,True,False,https://diceus.com/artificial-intelligence-in-life-insurance/,True,AI in Life Insurance: Benefits and Challenges | DICEUS,54,1.0,Learn about the benefits of AI in life insurance and see how smart technology features can boost your business in this competitive industry sector.,147,1.0,Benefits of artificial intelligence in life insurance,1,1.0,9.0,1927,Answer;Article;BreadcrumbList;EntryPoint;FAQPage;ImageObject;ListItem;Organization;Person;Question;ReadAction;SearchAction;WebPage;WebSite,False,2026-05-14T07:00:00+00:00,2026-05-14T08:08:00+00:00,2.0,51,6,305,0,0,1.305,0.479,"benefits of artificial intelligence in life insurance, insurtech ai tools",0.216,https://diceus.com/artificial-intelligence-in-insurance-claims-management/,157,311,0.0,x-default,en,False,False,False
https://diceus.com/difference-between-mis-and-erp/,/difference-between-mis-and-erp/,200,,True,post-sitemap.xml,2026-05-15T13:53:08+00:00,sitemap/seed,blog_post,L4 Content,,False,0.4,True,False,https://diceus.com/difference-between-mis-and-erp/,True,The difference between MIS and ERP: Do These Systems Differ?,60,1.0,"A relationship between MIS and ERP. Read the definitions of these systems, their main functions, and the difference between MIS and ERP. Follow us to get the latest insights in the world of information technology!",213,1.0,Is there any difference between MIS and ERP?,1,1.0,5.0,2438,Article;BreadcrumbList;CommentAction;EntryPoint;ImageObject;ListItem;Organization;Person;ReadAction;SearchAction;WebPage;WebSite,False,2026-05-15T07:00:00+00:00,2026-05-15T13:53:08+00:00,2.0,11,11,298,0,0,0.201,0.527,is there any difference between mis and erp?,0.216,https://diceus.com/erp-software-development/,129,292,0.0,x-default,en,False,False,False
https://diceus.com/how-to-improve-inventory-management/,/how-to-improve-inventory-management/,200,,True,post-sitemap.xml,2026-05-19T10:53:57+00:00,sitemap/seed,blog_post,L4 Content,,False,2.0,True,False,https://diceus.com/how-to-improve-inventory-management/,True,How to Improve Inventory Management: 6 Best Practices | DICEUS,62,1.0,Helpful tips on how to get your inventory management better - 6 best ways from DICEUS experts. Follow us to get interesting insights!,133,1.0,How to improve inventory management: 6 best practices,1,1.0,7.0,3073,Answer;Article;BreadcrumbList;EntryPoint;FAQPage;ImageObject;ListItem;Organization;Person;Question;ReadAction;SearchAction;WebPage;WebSite,False,2026-05-19T09:00:00+00:00,2026-05-19T10:53:57+00:00,2.0,11,11,304,0,0,0.21,0.646,how to improve inventory management: 6 best practices,0.203,https://diceus.com/automated-inventory-system/,128,315,0.0,x-default,en,False,False,False
https://diceus.com/java-vs-ror-enterprise-applications-battle-will-never-end/,/java-vs-ror-enterprise-applications-battle-will-never-end/,200,,True,post-sitemap.xml,2026-05-27T13:44:06+00:00,sitemap/seed,blog_post,L4 Content,,False,1.0,True,False,https://diceus.com/java-vs-ror-enterprise-applications-battle-will-never-end/,True,Java vs RoR Comparison for Enterprise Applications,50,1.0,Do you want to know more about Java vs Ruby on Rails for enterprise applications? Assess all advantages and disadvantages of these two popular programming languages.,165,1.0,Java vs RoR for enterprise applications: Which to choose?,1,1.0,4.0,1945,Article;BreadcrumbList;CommentAction;EntryPoint;ImageObject;ListItem;Organization;Person;ReadAction;SearchAction;WebPage;WebSite,False,2026-05-27T09:00:00+00:00,2026-05-27T13:44:06+00:00,2.0,11,11,300,0,0,0.206,0.848,java vs ror for enterprise applications: which to choose?,0.29,https://diceus.com/java-vs-php-enterprise-applications/,107,291,0.0,x-default,en,False,False,False
https://diceus.com/offshore-dedicated-team/,/offshore-dedicated-team/,200,,True,post-sitemap.xml,2026-05-29T09:59:20+00:00,sitemap/seed,blog_post,L4 Content,,False,2.5,True,False,https://diceus.com/offshore-dedicated-team/,True,Offshore Dedicated Development Team: Compelling Hiring Guide,60,1.0,Thinking of outsourcing an IT project? Opt for hiring an offshore dedicated development team and save a pretty penny on getting the services of qualified experts.,162,1.0,Offshore dedicated team: What is it and why do you need it?,1,1.0,11.0,2840,Answer;Article;BreadcrumbList;CommentAction;EntryPoint;FAQPage;ImageObject;ListItem;Organization;Person;Question;ReadAction;SearchAction;WebPage;WebSite,False,2026-05-29T06:00:00+00:00,2026-05-29T09:59:20+00:00,2.0,10,10,304,0,0,0.201,0.822,"offshore dedicated team: what is it and why do you need it?, learn more, offshore dedicated team model",0.211,https://diceus.com/dedicated-development-team-for-your-advantage/,143,310,0.0,x-default,en,False,False,False
https://diceus.com/insurance-chatbot-use-cases-and-key-features/,/insurance-chatbot-use-cases-and-key-features/,200,,True,post-sitemap.xml,2026-06-04T13:58:44+00:00,sitemap/seed,blog_post,L4 Content,,True,39.1,True,False,https://diceus.com/insurance-chatbot-use-cases-and-key-features/,True,Insurance Chatbot: Use Cases and Key Features | DICEUS,54,1.0,"Discover the benefits of chatbots in the insurance industry, their typical use cases, and the features that can maximize the value of this AI-driven technology.",160,1.0,Chatbot for insurance: Key features and use cases 2026,1,1.0,5.0,2453,Answer;Article;BreadcrumbList;EntryPoint;FAQPage;ImageObject;ListItem;Organization;Person;Question;ReadAction;SearchAction;WebPage;WebSite,False,2026-06-04T07:00:00+00:00,2026-06-04T13:58:44+00:00,2.0,65,20,304,0,0,1.318,1.055,"chatbot for insurance: key features and use cases 2026, chatbots, insurance",0.166,https://diceus.com/how-to-develop-chatbot-for-insurance-company/,116,315,0.0,x-default,en,False,False,False
https://diceus.com/life-insurance-quoting-software/,/life-insurance-quoting-software/,200,,True,post-sitemap.xml,2026-06-10T11:53:55+00:00,sitemap/seed,blog_post,L4 Content,,True,42.2,True,False,https://diceus.com/life-insurance-quoting-software/,True,Life Insurance Quoting Software 2026: Main Modules and Features,63,1.0,"Life insurance quoting software: Basic and advanced modules, features, and key development stages.",98,1.0,Life insurance quoting software 2026: Main development stages,1,1.0,9.0,2606,Answer;Article;BreadcrumbList;CommentAction;EntryPoint;FAQPage;ImageObject;ListItem;Organization;Person;Question;ReadAction;SearchAction;WebPage;WebSite,False,2026-06-10T11:00:00+00:00,2026-06-10T11:53:55+00:00,2.0,62,17,300,0,0,1.327,0.955,"life insurance quoting software 2026: main development stage, life, life insurance quoting software",0.181,https://diceus.com/health-insurance-quoting-software/,148,301,0.0,x-default,en,False,False,False
https://diceus.com/cloud-migration-strategy-for-enterprises/,/cloud-migration-strategy-for-enterprises/,200,,True,post-sitemap.xml,2026-06-16T09:29:31+00:00,sitemap/seed,blog_post,L4 Content,,False,0.3,True,False,https://diceus.com/cloud-migration-strategy-for-enterprises/,True,"Cloud migration: Meaning, Strategies and Best Practices | DICEUS",64,1.0,"We've covered everything you need to know about migrating to the cloud, including the process and strategies for migrating to the cloud. Check out the best practices for migrating to the cloud.",193,1.0,Cloud migration: Strategies and best practices,1,1.0,9.0,2967,Article;BreadcrumbList;CommentAction;EntryPoint;ImageObject;ListItem;Organization;Person;ReadAction;SearchAction;WebPage;WebSite,False,2021-09-27T11:12:00+00:00,2026-06-16T09:29:31+00:00,3.0,3,3,301,0,0,0.189,0.295,"cloud migration strategy for enterprises, cloud migration: strategies and best practices, our article",0.192,https://diceus.com/cloud-migration-project-plan-11-steps/,138,299,0.0,x-default,en,False,False,False
https://diceus.com/java-vs-net/,/java-vs-net/,200,,True,post-sitemap.xml,2026-06-16T09:31:48+00:00,sitemap/seed,blog_post,L4 Content,,False,0.3,True,False,https://diceus.com/java-vs-net/,True,Java vs .NET: What is Better in 2025? | DICEUS,46,1.0,Comparison between Java and .NET. Learn more about Java and .NET advantages. DICEUS offer a wide tech stack for software development.,133,1.0,Java vs .NET: How to choose the right technology for enterprise software development?,1,1.0,8.0,2871,Article;BreadcrumbList;CommentAction;EntryPoint;ImageObject;ListItem;Organization;Person;ReadAction;SearchAction;WebPage;WebSite,False,2021-11-11T12:25:06+00:00,2026-06-16T09:31:48+00:00,4.0,1,1,306,0,0,0.188,0.239,java,0.255,https://diceus.com/java-vs-php-enterprise-applications/,133,310,0.0,x-default,en,False,False,False
https://diceus.com/what-java-enterprise-frameworks-to-choose-for-your-project/,/what-java-enterprise-frameworks-to-choose-for-your-project/,200,,True,post-sitemap.xml,2026-06-16T09:34:41+00:00,sitemap/seed,blog_post,L4 Content,,False,0.0,True,False,https://diceus.com/what-java-enterprise-frameworks-to-choose-for-your-project/,True,Top 10 Java Enterprise Frameworks: How to Choose the Right One,62,1.0,Read about the most popular Java enterprise frameworks: we collected the information about the top 10 and the criteria helpful while selecting a framework for your project.,172,1.0,What Java enterprise frameworks to choose for your project,1,1.0,12.0,2422,Article;BreadcrumbList;CommentAction;EntryPoint;ImageObject;ListItem;Organization;Person;ReadAction;SearchAction;WebPage;WebSite,False,2022-07-27T06:33:00+00:00,2026-06-16T09:34:41+00:00,6.0,1,1,299,0,0,0.188,0.228,what java enterprise frameworks to choose for your project,0.213,https://diceus.com/why-is-java-so-popular/,116,299,0.0,x-default,en,False,False,False
https://diceus.com/pr-intern/,/pr-intern/,200,,True,post-sitemap.xml,2026-06-16T15:05:19+00:00,sitemap/seed,blog_post,L4 Content,,True,20.4,True,False,https://diceus.com/pr-intern/,True,PR Intern | Internship Opportunities at DICEUS,46,1.0,"We are looking for a PR Intern to join our internship program. For more details, check out this post. Discover other job opportunities at DICEUS.",145,1.0,PR Intern,1,1.0,4.0,491,Article;BreadcrumbList;EntryPoint;ImageObject;ListItem;Organization;Person;ReadAction;SearchAction;WebPage;WebSite,False,2025-08-21T05:16:51+00:00,2026-06-16T15:05:19+00:00,2.0,1,1,283,0,0,0.201,0.853,"pr intern 21/08/2025, view details, apply for this job",0.466,https://diceus.com/sales-intern-insurance-and-fintech-saas-products/,220,261,0.0,x-default,en,False,False,False
https://diceus.com/intern-lead-generation-specialist-and-sales/,/intern-lead-generation-specialist-and-sales/,200,,True,post-sitemap.xml,2026-06-16T15:09:00+00:00,sitemap/seed,blog_post,L4 Content,,True,14.0,True,False,https://diceus.com/intern-lead-generation-specialist-and-sales/,True,Intern Lead Generation Specialist and Sales for DICEUS Team,59,1.0,DICEUS is looking for Intern Lead Generation Specialist and Sales to join our internship programs. Please visit our website for more information.,145,1.0,Intern Lead Generation Specialist and Sales,1,1.0,4.0,430,Article;BreadcrumbList;EntryPoint;ImageObject;ListItem;Organization;Person;ReadAction;SearchAction;WebPage;WebSite,False,2025-06-06T13:23:16+00:00,2026-06-16T15:09:00+00:00,2.0,1,1,283,0,0,0.201,0.853,"intern lead generation specialist and sales 06/06/2025, view details, apply for this job",0.723,https://diceus.com/sales-intern-insurance-and-fintech-saas-products/,79,261,0.0,x-default,en,False,False,False
https://diceus.com/sales-intern-insurance-and-fintech-saas-products/,/sales-intern-insurance-and-fintech-saas-products/,200,,True,post-sitemap.xml,2026-06-16T15:10:16+00:00,sitemap/seed,blog_post,L4 Content,,True,26.9,True,False,https://diceus.com/sales-intern-insurance-and-fintech-saas-products/,True,Sales Intern (Insurance and Fintech SaaS Products) | DICEUS,59,1.0,DICEUS looks for a Sales Intern (Insurance and Fintech SaaS Products) to join our internship program. Learn more in this post.,126,1.0,Sales Intern (Insurance and Fintech SaaS Products),1,1.0,4.0,409,Article;BreadcrumbList;EntryPoint;ImageObject;ListItem;Organization;Person;ReadAction;SearchAction;WebPage;WebSite,False,2025-06-03T08:39:44+00:00,2026-06-16T15:10:16+00:00,2.0,1,1,283,0,0,0.201,0.853,"sales intern (insurance and fintech saas products) 03/06/202, view details, apply for this job",0.723,https://diceus.com/intern-lead-generation-specialist-and-sales/,109,261,0.0,x-default,en,False,False,False
https://diceus.com/diceus-ceo-illia-pinchuk-at-insurance-nerds-profiles-in-risk-podcast/,/diceus-ceo-illia-pinchuk-at-insurance-nerds-profiles-in-risk-podcast/,200,,True,post-sitemap.xml,2026-06-30T08:10:57+00:00,sitemap/seed,blog_post,L4 Content,,True,52.6,True,False,https://diceus.com/diceus-ceo-illia-pinchuk-at-insurance-nerds-profiles-in-risk-podcast/,True,Illia Pinchuk Talked on Insurance Nerds Podcast,47,1.0,DICEUS CEO Illia Pinchuk spoke with Tony Canas about how the insurance industry changed on Insurance Nerds Profiles in Risk Podcast. Watch the podcast.,151,1.0,DICEUS CEO Illia Pinchuk joined Insurance Nerds’ Profiles in Risk podcast,1,1.0,0.0,418,Article;BreadcrumbList;EntryPoint;ImageObject;ListItem;Organization;Person;ReadAction;SearchAction;WebPage;WebSite,False,2026-06-29T10:14:15+00:00,2026-06-30T08:10:57+00:00,2.0,57,12,294,0,0,1.328,1.223,diceus ceo illia pinchuk joined insurance nerds' profiles in,0.632,https://diceus.com/illia-pinchuk-on-the-killing-commercial-insurance-podcast/,96,274,0.0,x-default,en,False,False,False
https://diceus.com/illia-pinchuk-on-the-killing-commercial-insurance-podcast/,/illia-pinchuk-on-the-killing-commercial-insurance-podcast/,200,,True,post-sitemap.xml,2026-07-08T08:57:40+00:00,sitemap/seed,blog_post,L4 Content,,True,61.5,True,False,https://diceus.com/illia-pinchuk-on-the-killing-commercial-insurance-podcast/,True,Illia Pinchuk and David Carothers on Killing Commercial Podcast,63,1.0,Illia Pinchuk spoke with David Carothers on the Killing Commercial Insurance podcast and shared his thoughts on how technology transforms captive insurance.,156,1.0,Illia Pinchuk on the Killing Commercial Insurance podcast,1,1.0,0.0,423,Article;BreadcrumbList;EntryPoint;ImageObject;ListItem;Organization;Person;ReadAction;SearchAction;WebPage;WebSite,False,2026-07-08T08:57:16+00:00,2026-07-08T08:57:40+00:00,2.0,53,8,294,0,0,1.314,1.063,illia pinchuk on the killing commercial insurance podcast,0.632,https://diceus.com/diceus-ceo-illia-pinchuk-at-insurance-nerds-profiles-in-risk-podcast/,165,275,0.0,x-default,en,False,False,False
https://diceus.com/hr-generalist-intern/,/hr-generalist-intern/,200,,True,post-sitemap.xml,2026-07-10T14:13:14+00:00,sitemap/seed,blog_post,L4 Content,,False,1.9,True,False,https://diceus.com/hr-generalist-intern/,True,Intern HR Generalist | DICEUS new job opportunities,51,1.0,"We're looking for a Intern HR Generalist! Apply to join our ambitious team if you have relevant experience. For more job details, please contact our recruiter.",159,1.0,Intern HR Generalist,1,1.0,5.0,535,Article;BreadcrumbList;EntryPoint;ImageObject;ListItem;Organization;Person;ReadAction;SearchAction;WebPage;WebSite,False,2025-07-29T11:21:12+00:00,2026-07-10T14:13:14+00:00,2.0,1,1,283,0,0,0.201,0.853,"intern hr generalist 29/07/2025, view details, apply for this job",0.329,https://diceus.com/senior-net-developer-3/,173,261,0.0,x-default,en,False,False,False
https://diceus.com/best-banking-software/,/best-banking-software/,200,,True,post-sitemap.xml,2026-07-16T07:51:54+00:00,sitemap/seed,blog_post,L4 Content,,False,1.0,True,False,https://diceus.com/best-banking-software/,True,Best Banking Software 2026: Actual List | DICEUS,48,1.0,"Best banking solutions: Trends, types of software, features, and functionalities. Examples of top banking software and their comparison.",136,1.0,Best banking software 2026,1,1.0,11.0,3886,Answer;Article;BreadcrumbList;CommentAction;EntryPoint;FAQPage;ImageObject;ListItem;Organization;Person;Question;ReadAction;SearchAction;WebPage;WebSite,False,2026-05-11T06:30:00+00:00,2026-07-16T07:51:54+00:00,2.0,20,20,309,0,0,0.21,1.369,"best banking software 2026, best banking software, list of the top banking software to use in 2024",0.156,https://diceus.com/mobile-banking-trends/,159,329,0.0,x-default,en,False,False,False
https://diceus.com/guidelines-for-effective-insurance-claims-handling/,/guidelines-for-effective-insurance-claims-handling/,200,,True,post-sitemap.xml,2026-08-03T09:05:35+00:00,sitemap/seed,blog_post,L4 Content,claims,True,50.4,True,False,https://diceus.com/guidelines-for-effective-insurance-claims-handling/,True,Insurance Claims Handling: Full Guide 2026 | DICEUS,51,1.0,"Insurance claim handling – effective process and guidelines for insurers, including best practices and software solutions.",122,1.0,Guidelines for effective insurance claims handling 2026,1,1.0,7.0,2402,Answer;Article;BreadcrumbList;EntryPoint;FAQPage;ImageObject;ListItem;Organization;Person;Question;ReadAction;SearchAction;WebPage;WebSite,False,2026-07-29T07:11:20+00:00,2026-08-03T09:05:35+00:00,2.0,7,7,298,0,0,0.247,0.927,guidelines for effective insurance claims handling 2026,0.154,https://diceus.com/insurance/claims-management-development/,136,302,0.0,x-default,en,False,False,False
https://diceus.com/webinar-recap-how-ai-is-changing-underwriting/,/webinar-recap-how-ai-is-changing-underwriting/,200,,True,post-sitemap.xml,2026-08-03T09:06:08+00:00,sitemap/seed,blog_post,L4 Content,underwriting,True,40.9,True,False,https://diceus.com/webinar-recap-how-ai-is-changing-underwriting/,True,Webinar Recording: How AI Is Changing Underwriting,50,1.0,"Watch webinar recording: How AI Is Changing Underwriting: Opportunities, Limits, and Real Use Cases. DICEUS experts explain how artificial intelligence can help underwriters.",174,1.0,Webinar recap: How AI is changing underwriting,1,1.0,0.0,465,Article;BreadcrumbList;EntryPoint;ImageObject;ListItem;Organization;Person;ReadAction;SearchAction;WebPage;WebSite,False,2026-06-30T08:05:08+00:00,2026-08-03T09:06:08+00:00,2.0,48,3,291,0,0,1.299,0.741,webinar recap: how ai is changing underwriting,0.348,https://diceus.com/webinar-automating-financial-operations-alternative-risk/,133,271,0.0,x-default,en,False,False,False
https://diceus.com/diceus-ceo-illia-pinchuk-insurtech-leadership-podcast/,/diceus-ceo-illia-pinchuk-insurtech-leadership-podcast/,200,,True,post-sitemap.xml,2026-08-03T09:10:34+00:00,sitemap/seed,blog_post,L4 Content,,True,36.5,True,False,https://diceus.com/diceus-ceo-illia-pinchuk-insurtech-leadership-podcast/,True,Illia Pinchuk Is a Guest at the Insurtech Leadership Podcast,60,1.0,Illia Pinchuk joined Joshua R. Hollander at the Insurtech Leadership Podcast.It was about the challenges of captives and captive management firms.,146,1.0,DICEUS CEO Illia Pinchuk on the Insurtech Leadership Podcast,1,1.0,3.0,411,Article;BreadcrumbList;EntryPoint;ImageObject;ListItem;Organization;Person;ReadAction;SearchAction;WebPage;WebSite,False,2026-07-16T13:06:45+00:00,2026-08-03T09:10:34+00:00,2.0,55,10,293,0,0,1.319,1.096,diceus ceo illia pinchuk on the insurtech leadership podcast,0.544,https://diceus.com/diceus-ceo-illia-pinchuk-on-the-riskcellar-podcast/,86,273,0.0,x-default,en,False,False,False
https://diceus.com/ehr-software-how-to-build/,/ehr-software-how-to-build/,200,,True,post-sitemap.xml,2026-09-01T11:54:40+00:00,sitemap/seed,blog_post,L4 Content,,False,1.6,True,False,https://diceus.com/ehr-software-how-to-build/,True,How to Build an EHR System: Features and Benefits for Users,59,1.0,Read about why physicians aren't satisfied with EHR apps. What’s the difference between EHR and EMR? What are the benefits and development nuances?,147,1.0,EHR software development: Full guide for 2025,1,1.0,16.0,3838,Answer;Article;BreadcrumbList;EntryPoint;FAQPage;ImageObject;ListItem;Organization;Person;Question;ReadAction;SearchAction;WebPage;WebSite,False,2024-07-15T11:00:00+00:00,2026-09-01T11:54:40+00:00,2.0,16,16,304,0,0,0.213,0.705,"ehr software development: full guide for 2025, electronic health records (ehr) software, ehr",0.198,https://diceus.com/guide-telemedicine-app-development/,148,316,0.0,x-default,en,False,False,False
https://diceus.com/erp-for-construction-company/,/erp-for-construction-company/,200,,True,post-sitemap.xml,2026-09-01T11:57:38+00:00,sitemap/seed,blog_post,L4 Content,,False,1.3,True,False,https://diceus.com/erp-for-construction-company/,True,ERP for Construction Company: Six Benefits for Your Business,60,1.0,The ultimate guide to developing an ERP for construction company. Learn about the essential features of enterprise resource planning platforms for builders.,156,1.0,6 good reasons to use ERP for a construction company,1,1.0,3.0,2262,Article;BreadcrumbList;CommentAction;EntryPoint;ImageObject;ListItem;Organization;Person;ReadAction;SearchAction;WebPage;WebSite,False,2019-04-18T11:08:22+00:00,2026-09-01T11:57:38+00:00,,0,0,302,0,0,0.187,0.219,,0.145,https://diceus.com/14-key-benefits-of-erp/,167,292,0.0,x-default,en,True,True,False
https://diceus.com/senior-net-developer-3/,/senior-net-developer-3/,200,,True,post-sitemap.xml,2026-09-01T13:38:21+00:00,sitemap/seed,blog_post,L4 Content,,False,7.2,True,False,https://diceus.com/senior-net-developer-3/,True,Senior .NET Developer for Industrial Digitalization Project,59,1.0,DICEUS is looking for a Senior .NET Developer to join a project focused on industrial digitalization. More details are in this job post.,136,2.0,Senior .NET Developer,1,1.0,0.0,556,Article;BreadcrumbList;EntryPoint;ImageObject;ListItem;Organization;Person;ReadAction;SearchAction;WebPage;WebSite,False,2026-06-25T10:00:56+00:00,2026-09-01T13:38:21+00:00,2.0,1,1,283,0,0,0.201,0.853,"senior .net developer 25/06/2026, view details, apply for this job",0.329,https://diceus.com/hr-generalist-intern/,280,261,0.0,x-default,en,False,False,False
https://diceus.com/senior-hubspot-crm-cms-developer-part-time/,/senior-hubspot-crm-cms-developer-part-time/,200,,True,post-sitemap.xml,2026-09-01T13:41:42+00:00,sitemap/seed,blog_post,L4 Content,,True,9.4,True,False,https://diceus.com/senior-hubspot-crm-cms-developer-part-time/,True,Senior HubSpot CRM/CMS Developer (Part-Time) Open Job,53,1.0,DICEUS is looking for a Senior HubSpot CRM/CMS Developer (Part-time) for a digital transformation project. Read more in this job post.,134,1.0,Senior HubSpot CRM/CMS Developer (part-time),1,1.0,0.0,426,Article;BreadcrumbList;EntryPoint;ImageObject;ListItem;Organization;Person;ReadAction;SearchAction;WebPage;WebSite,False,2026-07-13T11:49:56+00:00,2026-09-01T13:41:42+00:00,2.0,1,1,283,0,0,0.201,0.853,"senior hubspot crm/cms developer (part-time) 13/07/2026, view details, apply for this job",0.3,https://diceus.com/senior-net-developer-3/,151,260,0.0,x-default,en,False,False,False
https://diceus.com/ceo-operation-manager/,/ceo-operation-manager/,200,,True,post-sitemap.xml,2026-09-01T13:46:04+00:00,sitemap/seed,blog_post,L4 Content,,False,5.3,True,False,https://diceus.com/ceo-operation-manager/,True,CEO Operation Manager - Open Jobs DICEUS,40,1.0,"DICEUS is looking for a CEO Operation Manager who will work directly with our CEO and help build a scalable, efficient, and high-performing company.",148,1.0,CEO Operation Manager,1,1.0,3.0,950,Article;BreadcrumbList;EntryPoint;ImageObject;ListItem;Organization;Person;ReadAction;SearchAction;WebPage;WebSite,False,2026-06-26T08:06:43+00:00,2026-09-01T13:46:04+00:00,2.0,1,1,283,0,0,0.201,0.853,"ceo operation manager 26/06/2026, view details, apply for this job",0.253,https://diceus.com/hr-generalist-intern/,224,266,0.0,x-default,en,False,False,False
https://diceus.com/erp-implementation-life-cycle/,/erp-implementation-life-cycle/,200,,True,post-sitemap.xml,2026-09-02T10:06:04+00:00,sitemap/seed,blog_post,L4 Content,,False,1.6,True,False,https://diceus.com/erp-implementation-life-cycle/,True,ERP Implementation Life Cycle - Key Frameworks & Phases,55,1.0,Choosing the right ERP implementation model is crucial. This guide breaks down 11 frameworks and helps you select the ideal strategy.,133,1.0,ERP implementation life cycle: Main frameworks and phases,1,1.0,16.0,3068,Answer;Article;BreadcrumbList;CommentAction;EntryPoint;FAQPage;ImageObject;ListItem;Organization;Person;Question;ReadAction;SearchAction;WebPage;WebSite,False,2024-09-26T09:00:00+00:00,2026-09-02T10:06:04+00:00,3.0,23,23,299,0,0,0.21,0.783,"erp implementation life cycle: main frameworks and phases, erp implementation life cycle: key phases and models, erp implementation life cycle",0.151,https://diceus.com/erp-software-development/,127,319,1.0,x-default,en,False,False,False
https://diceus.com/business-development-manager-2/,/business-development-manager-2/,200,,True,post-sitemap.xml,2026-09-02T10:45:16+00:00,sitemap/seed,blog_post,L4 Content,,False,3.9,True,False,https://diceus.com/business-development-manager-2/,True,Sales/Business Development Manager | DICEUS | DICEUS new job opportunities,74,1.0,"We're looking for a Business Development Manager! Apply to join our ambitious team if you have relevant experience. For more job details, please contact our recruiter.",167,1.0,Sales/Business Development Manager,1,1.0,4.0,1019,Article;BreadcrumbList;EntryPoint;ImageObject;ListItem;Organization;Person;ReadAction;SearchAction;WebPage;WebSite,False,2026-01-13T14:30:22+00:00,2026-09-02T10:45:16+00:00,2.0,1,1,283,0,0,0.201,0.853,"sales/business development manager 13/01/2026, view details, apply for this job",0.253,https://diceus.com/senior-hubspot-crm-cms-developer-part-time/,145,266,0.0,x-default,en,False,False,False
https://diceus.com/best-supply-chain-management-software/,/best-supply-chain-management-software/,200,,True,post-sitemap.xml,2026-09-04T12:21:43+00:00,sitemap/seed,blog_post,L4 Content,,False,1.7,True,False,https://diceus.com/best-supply-chain-management-software/,True,Best Supply Chain Management Software in 2025-2026: Actual List,63,1.0,"List of the best supply chain management solutions: Trends, types, features, and functionalities. Examples of top SCM software and their comparison.",148,1.0,List of the top SCM software to use in 2025-2026,1,1.0,11.0,4056,Answer;Article;BreadcrumbList;CommentAction;EntryPoint;FAQPage;ImageObject;ListItem;Organization;Person;Question;ReadAction;SearchAction;WebPage;WebSite,False,2025-10-01T05:00:00+00:00,2026-09-04T12:21:43+00:00,2.0,14,14,300,0,0,0.207,0.688,"list of the top scm software to use in 2025-2026, supply chain",0.199,https://diceus.com/industry/logistics/supply-chain-management/,141,328,0.0,x-default,en,False,False,False
https://diceus.com/bi-in-insurance/,/bi-in-insurance/,200,,True,post-sitemap.xml,2026-09-04T12:21:45+00:00,sitemap/seed,blog_post,L4 Content,,True,35.9,True,False,https://diceus.com/bi-in-insurance/,True,Insurance Business Intelligence Software: Benefits & Use Cases,62,1.0,"Insurance business intelligence software: Learn what it is, how it helps underwriting, claims, and pricing, and which features to look for when choosing a BI tool for insurers.",176,1.0,Choosing insurance business intelligence software: A complete guide for insurers,1,1.0,9.0,2816,Answer;Article;BreadcrumbList;EntryPoint;FAQPage;ImageObject;ListItem;Organization;Person;Question;ReadAction;SearchAction;WebPage;WebSite,False,2026-01-30T10:06:25+00:00,2026-09-04T12:21:45+00:00,2.0,55,10,309,0,0,1.3,0.73,choosing insurance business intelligence software: a complet,0.19,https://diceus.com/data-warehousing-for-insurance/,183,309,0.0,x-default,en,False,False,False
https://diceus.com/data-lake-vs-data-warehouse/,/data-lake-vs-data-warehouse/,200,,True,post-sitemap.xml,2026-09-04T12:21:48+00:00,sitemap/seed,blog_post,L4 Content,data_analytics_dwh,True,1.0,True,False,https://diceus.com/data-lake-vs-data-warehouse/,True,Data Lake vs. Data Warehouse: Benefits and Use Case | DICEUS,60,1.0,Explore the differences between data lakes and data warehouses. Learn how each storage solution optimizes data management and supports business intelligence.,157,1.0,Data lake vs. data warehouse: What’s the key difference?,1,1.0,8.0,3100,Answer;Article;BreadcrumbList;EntryPoint;FAQPage;ImageObject;ListItem;Organization;Person;Question;ReadAction;SearchAction;WebPage;WebSite,False,2025-04-22T11:40:56+00:00,2026-09-04T12:21:48+00:00,3.0,11,11,303,0,0,0.198,0.418,data lake vs. data warehouse: what's the key difference?,0.204,https://diceus.com/enterprise-data-warehouse-business-efficiency/,141,302,1.0,x-default,en,False,False,False
https://diceus.com/generative-ai-strategy/,/generative-ai-strategy/,200,,True,post-sitemap.xml,2026-09-04T12:21:49+00:00,sitemap/seed,blog_post,L4 Content,,False,0.5,True,False,https://diceus.com/generative-ai-strategy/,True,Generative AI Strategy: How to Implement | DICEUS,49,1.0,"Discover a guide, where you can learn how to integrate generative AI into your business to drive innovation, efficiency, and growth.",132,1.0,Generative AI strategy: Best practices to implement,1,1.0,6.0,3737,Answer;Article;BreadcrumbList;EntryPoint;FAQPage;ImageObject;ListItem;Organization;Person;Question;ReadAction;SearchAction;WebPage;WebSite,False,2025-08-19T13:36:40+00:00,2026-09-04T12:21:49+00:00,2.0,10,10,302,0,0,0.201,0.529,"generative ai strategy: best practices to implement, generative ai strategy",0.234,https://diceus.com/generative-ai-for-enterprises/,178,313,0.0,x-default,en,False,False,False
https://diceus.com/generative-ai-vs-predictive-ai/,/generative-ai-vs-predictive-ai/,200,,True,post-sitemap.xml,2026-09-04T12:21:52+00:00,sitemap/seed,blog_post,L4 Content,,False,1.5,True,False,https://diceus.com/generative-ai-vs-predictive-ai/,True,Generative AI vs. Predictive AI: What's the Difference? | DICEUS,64,1.0,"Explore the differences between Generative AI and Predictive AI. Understand their unique capabilities, use cases, & how they can transform your business.",153,1.0,Predictive AI vs. generative AI: A detailed comparison,1,1.0,10.0,3391,Answer;Article;BreadcrumbList;EntryPoint;FAQPage;ImageObject;ListItem;Organization;Person;Question;ReadAction;SearchAction;WebPage;WebSite,False,2025-08-22T12:54:49+00:00,2026-09-04T12:21:52+00:00,2.0,4,4,304,0,0,0.197,0.406,predictive ai vs. generative ai: a detailed comparison,0.327,https://diceus.com/generative-ai-vs-machine-learning/,137,309,0.0,x-default,en,False,False,False
https://diceus.com/top-ai-development-companies/,/top-ai-development-companies/,200,,True,post-sitemap.xml,2026-09-04T12:21:54+00:00,sitemap/seed,blog_post,L4 Content,,False,1.9,True,False,https://diceus.com/top-ai-development-companies/,True,Top AI Development Companies in 2025 | DICEUS,45,1.0,"Explore the top AI development companies in 2025. Our expert-curated list showcases leaders in AI innovation, helping you find the perfect partner.",147,1.0,Best AI development companies in 2025,1,1.0,6.0,2610,Answer;Article;BreadcrumbList;EntryPoint;FAQPage;ImageObject;ListItem;Organization;Person;Question;ReadAction;SearchAction;WebPage;WebSite,False,2025-04-18T12:52:48+00:00,2026-09-04T12:21:54+00:00,3.0,7,7,297,0,0,0.192,0.418,best ai development companies in 2025,0.235,https://diceus.com/top-ai-consulting-companies/,129,324,0.0,x-default,en,False,False,False
https://diceus.com/what-is-an-ai-agent/,/what-is-an-ai-agent/,200,,True,post-sitemap.xml,2026-09-04T12:21:56+00:00,sitemap/seed,blog_post,L4 Content,,False,1.6,True,False,https://diceus.com/what-is-an-ai-agent/,True,AI Agents: What is and How it Works | DICEUS,44,1.0,Learn how AI agents work and their impact on industries through intelligent automation on DICEUS’s comprehensive guide.,119,1.0,"AI agents: Key types, benefits, and use cases",1,1.0,17.0,3870,Answer;Article;BreadcrumbList;EntryPoint;FAQPage;ImageObject;ListItem;Organization;Person;Question;ReadAction;SearchAction;WebPage;WebSite,False,2025-08-15T08:45:08+00:00,2026-09-04T12:21:56+00:00,2.0,14,14,300,0,0,0.208,0.722,"ai agents: key types, benefits, and use cases",0.237,https://diceus.com/ai-agent-for-insurance/,127,314,0.0,x-default,en,False,False,False
https://diceus.com/why-captive-managers-are-moving-away-from-spreadsheets/,/why-captive-managers-are-moving-away-from-spreadsheets/,200,,True,post-sitemap.xml,2026-09-04T12:21:58+00:00,sitemap/seed,blog_post,L4 Content,alternative_risk,True,49.0,True,False,https://diceus.com/why-captive-managers-are-moving-away-from-spreadsheets/,True,Captive Management Software: Stop Using Spreadsheets,52,1.0,"Fragmented tools slow captive managers down. See how a purpose-built captive management platform brings policies, claims, compliance, and actuarial into one place.",163,1.0,Captive management software: Why captive managers are moving away from spreadsheets,1,1.0,5.0,1613,Article;BreadcrumbList;EntryPoint;ImageObject;ListItem;Organization;Person;ReadAction;SearchAction;WebPage;WebSite,False,2026-05-15T10:56:34+00:00,2026-09-04T12:21:58+00:00,2.0,6,6,299,0,0,0.191,0.433,captive management software: why captive managers are moving,0.346,https://diceus.com/insurance/solutions/captive-insurance/captive-management-platform/,214,296,0.0,x-default,en,False,False,False
https://diceus.com/intern-business-analysts/,/intern-business-analysts/,200,,True,post-sitemap.xml,2026-09-04T14:05:17+00:00,sitemap/seed,blog_post,L4 Content,,False,4.9,True,False,https://diceus.com/intern-business-analysts/,True,Intern Business Analysts - Open Positions at DICEUS,51,1.0,"We are looking for Intern Business Analysts, so if you are interested to join our internship programs, please apply. Details are in the post.",141,1.0,Intern Business Analysts,1,1.0,3.0,408,Article;BreadcrumbList;EntryPoint;ImageObject;ListItem;Organization;Person;ReadAction;SearchAction;WebPage;WebSite,False,2025-12-08T09:49:24+00:00,2026-09-04T14:05:17+00:00,2.0,1,1,283,0,0,0.201,0.853,"intern business analysts 08/12/2025, view details, apply for this job",0.319,https://diceus.com/sales-intern-insurance-and-fintech-saas-products/,129,260,0.0,x-default,en,False,False,False
https://diceus.com/webinar-automating-financial-operations-alternative-risk/,/webinar-automating-financial-operations-alternative-risk/,200,,True,post-sitemap.xml,2026-09-10T13:41:13+00:00,sitemap/seed,blog_post,L4 Content,alternative_risk,True,27.0,True,False,https://diceus.com/webinar-automating-financial-operations-alternative-risk/,True,Automating Financial Operations for Alternative Risk Companies,62,1.0,"DICEUS Webinar Recap: Watch the recoding of ""Beyond Excel – Automating Financial Operations for Alternative Risk Companies.""",124,1.0,Webinar recap: Beyond Excel – Automating Financial Operations for Alternative Risk Companies,1,1.0,0.0,593,Article;BreadcrumbList;EntryPoint;ImageObject;ListItem;Organization;Person;ReadAction;SearchAction;WebPage;WebSite,False,2026-09-10T13:10:45+00:00,2026-09-10T13:41:13+00:00,1.0,51,7,295,0,0,1.317,1.207,"webinar recap: beyond excel – automating financial operation, webinar: automating financial operations alternative risk co",0.348,https://diceus.com/webinar-recap-how-ai-is-changing-underwriting/,132,275,0.0,x-default,en,False,False,False
https://diceus.com/building-technology-ready-captive-ecosystem/,/building-technology-ready-captive-ecosystem/,200,,True,post-sitemap.xml,2026-09-11T12:02:45+00:00,sitemap/seed,blog_post,L4 Content,alternative_risk,True,26.6,True,False,https://diceus.com/building-technology-ready-captive-ecosystem/,True,Technology Readiness in Captive Insurance Ecosystems,52,1.0,"Explore how regulators, captive managers, and service providers can align data, reporting, and traceability to build a truly technology-ready captive ecosystem.",160,1.0,"Building a technology-ready captive ecosystem: The role of regulators, managers, and service providers",1,1.0,8.0,2289,Article;BreadcrumbList;EntryPoint;ImageObject;ListItem;Organization;Person;ReadAction;SearchAction;WebPage;WebSite,False,2026-09-07T10:55:23+00:00,2026-09-11T12:02:45+00:00,1.0,10,10,295,0,0,0.25,0.94,building a technology-ready captive ecosystem: the role of r,0.195,https://diceus.com/why-captive-managers-are-moving-away-from-spreadsheets/,116,291,0.0,x-default,en,False,False,False
https://diceus.com/enterprise-data-warehouse-business-efficiency/,/enterprise-data-warehouse-business-efficiency/,200,,True,post-sitemap.xml,2026-09-23T07:26:13+00:00,sitemap/seed,blog_post,L4 Content,data_analytics_dwh,True,0.9,True,False,https://diceus.com/enterprise-data-warehouse-business-efficiency/,True,How to Facilitate Your Business Utilizing Enterprise Data Warehouse,67,1.0,Enterprise Data Warehouse is an information bank leveraged to store critical data that can be utilized for facilitating their business practices.,145,1.0,Leveraging enterprise data warehouse to facilitate your business efficiency,1,1.0,7.0,3346,Article;BreadcrumbList;CommentAction;EntryPoint;ImageObject;ListItem;Organization;Person;ReadAction;SearchAction;WebPage;WebSite,False,2021-03-03T11:28:21+00:00,2026-09-23T07:26:13+00:00,4.0,7,7,306,0,0,0.192,0.35,"leveraging enterprise data warehouse to facilitate your busi, enterprise data warehouse, enterprise data warehouses",0.24,https://diceus.com/how-to-build-a-data-warehouse/,124,301,1.0,x-default,en,False,False,False
https://diceus.com/risks-legacy-erp/,/risks-legacy-erp/,200,,True,post-sitemap.xml,2026-09-23T07:27:17+00:00,sitemap/seed,blog_post,L4 Content,,False,1.8,True,False,https://diceus.com/risks-legacy-erp/,True,Modernizing Legacy ERP: Challenges to Address and Strategy to Follow,68,1.0,"Legacy ERP is a great obstacle that hampers business efforts. Modernizing it, you can leverage all high-tech innovations and realize your big-time aspirations.",159,1.0,Staying with legacy ERP or staying alive: A vital choice,1,1.0,6.0,2281,Article;BreadcrumbList;CommentAction;EntryPoint;ImageObject;ListItem;Organization;Person;ReadAction;SearchAction;WebPage;WebSite,False,2021-05-28T07:03:59+00:00,2026-09-23T07:27:17+00:00,4.0,2,2,303,0,0,0.188,0.258,"staying with legacy erp or staying alive, erp systems",0.143,https://diceus.com/how-to-migrate-data-erp/,91,292,0.0,x-default,en,False,False,False
https://diceus.com/poc-success-criteria/,/poc-success-criteria/,200,,True,post-sitemap.xml,2026-09-23T07:28:56+00:00,sitemap/seed,blog_post,L4 Content,,False,0.0,True,False,https://diceus.com/poc-success-criteria/,True,Proof of Concept Success Criteria - Launch the Best Project,59,1.0,Learn what does the POC mean and how it helps during development. Define key proof of concept success criteria. Find insights from market leaders.,146,1.0,Top 5 steps to define crucial POC success criteria,1,1.0,10.0,2543,Article;BreadcrumbList;CommentAction;EntryPoint;ImageObject;ListItem;Organization;Person;ReadAction;SearchAction;WebPage;WebSite,False,2020-12-18T13:18:35+00:00,2026-09-23T07:28:56+00:00,,0,0,299,0,0,0.187,0.219,,0.162,https://diceus.com/how-to-estimate-software-development-costs/,118,306,0.0,x-default,en,True,True,False
https://diceus.com/crm-development/,/crm-development/,200,,True,post-sitemap.xml,2026-09-23T07:35:43+00:00,sitemap/seed,blog_post,L4 Content,,False,0.6,True,False,https://diceus.com/crm-development/,True,Why Do You Need CRM Development and How to Choose a CRM?,56,1.0,Why consider custom CRM development? How to choose the best tools? Read the article to get the answers.,103,1.0,CRM development: Effective enterprise-grade solutions,1,1.0,18.0,4749,Answer;Article;BreadcrumbList;EntryPoint;FAQPage;ImageObject;ListItem;Organization;Person;Question;ReadAction;SearchAction;WebPage;WebSite,False,2025-08-21T07:00:00+00:00,2026-09-23T07:35:43+00:00,3.0,6,6,302,0,0,0.191,0.332,"crm development: effective enterprise-grade solutions, how is crm development effective?, discover",0.172,https://diceus.com/crm-modules-list/,144,339,0.0,x-default,en,False,False,False
https://diceus.com/how-to-create-improve-cx-for-insurance/,/how-to-create-improve-cx-for-insurance/,200,,True,post-sitemap.xml,2026-09-23T08:25:43+00:00,sitemap/seed,blog_post,L4 Content,customer_portal_cx,True,29.7,True,False,https://diceus.com/how-to-create-improve-cx-for-insurance/,True,Customer Experience in Insurance: Key Steps to Optimize,55,1.0,Discover the market-defining ways of shaping excellent CX that scales revenue growth and drives sales in the insurance sector.,126,1.0,How to improve customer experience in the insurance industry,1,1.0,7.0,3504,Answer;Article;BreadcrumbList;EntryPoint;FAQPage;ImageObject;ListItem;Organization;Person;Question;ReadAction;SearchAction;WebPage;WebSite,False,2024-01-25T12:30:00+00:00,2026-09-23T08:25:43+00:00,2.0,54,9,304,0,0,1.306,0.426,"how to improve customer experience in the insurance industry, customer analytics in banking, customer experience in your insurtech company",0.2,https://diceus.com/customer-journey-mapping-for-insurance/,859,311,0.0,x-default,en,False,False,False
https://diceus.com/senior-seo-ai-search-automation-specialist/,/senior-seo-ai-search-automation-specialist/,200,,True,post-sitemap.xml,2026-09-23T11:22:54+00:00,sitemap/seed,blog_post,L4 Content,,False,4.1,True,False,https://diceus.com/senior-seo-ai-search-automation-specialist/,True,Senior SEO & AI Search Automation Specialist,44,1.0,DICEUS is looking for a SEO & AI Search Automation Specialist. More details are in this job post.,97,2.0,Senior SEO & AI Search Automation Specialist,1,1.0,6.0,973,Article;BreadcrumbList;EntryPoint;ImageObject;ListItem;Organization;Person;ReadAction;SearchAction;WebPage;WebSite,False,2026-09-14T13:47:13+00:00,2026-09-23T11:22:54+00:00,2.0,1,1,283,0,0,0.201,0.853,"senior seo & ai search automation specialist 14/09/2026, view details, apply for this job",0.248,https://diceus.com/senior-hubspot-crm-cms-developer-part-time/,96,265,0.0,x-default,en,False,False,False
https://diceus.com/business-analyst-3/,/business-analyst-3/,200,,True,post-sitemap.xml,2026-09-24T09:20:44+00:00,sitemap/seed,blog_post,L4 Content,,True,27.6,True,False,https://diceus.com/business-analyst-3/,True,Business Analyst | DICEUS,25,1.0,"Open job positions at DICEUS: Outbound Research & Data Specialist (Insurance Tech). To learn more about the responsibilities and requirements, visit our site.",158,1.0,Business Analyst,1,1.0,5.0,689,Article;BreadcrumbList;EntryPoint;ImageObject;ListItem;Organization;Person;ReadAction;SearchAction;WebPage;WebSite,False,2026-09-21T11:33:22+00:00,2026-09-24T09:20:44+00:00,2.0,1,1,283,0,0,0.201,0.853,"business analyst 21/09/2026, view details, apply for this job",0.323,https://diceus.com/product-owner-insurance-tech-solutions/,138,262,0.0,x-default,en,False,False,False
https://diceus.com/product-owner-insurance-tech-solutions/,/product-owner-insurance-tech-solutions/,200,,True,post-sitemap.xml,2026-09-24T09:22:58+00:00,sitemap/seed,blog_post,L4 Content,,True,41.8,True,False,https://diceus.com/product-owner-insurance-tech-solutions/,True,Product Owner (Insurance Tech Solutions) | Open Jobs DICEUS,59,1.0,We are looking for a Product Owner (Insurance Tech Solutions) to join our product team. Check out for more details in the post.,127,1.0,Product Owner (Insurance Tech Solutions),1,1.0,10.0,598,Article;BreadcrumbList;EntryPoint;ImageObject;ListItem;Organization;Person;ReadAction;SearchAction;WebPage;WebSite,False,2025-03-12T12:29:37+00:00,2026-09-24T09:22:58+00:00,2.0,1,1,283,0,0,0.201,0.853,"product owner (insurance tech solutions) 12/03/2025, view details, apply for this job",0.323,https://diceus.com/sales-intern-insurance-and-fintech-saas-products/,157,262,0.0,x-default,en,False,False,False
https://diceus.com/full-stack-engineer/,/full-stack-engineer/,200,,True,post-sitemap.xml,2026-09-24T09:43:25+00:00,sitemap/seed,blog_post,L4 Content,,False,6.9,True,False,https://diceus.com/full-stack-engineer/,True,Full-Stack Engineer (.NET + Angular),36,1.0,DICEUS is looking for a SEO & AI Search Automation Specialist. More details are in this job post.,97,2.0,Full-Stack Engineer (.NET + Angular),1,1.0,0.0,577,Article;BreadcrumbList;EntryPoint;ImageObject;ListItem;Organization;Person;ReadAction;SearchAction;WebPage;WebSite,False,2026-09-18T08:54:02+00:00,2026-09-24T09:43:25+00:00,2.0,1,1,283,0,0,0.201,0.853,"full-stack engineer (.net + angular) 18/09/2026, view details, apply for this job",0.319,https://diceus.com/senior-net-developer-3/,120,261,0.0,x-default,en,False,False,False
https://diceus.com/ai-product-designer-product-prototyping-specialist/,/ai-product-designer-product-prototyping-specialist/,200,,True,post-sitemap.xml,2026-09-24T09:48:53+00:00,sitemap/seed,blog_post,L4 Content,,True,13.1,True,False,https://diceus.com/ai-product-designer-product-prototyping-specialist/,True,AI Product Designer,19,1.0,DICEUS is looking for a Senior .NET Developer to join a project focused on industrial digitalization. More details are in this job post.,136,2.0,AI Product Designer / Product Prototyping Specialist,1,1.0,0.0,840,Article;BreadcrumbList;EntryPoint;ImageObject;ListItem;Organization;Person;ReadAction;SearchAction;WebPage;WebSite,False,2026-09-14T09:52:08+00:00,2026-09-24T09:48:53+00:00,2.0,1,1,283,0,0,0.201,0.853,"ai product designer / product prototyping specialist 14/09/2, view details, apply for this job",0.317,https://diceus.com/full-stack-engineer/,109,264,0.0,x-default,en,False,False,False
https://diceus.com/ai-workflow-automation/,/ai-workflow-automation/,200,,True,post-sitemap.xml,2026-09-24T11:36:53+00:00,sitemap/seed,blog_post,L4 Content,,False,1.0,True,False,https://diceus.com/ai-workflow-automation/,True,AI Workflow Automation: What It Is and How It Works | DICEUS,60,1.0,"This article tells about artificial intelligence for workflow automation, its value for a business, and AI’s impact on analytics and other routine processes.",157,1.0,AI for workflow automation: Full guide for 2025,1,1.0,8.0,2877,Answer;Article;BreadcrumbList;EntryPoint;FAQPage;ImageObject;ListItem;Organization;Person;Question;ReadAction;SearchAction;WebPage;WebSite,False,2024-10-21T12:31:50+00:00,2026-09-24T11:36:53+00:00,3.0,9,9,304,0,0,0.201,0.466,"ai for workflow automation: full guide for 2025, automating repetitive tasks, artificial intelligence to automate simple and repetitive ta",0.186,https://diceus.com/artificial-intelligence-finance/,102,314,0.0,x-default,en,False,False,False
https://diceus.com/ai-agent-for-customer-service/,/ai-agent-for-customer-service/,200,,True,post-sitemap.xml,2026-09-24T11:39:09+00:00,sitemap/seed,blog_post,L4 Content,,False,4.8,True,False,https://diceus.com/ai-agent-for-customer-service/,True,AI Agent for Customer Service: Use Cases and Benefits | DICEUS,62,1.0,"Enhance customer service with AI agents from DICEUS. Improve efficiency, personalization, and satisfaction. Discover more on our blog!",134,1.0,AI agents for customer service: How to implement,1,1.0,7.0,3980,Answer;Article;BreadcrumbList;EntryPoint;FAQPage;ImageObject;ListItem;Organization;Person;Question;ReadAction;SearchAction;WebPage;WebSite,False,2025-04-30T11:44:32+00:00,2026-09-24T11:39:09+00:00,3.0,4,4,306,0,0,0.19,0.355,"ai agents for customer service: how to implement, ai agents are used in insurance, ai agents can improve customer service",0.27,https://diceus.com/ai-agent-for-insurance/,152,330,0.0,x-default,en,False,False,False
https://diceus.com/top-chatbot-development-companies/,/top-chatbot-development-companies/,200,,True,post-sitemap.xml,2026-09-24T11:50:59+00:00,sitemap/seed,blog_post,L4 Content,,False,1.5,True,False,https://diceus.com/top-chatbot-development-companies/,True,Top 10 Chatbot Development Companies in 2025 | DICEUS,53,1.0,"Discover the top chatbot development companies, offering innovative solutions to enhance customer engagement and streamline business operations 🚀",145,1.0,Best chatbot development companies for 2025,1,1.0,5.0,2645,Answer;Article;BreadcrumbList;EntryPoint;FAQPage;ImageObject;ListItem;Organization;Person;Question;ReadAction;SearchAction;WebPage;WebSite,False,2025-02-26T10:09:22+00:00,2026-09-24T11:50:59+00:00,3.0,7,7,299,0,0,0.192,0.424,best chatbot development companies for 2025,0.212,https://diceus.com/top-ai-development-companies/,138,332,0.0,x-default,en,False,False,False
https://diceus.com/how-to-build-a-fintech-app/,/how-to-build-a-fintech-app/,200,,True,post-sitemap.xml,2026-09-24T12:11:03+00:00,sitemap/seed,blog_post,L4 Content,,False,4.4,True,False,https://diceus.com/how-to-build-a-fintech-app/,True,How to Build a Fintech App in 2026: A Compelling Guide | DICEUS,63,1.0,"Learn how to build a fintech app and get more information about the types, stages, and benefits of custom solutions.",116,1.0,"How to build a fintech app in 2026: Types, stages, and requirements",1,1.0,7.0,4554,Answer;Article;BreadcrumbList;EntryPoint;FAQPage;ImageObject;ListItem;Organization;Person;Question;ReadAction;SearchAction;WebPage;WebSite,False,2026-06-09T07:00:00+00:00,2026-09-24T12:11:03+00:00,2.0,12,12,310,0,0,0.207,0.753,"how to build a fintech app in 2026: types, stages, and requi, “how to build a fintech app”, how to build a fintech app: types, stages, and requirements",0.197,https://diceus.com/guide-to-personal-finance-app-development/,105,322,0.0,x-default,en,False,False,False
https://diceus.com/ai-for-image-recognition/,/ai-for-image-recognition/,200,,True,post-sitemap.xml,2026-09-24T12:27:33+00:00,sitemap/seed,blog_post,L4 Content,,False,4.0,True,False,https://diceus.com/ai-for-image-recognition/,True,AI for Image Recognition: How It Works and Key Benefits in 2024,63,1.0,Artificial intelligence for image recognition is a powerful computer vision technology and AI tool used to process images and step up your business workflows.,158,1.0,AI-based image recognition: Main advantages and real examples,1,1.0,8.0,2743,Answer;Article;BreadcrumbList;EntryPoint;FAQPage;ImageObject;ListItem;Organization;Person;Question;ReadAction;SearchAction;WebPage;WebSite,False,2024-08-28T10:00:00+00:00,2026-09-24T12:27:33+00:00,3.0,5,5,300,0,0,0.19,0.391,"ai-based image recognition: main advantages and real example, image r, image data",0.221,https://diceus.com/types-of-ai-models/,181,304,0.0,x-default,en,False,False,False
https://diceus.com/cloud-deployment-models/,/cloud-deployment-models/,200,,True,post-sitemap.xml,2026-09-24T12:28:31+00:00,sitemap/seed,blog_post,L4 Content,,False,0.0,True,False,https://diceus.com/cloud-deployment-models/,True,Cloud Deployment Models: Main Types and Detailed Comparison,59,1.0,"In this article, you’ll learn about key different types of cloud deployment models. Find the one that has the most value for your business.",139,1.0,Cloud deployment models: Key pros and cons of each model,1,1.0,7.0,3349,Answer;Article;BreadcrumbList;CommentAction;EntryPoint;FAQPage;ImageObject;ListItem;Organization;Person;Question;ReadAction;SearchAction;WebPage;WebSite,False,2024-12-08T07:00:00+00:00,2026-09-24T12:28:31+00:00,3.0,10,10,302,0,0,0.194,0.435,"cloud deployment models: key pros and cons of each model, multi-cloud, cloud deployment models: overview and comparison",0.255,https://diceus.com/how-to-deal-with-multi-cloud-architecture/,139,317,0.0,x-default,en,False,False,False
https://diceus.com/data-governance-banks-benefits/,/data-governance-banks-benefits/,200,,True,post-sitemap.xml,2026-09-24T12:29:33+00:00,sitemap/seed,blog_post,L4 Content,data_analytics_dwh,True,1.0,True,False,https://diceus.com/data-governance-banks-benefits/,True,Benefits of Data Governance in Banking | DICEUS,47,1.0,"Data governance in banking: Goals, benefits, and the essentials of implementation for financial organizations.",110,1.0,Data governance for banks: Top 5 benefits of implementing,1,1.0,6.0,2033,Answer;Article;BreadcrumbList;EntryPoint;FAQPage;ImageObject;ListItem;Organization;Person;Question;ReadAction;SearchAction;WebPage;WebSite,False,2023-12-07T14:26:32+00:00,2026-09-24T12:29:33+00:00,3.0,8,8,308,0,0,0.2,0.455,"data governance for banks: top 5 benefits of implementing, data governance, “data governance for banks: top 5 benefits of implementing”",0.211,https://diceus.com/master-data-management-in-banking/,158,302,0.0,x-default,en,False,False,False
https://diceus.com/dedicated-development-team-for-your-advantage/,/dedicated-development-team-for-your-advantage/,200,,True,post-sitemap.xml,2026-09-24T12:37:16+00:00,sitemap/seed,blog_post,L4 Content,,False,0.0,True,False,https://diceus.com/dedicated-development-team-for-your-advantage/,True,"Dedicated Development Team — Definition, Process, Types | DICEUS",64,1.0,A timely hired dedicated development team helps handle the most complex tasks in the most efficient manner. Learn how to gather such a team and indulge in other benefits it gives.,179,1.0,How to successfully set up a dedicated development team model,1,1.0,18.0,3718,Answer;Article;BreadcrumbList;CommentAction;EntryPoint;FAQPage;ImageObject;ListItem;Organization;Person;Question;ReadAction;SearchAction;WebPage;WebSite,False,2022-05-18T08:10:00+00:00,2026-09-24T12:37:16+00:00,3.0,2,2,300,0,0,0.188,0.287,"how to set up a dedicated team for your project?, dedicated offshore team setup",0.211,https://diceus.com/offshore-dedicated-team/,135,326,0.0,x-default,en,False,False,False
https://diceus.com/digital-wallet-app-development/,/digital-wallet-app-development/,200,,True,post-sitemap.xml,2026-09-24T12:39:26+00:00,sitemap/seed,blog_post,L4 Content,,False,4.7,True,False,https://diceus.com/digital-wallet-app-development/,True,How to Build a Mobile Wallet App: Step-by-Step Guide | DICEUS,61,1.0,"Explore digital wallet app development to learn how custom apps enhance payment security, streamline transactions, and improve user convenience.",144,1.0,Digital wallet app development: Benefits and key features,1,1.0,9.0,3862,Answer;Article;BreadcrumbList;EntryPoint;FAQPage;ImageObject;ListItem;Organization;Person;Question;ReadAction;SearchAction;WebPage;WebSite,False,2025-08-21T13:19:51+00:00,2026-09-24T12:39:26+00:00,2.0,8,8,305,0,0,0.207,0.513,digital wallet app development: benefits and key features,0.3,https://diceus.com/how-to-build-a-mobile-banking-app/,210,312,0.0,x-default,en,False,False,False
https://diceus.com/engagement-models-it-industry/,/engagement-models-it-industry/,200,,True,post-sitemap.xml,2026-09-24T12:40:30+00:00,sitemap/seed,blog_post,L4 Content,,False,1.9,True,False,https://diceus.com/engagement-models-it-industry/,True,Engagement Models in Software Development | DICEUS,50,1.0,"In this article, you will learn what engagement models are and how they differ from one another. Discover how to choose the right engagement model for your project.",164,1.0,Engagement models in the IT industry,1,1.0,7.0,2116,Article;BreadcrumbList;CommentAction;EntryPoint;ImageObject;ListItem;Organization;Person;ReadAction;SearchAction;WebPage;WebSite,False,2021-09-30T06:59:13+00:00,2026-09-24T12:40:30+00:00,4.0,2,2,298,0,0,0.188,0.277,"engagement models in the it industry, engagement schemes",0.166,https://diceus.com/dedicated-development-team-for-your-advantage/,124,289,0.0,x-default,en,False,False,False
https://diceus.com/erp-software-development/,/erp-software-development/,200,,True,post-sitemap.xml,2026-09-24T12:43:17+00:00,sitemap/seed,blog_post,L4 Content,,False,1.1,True,False,https://diceus.com/erp-software-development/,True,ERP Software Development: Full Guide for 2025 | DICEUS,54,1.0,"Explore our full guide to ERP software development. Learn more about enterprise resource planning types, modules, and the dev process.",134,1.0,How to build custom ERP: Main types and key features,1,1.0,16.0,4473,Answer;Article;BreadcrumbList;CommentAction;EntryPoint;FAQPage;ImageObject;ListItem;Organization;Person;Question;ReadAction;SearchAction;WebPage;WebSite,False,2024-11-14T09:00:00+00:00,2026-09-24T12:43:17+00:00,3.0,25,25,315,0,0,0.212,0.831,"how to build custom erp: main types and key features, erp software development: how to build a custom solution, erp software",0.216,https://diceus.com/difference-between-mis-and-erp/,222,341,0.0,x-default,en,False,False,False
https://diceus.com/how-change-requests-management-works/,/how-change-requests-management-works/,200,,True,post-sitemap.xml,2026-09-24T12:45:14+00:00,sitemap/seed,blog_post,L4 Content,,False,5.0,True,False,https://diceus.com/how-change-requests-management-works/,True,Change Requests Management in Software Development,50,1.0,Learn how change requests management works in software project development. Here our VP of engineering explain how this process works in general and how it works at Diceus.,172,1.0,How change requests management in software development works,1,1.0,3.0,1600,Article;BreadcrumbList;CommentAction;EntryPoint;ImageObject;ListItem;Organization;Person;ReadAction;SearchAction;WebPage;WebSite,False,2020-05-22T07:17:31+00:00,2026-09-24T12:45:14+00:00,5.0,2,2,299,0,0,0.188,0.244,"specification of software, how change request management works",0.13,https://diceus.com/what-is-a-traceability-matrix/,136,290,1.0,x-default,en,False,False,False
https://diceus.com/how-to-build-a-data-warehouse/,/how-to-build-a-data-warehouse/,200,,True,post-sitemap.xml,2026-09-24T12:51:43+00:00,sitemap/seed,blog_post,L4 Content,data_analytics_dwh,True,0.0,True,False,https://diceus.com/how-to-build-a-data-warehouse/,True,How to Build a Data Warehouse from Scratch in 2025 | DICEUS,59,1.0,"The article informs about the types of DWH architecture, existing approaches to its creation and offers a step-by-step strategy on how to build a data warehouse.",161,1.0,Key steps to building a data warehouse in 2025,1,1.0,10.0,4981,Answer;Article;BreadcrumbList;EntryPoint;FAQPage;ImageObject;ListItem;Organization;Person;Question;ReadAction;SearchAction;WebPage;WebSite,False,2024-06-12T07:00:00+00:00,2026-09-24T12:51:43+00:00,3.0,13,13,314,0,0,0.199,0.491,"key steps to building a data warehouse in 2025, how to build a data warehouse from scratch, learn how.",0.24,https://diceus.com/enterprise-data-warehouse-business-efficiency/,175,323,0.0,x-default,en,False,False,False
https://diceus.com/how-to-create-an-investment-app/,/how-to-create-an-investment-app/,200,,True,post-sitemap.xml,2026-09-24T12:54:47+00:00,sitemap/seed,blog_post,L4 Content,,False,3.5,True,False,https://diceus.com/how-to-create-an-investment-app/,True,Investment App Development: Main Types and Key Features,55,1.0,"Learn about the nature, types, and features of investment apps, their benefits for financial niche players, and the roadmap for investment app development.",155,1.0,How to create an investment app in 2026: Step-by-step guide,1,1.0,9.0,3697,Answer;Article;BreadcrumbList;EntryPoint;FAQPage;ImageObject;ListItem;Organization;Person;Question;ReadAction;SearchAction;WebPage;WebSite,False,2025-10-02T08:00:00+00:00,2026-09-24T12:54:47+00:00,2.0,8,8,307,0,0,0.207,0.458,"how to create an investment app in 2026: step-by-step guide, enjoy a dedicated app",0.244,https://diceus.com/guide-to-personal-finance-app-development/,108,326,0.0,x-default,en,False,False,False
https://diceus.com/java-vs-php-enterprise-applications/,/java-vs-php-enterprise-applications/,200,,True,post-sitemap.xml,2026-09-24T12:55:39+00:00,sitemap/seed,blog_post,L4 Content,,False,2.4,True,False,https://diceus.com/java-vs-php-enterprise-applications/,True,Java vs PHP for Enterprise Apps: Choosing the Best Technology,61,1.0,Comparing Java vs PHP for enterprise applications: Pros and cons of languages for enterprise-grade solutions.,109,1.0,Java vs PHP for enterprise applications: A compelling comparison,1,1.0,6.0,1667,Article;BreadcrumbList;EntryPoint;ImageObject;ListItem;Organization;Person;ReadAction;SearchAction;WebPage;WebSite,False,2026-02-27T07:00:00+00:00,2026-09-24T12:55:39+00:00,2.0,6,6,300,0,0,0.202,0.467,"java vs php for enterprise applications: a compelling compar, a compelling report on java vs php for enterprise applicatio",0.29,https://diceus.com/java-vs-ror-enterprise-applications-battle-will-never-end/,146,288,0.0,x-default,en,False,False,False
https://diceus.com/life-insurance-product-development-process/,/life-insurance-product-development-process/,200,,True,post-sitemap.xml,2026-09-24T13:02:19+00:00,sitemap/seed,blog_post,L4 Content,,True,28.6,True,False,https://diceus.com/life-insurance-product-development-process/,True,Life Insurance Software Product Development Process | DICEUS,60,1.0,Life insurance software product development process: Guidance in building custom insurtech systems and DICEUS insurance expertise.,130,1.0,Life insurance software product development process: Full guide,1,1.0,7.0,2728,Answer;Article;BreadcrumbList;CommentAction;EntryPoint;FAQPage;ImageObject;ListItem;Organization;Person;Question;ReadAction;SearchAction;WebPage;WebSite,False,2024-04-22T07:00:00+00:00,2026-09-24T13:02:19+00:00,2.0,63,18,303,0,0,1.324,0.69,"life insurance software product development process: full gu, life insurance software product development process, latest article",0.145,https://diceus.com/insurance-policy-management-software/,109,300,0.0,x-default,en,False,False,False
https://diceus.com/managed-it-services-vs-staff-augmentation/,/managed-it-services-vs-staff-augmentation/,200,,True,post-sitemap.xml,2026-09-24T13:14:34+00:00,sitemap/seed,blog_post,L4 Content,,False,0.0,True,False,https://diceus.com/managed-it-services-vs-staff-augmentation/,True,IT Staff Augmentation vs Managed Services | DICEUS,50,1.0,How to streamline IT team administration? Learn about the difference between staff augmentation vs managed services and pick the best suiting solution.,151,1.0,IT staff augmentation vs managed services – What to choose?,1,1.0,13.0,2783,Answer;Article;BreadcrumbList;CommentAction;EntryPoint;FAQPage;ImageObject;ListItem;Organization;Person;Question;ReadAction;SearchAction;WebPage;WebSite,False,2022-06-13T05:30:00+00:00,2026-09-24T13:14:34+00:00,2.0,3,3,294,0,0,0.198,0.278,"managed it services vs staff augmentation: what’s the differ, digital transformation, it staff augmentation vs managed services",0.17,https://diceus.com/frequent-questions-on-staff-augmentation/,159,297,0.0,x-default,en,False,False,False
https://diceus.com/meftech-riyadh-exhibition/,/meftech-riyadh-exhibition/,200,,True,post-sitemap.xml,2026-09-24T13:16:11+00:00,sitemap/seed,blog_post,L4 Content,,False,6.5,True,False,https://diceus.com/meftech-riyadh-exhibition/,True,DICEUS at MEFTECH Event in Riyadh,33,1.0,"DICEUS, IT company, joined MEFTECH event in Riyadh on February 25-26, 2020. Read more details in the article.",109,1.0,DICEUS joins MEFTECH event in Riyadh,1,1.0,1.0,618,Article;BreadcrumbList;EntryPoint;ImageObject;ListItem;Organization;Person;ReadAction;SearchAction;WebPage;WebSite,False,2020-02-18T12:09:00+00:00,2026-09-24T13:16:11+00:00,3.0,1,1,294,0,0,0.188,0.234,diceus joins meftech event in riyadh on february 25-26,0.318,https://diceus.com/diceus-ceo-illia-pinchuk-insurtech-leadership-podcast/,123,274,0.0,x-default,en,False,False,False
https://diceus.com/need-know-consider-developer-cost/,/need-know-consider-developer-cost/,200,,True,post-sitemap.xml,2026-09-24T13:17:09+00:00,sitemap/seed,blog_post,L4 Content,,False,0.9,True,False,https://diceus.com/need-know-consider-developer-cost/,True,Software Development Costs (2025-2026) - DICEUS,47,1.0,Here are 12 factors to consider when estimating software development costs in 2025-2026 + Map with global prices.,113,1.0,Top 12 factors affecting software development costs in 2025-2026,1,1.0,14.0,2221,Answer;Article;BreadcrumbList;CommentAction;EntryPoint;FAQPage;ImageObject;ListItem;Organization;Person;Question;ReadAction;SearchAction;WebPage;WebSite,False,2023-09-29T06:00:00+00:00,2026-09-24T13:17:09+00:00,4.0,2,2,309,0,0,0.188,0.274,"top 10+ factors affecting software development costs, top 12 factors affecting software development costs",0.146,https://diceus.com/flutter-app-development-price/,138,296,0.0,x-default,en,False,False,False
https://diceus.com/problems-of-outsourcing/,/problems-of-outsourcing/,200,,True,post-sitemap.xml,2026-09-24T13:20:31+00:00,sitemap/seed,blog_post,L4 Content,,False,1.1,True,False,https://diceus.com/problems-of-outsourcing/,True,10 Problems of Outsourcing and How to Solve Them | DICEUS,57,1.0,We've described common outsourcing problems and tips to overcome them. Check our solutions to outsourcing and understand these potential problems and stop them before they happen.,179,1.0,10 problems of outsourcing and ways how to solve them,1,1.0,11.0,2722,Article;BreadcrumbList;CommentAction;EntryPoint;ImageObject;ListItem;Organization;Person;ReadAction;SearchAction;WebPage;WebSite,False,2021-06-08T13:23:02+00:00,2026-09-24T13:20:31+00:00,4.0,1,1,304,0,0,0.188,0.233,disadvantages of it outsourcing,0.184,https://diceus.com/offshore-dedicated-team/,117,293,0.0,x-default,en,False,False,False
https://diceus.com/risks-of-it-outsourcing-how-to-manage-them/,/risks-of-it-outsourcing-how-to-manage-them/,200,,True,post-sitemap.xml,2026-09-24T13:23:06+00:00,sitemap/seed,blog_post,L4 Content,,False,0.0,True,False,https://diceus.com/risks-of-it-outsourcing-how-to-manage-them/,True,Top 8 Risks of IT Outsourcing and How to Manage Them | DICEUS,61,1.0,Most common IT outsourcing risks and solutions to manage them. Learn about the pros and cons of outsourcing software development.,129,1.0,8 risks of IT outsourcing and ways to avoid those,1,1.0,6.0,3195,Article;BreadcrumbList;CommentAction;EntryPoint;ImageObject;ListItem;Organization;Person;ReadAction;SearchAction;WebPage;WebSite,False,2023-10-13T07:00:00+00:00,2026-09-24T13:23:06+00:00,3.0,5,5,304,0,0,0.19,0.319,"8 risks of it outsourcing and ways to avoid those, risks, “how to manage it outsourcing risks”",0.177,https://diceus.com/problems-of-outsourcing/,115,297,0.0,x-default,en,False,False,False
https://diceus.com/role-of-project-manager/,/role-of-project-manager/,200,,True,post-sitemap.xml,2026-09-24T13:24:24+00:00,sitemap/seed,blog_post,L4 Content,,False,2.6,True,False,https://diceus.com/role-of-project-manager/,True,Role of Project Manager: Why Do Developers Need a PM?,53,1.0,What is the role of Project Manager? Here are the top reasons why you need to hire a PM to effectively manage your team.,120,1.0,Why do developers need a Project Manager?,1,1.0,8.0,2296,Answer;Article;BreadcrumbList;CommentAction;EntryPoint;FAQPage;ImageObject;ListItem;Organization;Person;Question;ReadAction;SearchAction;WebPage;WebSite,False,2022-04-08T13:42:26+00:00,2026-09-24T13:24:24+00:00,3.0,10,10,297,0,0,0.197,0.456,"project managers, project manager, pms",0.129,https://diceus.com/offshore-dedicated-team/,141,291,0.0,x-default,en,False,False,False
https://diceus.com/software-development-challenges/,/software-development-challenges/,200,,True,post-sitemap.xml,2026-09-24T13:25:30+00:00,sitemap/seed,blog_post,L4 Content,,False,0.7,True,False,https://diceus.com/software-development-challenges/,True,Top 5 Software Development Challenges and How to Overcome Them,62,1.0,The article reviews the most common challenges in software development and maps out strategies to address them.,111,1.0,Solutions to top 5 software development challenges,1,1.0,8.0,2907,Article;BreadcrumbList;CommentAction;EntryPoint;ImageObject;ListItem;Organization;Person;ReadAction;SearchAction;WebPage;WebSite,False,2021-03-10T08:06:22+00:00,2026-09-24T13:25:30+00:00,4.0,1,1,304,0,0,0.188,0.246,solutions to top 5 software development challenges,0.134,https://diceus.com/enterprise-mobile-application-development-guide/,141,301,0.0,x-default,en,False,False,False
https://diceus.com/the-role-and-use-of-big-data-in-banking-and-financial-services/,/the-role-and-use-of-big-data-in-banking-and-financial-services/,200,,True,post-sitemap.xml,2026-09-24T13:26:59+00:00,sitemap/seed,blog_post,L4 Content,data_analytics_dwh,True,0.3,True,False,https://diceus.com/the-role-and-use-of-big-data-in-banking-and-financial-services/,True,Big Data in Banking: Key Benefits and Main Challenges | DICEUS,62,1.0,"Learn about the role of big data in banking and finance industries. Discover the main use cases, benefits, and challenges of big data.",134,1.0,Big data in banking: Uses and future prospects,1,1.0,12.0,3747,Answer;Article;BreadcrumbList;CommentAction;EntryPoint;FAQPage;ImageObject;ListItem;Organization;Person;Question;ReadAction;SearchAction;WebPage;WebSite,False,2024-06-10T10:25:08+00:00,2026-09-24T13:26:59+00:00,2.0,10,10,316,0,0,0.214,0.546,"big data in banking: uses and future prospects, big data in banking: key benefits and main challenges, big data in banking",0.183,https://diceus.com/customer-analytics-software-for-banks/,187,328,0.0,x-default,en,False,False,False
https://diceus.com/hire-software-developers-ukraine/,/hire-software-developers-ukraine/,200,,True,post-sitemap.xml,2026-09-24T14:01:33+00:00,sitemap/seed,blog_post,L4 Content,,False,0.2,True,False,https://diceus.com/hire-software-developers-ukraine/,True,Hire Software Developers in Ukraine (Real Situation 2022) | DICEUS,66,1.0,"IT sector in Ukraine 2022: Find all important information about how to hire remote developers (All data checked for facts!). Read about prices, risks, services, and benefits.",174,1.0,"How to hire developers in Ukraine after February 24, 2022",1,1.0,15.0,4164,Answer;Article;BreadcrumbList;CommentAction;EntryPoint;FAQPage;ImageObject;ListItem;Organization;Person;Question;ReadAction;SearchAction;WebPage;WebSite,False,2022-04-19T07:38:10+00:00,2026-09-24T14:01:33+00:00,3.0,6,6,302,0,0,0.191,0.33,"ukrainian engineers, how to hire developers in ukraine, learn",0.172,https://diceus.com/best-countries-to-outsource-software-development/,100,323,0.0,x-default,en,False,False,False
https://diceus.com/diceus-ceo-illia-pinchuk-on-the-riskcellar-podcast/,/diceus-ceo-illia-pinchuk-on-the-riskcellar-podcast/,200,,True,post-sitemap.xml,2026-09-30T13:45:34+00:00,sitemap/seed,blog_post,L4 Content,,True,35.3,True,False,https://diceus.com/diceus-ceo-illia-pinchuk-on-the-riskcellar-podcast/,True,Illia Pinchuk Speaks on the RiskCellar Podcast,46,1.0,"Illia Pinchuk, DICEUS CEO and Founder, speaks on the RiskCellar podcast about how AI is changing insurance software.",116,1.0,DICEUS CEO Illia Pinchuk on the RiskCellar podcast,1,1.0,0.0,397,Article;BreadcrumbList;EntryPoint;ImageObject;ListItem;Organization;Person;ReadAction;SearchAction;WebPage;WebSite,False,2026-09-30T13:45:33+00:00,2026-09-30T13:45:34+00:00,1.0,54,9,292,0,0,1.327,1.2,diceus ceo illia pinchuk on the riskcellar podcast,0.544,https://diceus.com/diceus-ceo-illia-pinchuk-insurtech-leadership-podcast/,137,271,0.0,x-default,en,False,False,False
https://diceus.com/artificial-intelligence-in-insurance-claims-management/,/artificial-intelligence-in-insurance-claims-management/,200,,True,post-sitemap.xml,2026-10-05T11:59:08+00:00,sitemap/seed,blog_post,L4 Content,claims,True,64.2,True,False,https://diceus.com/artificial-intelligence-in-insurance-claims-management/,True,"AI in Insurance Claims: Use Cases, Benefits, Implementation Steps",65,1.0,Here’s a guide for insurers on the implementation of AI in insurance claims: Learn about the benefits and technology challenges associated with such projects.,158,1.0,Artificial intelligence in insurance claims management,1,1.0,5.0,1932,Answer;Article;BreadcrumbList;EntryPoint;FAQPage;ImageObject;ListItem;Organization;Person;Question;ReadAction;SearchAction;WebPage;WebSite,False,2024-02-26T08:00:00+00:00,2026-10-05T11:59:08+00:00,2.0,50,6,300,0,0,1.303,0.406,"artificial intelligence in insurance claims management, discover how ai can help automate claim processing in insura, ai in claims",0.254,https://diceus.com/artificial-intelligence-in-car-insurance/,102,297,0.0,x-default,en,False,False,False
https://diceus.com/predictive-analytics-insurance/,/predictive-analytics-insurance/,200,,True,post-sitemap.xml,2026-10-05T12:19:07+00:00,sitemap/seed,blog_post,L4 Content,data_analytics_dwh,True,38.2,True,False,https://diceus.com/predictive-analytics-insurance/,True,Predictive Analytics in Insurance: Role and Use Cases | DICEUS,62,1.0,"In this article, we explain the role of predictive analytics in the insurance industry and its benefits, as well as provide the most common use cases.",150,1.0,"Predictive analytics in insurance: Role, benefits and use cases",1,1.0,7.0,2410,Answer;Article;BreadcrumbList;CommentAction;EntryPoint;FAQPage;ImageObject;ListItem;Organization;Person;Question;ReadAction;SearchAction;WebPage;WebSite,False,2025-01-23T07:00:00+00:00,2026-10-05T12:19:07+00:00,2.0,19,19,303,0,0,0.222,0.783,"predictive analytics in insurance: role, benefits and use ca, predictive analytics, analytical",0.188,https://diceus.com/ai-for-predictive-analytics/,133,303,0.0,x-default,en,False,False,False
https://diceus.com/careers/,/careers/,200,,True,page-sitemap.xml,2022-04-11T14:40:03+00:00,sitemap/seed,company,Corporate,,False,5.9,True,False,https://diceus.com/careers/,True,Open Jobs at DICEUS | Start your IT career with us today,56,1.0,Your future depends on what you are currently doing. Let DICEUS be a part of your future! We pay careful attention to our employees and do our best in order for each member of our team to feel comfortable in the workplace.,222,1.0,Careers,1,1.0,1.0,338,BreadcrumbList;EntryPoint;ImageObject;ListItem;Organization;ReadAction;SearchAction;WebPage;WebSite,False,,2022-04-11T14:40:03+00:00,1.0,812,15,324,0,0,4.05,10.126,careers we are hiring! open jobs to join our team,0.256,https://diceus.com/intern-lead-generation-specialist-and-sales/,119,245,0.0,x-default,en,False,False,False
https://diceus.com/cookie-policy/,/cookie-policy/,200,,True,page-sitemap.xml,2022-08-29T16:22:29+00:00,sitemap/seed,legal,Utility,,False,0.0,True,False,https://diceus.com/cookie-policy/,True,Cookie Policy | DICEUS,22,1.0,"Cookie Policy 1. Introduction This Policy applies to any websites, branded pages at third-party platforms (such as Facebook or YouTube), and apps accessed or used through such websites or third-party platforms (hereinafter, “Sites” or “Diceus Sites”) which are operated by or on behalf of Diceus.",296,1.0,Cookie Policy,1,1.0,0.0,887,BreadcrumbList;EntryPoint;ImageObject;ListItem;Organization;ReadAction;SearchAction;WebPage;WebSite,False,,2022-08-29T16:22:29+00:00,1.0,813,0,282,0,0,4.053,0.219,,0.216,https://diceus.com/privacy-policy/,589,237,0.0,x-default,en,True,False,False
https://diceus.com/discovery-phase/,/discovery-phase/,200,,True,page-sitemap.xml,2022-12-02T13:54:30+00:00,sitemap/seed,conversion,Conversion,,False,0.0,True,False,https://diceus.com/discovery-phase/,True,Discovery phase and business analysis for software projects | DICEUS,68,1.0,Start IT projects with a discovery phase to ensure smooth SDLC and high quality of software. DICEUS provides business analysis services since 2011. Send your request→,166,1.0,Discovery phase with DICEUS,1,1.0,6.0,647,BreadcrumbList;EntryPoint;ImageObject;ListItem;Organization;ReadAction;SearchAction;WebPage;WebSite,False,,2022-12-02T13:54:30+00:00,1.0,765,118,287,0,0,2.97,2.858,"discovery phase, learn more, start with a discovery phase",0.199,https://diceus.com/case-studies/software-audit-workshop-for-subc/,154,252,0.0,x-default,en,False,False,False
https://diceus.com/free-strategy-session/,/free-strategy-session/,200,,True,page-sitemap.xml,2023-01-09T13:59:02+00:00,sitemap/seed,conversion,Conversion,,False,0.0,True,False,https://diceus.com/free-strategy-session/,True,Free IT Strategy Consulting on Your Software Project | DICEUS,61,1.0,Get free IT consultation on your software project development and we’ll provide you with an effective strategy to get your project done quickly and hassle-free.,160,1.0,Free consultation,1,1.0,0.0,42,BreadcrumbList;EntryPoint;ImageObject;ListItem;Organization;ReadAction;SearchAction;WebPage;WebSite,False,,2023-01-09T13:59:02+00:00,2.0,225,225,249,0,0,2.138,6.529,"send request, get started, free consultation",0.538,https://diceus.com/insurance/free-strategy-session/,144,205,0.0,x-default,en,False,False,False
https://diceus.com/privacy-policy/,/privacy-policy/,200,,True,page-sitemap.xml,2023-01-24T12:25:17+00:00,sitemap/seed,legal,Utility,,False,0.0,True,False,https://diceus.com/privacy-policy/,True,Privacy Policy | DICEUS,23,1.0,Privacy Policy 1. Introduction The privacy and confidentiality of your data is a top priority for Diceus. The Privacy Policy will inform you how we protect your data. Read this policy carefully. The Policy applies to your use of Diceus website at https://www.diceus.com/ and all other web resou,294,1.0,Privacy Policy,1,1.0,0.0,1671,BreadcrumbList;EntryPoint;ImageObject;ListItem;Organization;ReadAction;SearchAction;WebPage;WebSite,False,,2023-01-24T12:25:17+00:00,1.0,813,0,282,0,0,4.053,0.219,,0.216,https://diceus.com/cookie-policy/,118,242,0.0,x-default,en,True,False,False
https://diceus.com/testimonials/,/testimonials/,200,,True,page-sitemap.xml,2023-09-25T16:40:06+00:00,sitemap/seed,company,Corporate,,True,9.1,True,False,https://diceus.com/testimonials/,True,DICEUS Reviews | Testimonials,29,1.0,Learn what our customers say about cooperation with DICEUS and proceed reading related case studies.,100,1.0,Testimonials,1,1.0,1.0,992,BreadcrumbList;EntryPoint;ImageObject;ListItem;Organization;ReadAction;SearchAction;WebPage;WebSite,False,,2023-09-25T16:40:06+00:00,1.0,812,0,298,0,0,4.05,0.219,,0.185,https://diceus.com/about/,99,254,0.0,x-default,en,True,False,False
https://diceus.com/our-locations/,/our-locations/,200,,True,page-sitemap.xml,2023-11-14T09:08:55+00:00,sitemap/seed,company,Corporate,,False,0.0,True,False,https://diceus.com/our-locations/,True,Our Locations | DICEUS,22,1.0,"Check out all our offices and feel free to contact our team for any questions regarding your IT projects, challenges, and needs.",128,1.0,Our locations,1,1.0,1.0,173,BreadcrumbList;EntryPoint;ImageObject;ListItem;Organization;ReadAction;SearchAction;WebPage;WebSite,False,,2023-11-14T09:08:55+00:00,1.0,812,0,284,0,0,4.049,0.219,,0.421,https://diceus.com/insurance/contact/,188,210,0.0,x-default,en,True,False,False
https://diceus.com/da/,/da/,200,,True,page-sitemap.xml,2024-03-04T16:16:07+00:00,sitemap/seed,localized_da,Localized (DA),,False,0.0,True,False,https://diceus.com/da/,True,DICEUS: Udvikling af skræddersyede IT-løsninger,47,1.0,DICEUS #1 Skræddersyede IT-udviklings virksomhed. Vi tilbyder ✔️ Udvikling af WEB og Mobile applikationer ✔️ Data migrering✔️ System integration services & IT bemanding for at skalere jeres udviklingsteams,205,1.0,Software firma med speciale i kunde specifik software udvikling,1,1.0,7.0,1035,BreadcrumbList;EntryPoint;ImageObject;ListItem;Organization;ReadAction;SearchAction;WebPage;WebSite,False,,2024-03-04T16:16:07+00:00,3.0,3,3,111,0,0,0.195,0.436,"https://diceus.com/da/, website",0.566,https://diceus.com/da/fremtidens-fundament-startede-samarbejde-med-diceus-nordic/,120,343,0.0,x-default,da-DK,False,False,False
https://diceus.com/da/osce-parlamentariske-forsamling-og-diceus-etablerede-et-partnerskab-for-fremskridt-pa-hjemmesiden/,/da/osce-parlamentariske-forsamling-og-diceus-etablerede-et-partnerskab-for-fremskridt-pa-hjemmesiden/,200,,True,page-sitemap.xml,2025-10-07T21:55:22+00:00,sitemap/seed,localized_da,Localized (DA),,False,0.0,True,False,https://diceus.com/da/osce-parlamentariske-forsamling-og-diceus-etablerede-et-partnerskab-for-fremskridt-pa-hjemmesiden/,True,OSCE og DICEUS forbedrer hjemmesiden,36,1.0,"November 2023 - OSCE Parlamentariske Forsamling (OSCE PA) begyndte samarbejdet med DICEUS, et firma specialiseret i skræddersyet softwareudvikling, for at migrere sin hjemmeside fra Content Management System Joomla version 3 til den seneste version.",249,1.0,OSCE Parlamentariske Forsamling og DICEUS etablerede et partnerskab for fremskridt på hjemmesiden,1,1.0,0.0,317,BreadcrumbList;EntryPoint;ImageObject;ListItem;Organization;ReadAction;SearchAction;WebPage;WebSite,False,,2025-10-07T21:55:22+00:00,4.0,1,1,72,0,0,0.19,0.236,osce parlamentariske forsamling og diceus etablerede et part,0.499,https://diceus.com/da/,139,272,0.0,x-default,da-DK,False,False,False
https://diceus.com/modernizing-policy-administration-system/,/modernizing-policy-administration-system/,200,,True,page-sitemap.xml,2025-11-04T13:58:24+00:00,sitemap/seed,page_other,Other page,policy_administration,True,0.0,True,False,https://diceus.com/modernizing-policy-administration-system/,True,White Paper Download: Modernizing policy administration,55,1.0,How to modernize insurance policy administration processes with innovative technologies – Download a Free White Paper by DICEUS for insurance businesses.,153,1.0,Modernizing Policy Administration,1,1.0,0.0,7,BreadcrumbList;EntryPoint;ImageObject;ListItem;Organization;ReadAction;SearchAction;WebPage;WebSite,False,,2025-11-04T13:58:24+00:00,1.0,765,5,249,0,0,2.97,0.512,get a copy,0.348,https://diceus.com/how-to-choose-a-software-vendor/,540,196,0.0,x-default,en,False,False,False
https://diceus.com/how-to-choose-a-software-vendor/,/how-to-choose-a-software-vendor/,200,,True,page-sitemap.xml,2025-11-04T13:59:09+00:00,sitemap/seed,page_other,Other page,,False,0.0,True,False,https://diceus.com/how-to-choose-a-software-vendor/,True,White Paper Download: How to choose a software vendor,53,1.0,How to choose a software vendor for your custom development project - Download a Free White Paper by DICEUS.,108,1.0,How to choose a software vendor,1,1.0,0.0,21,BreadcrumbList;EntryPoint;ImageObject;ListItem;Organization;ReadAction;SearchAction;WebPage;WebSite,False,,2025-11-04T13:59:09+00:00,1.0,13,9,249,0,0,0.237,0.646,"download, download a free guide, how to choose a software vendor",0.348,https://diceus.com/modernizing-policy-administration-system/,134,196,0.0,x-default,en,False,False,False
https://diceus.com/how-to-upgrade-your-core-banking/,/how-to-upgrade-your-core-banking/,200,,True,page-sitemap.xml,2025-11-04T13:59:47+00:00,sitemap/seed,page_other,Other page,,False,0.0,True,False,https://diceus.com/how-to-upgrade-your-core-banking/,True,White Paper Download: How to upgrade your core banking,54,1.0,How to upgrade your core banking system like Oracle FLEXCUBE in 12 months - Download a Free White Paper by DICEUS.,114,1.0,How to upgrade your core banking,1,1.0,0.0,26,BreadcrumbList;EntryPoint;ImageObject;ListItem;Organization;ReadAction;SearchAction;WebPage;WebSite,False,,2025-11-04T13:59:47+00:00,1.0,768,6,249,0,0,2.959,0.489,get a copy,0.314,https://diceus.com/modernizing-policy-administration-system/,611,196,0.0,x-default,en,False,False,False
https://diceus.com/guide-on-staff-augmentation/,/guide-on-staff-augmentation/,200,,True,page-sitemap.xml,2025-11-04T14:00:41+00:00,sitemap/seed,page_other,Other page,,False,0.0,True,False,https://diceus.com/guide-on-staff-augmentation/,True,White Paper Download: Guide on staff augmentation,49,1.0,Guide to effective IT staff augmentation from experts - Download a Free White Paper by DICEUS.,94,1.0,Guide on staff augmentation,1,1.0,0.0,23,BreadcrumbList;EntryPoint;ImageObject;ListItem;Organization;ReadAction;SearchAction;WebPage;WebSite,False,,2025-11-04T14:00:41+00:00,2.0,1,1,249,0,0,0.195,0.323,guide on staff augmentation,0.33,https://diceus.com/modernizing-policy-administration-system/,122,197,0.0,x-default,en,False,False,False
https://diceus.com/da/diceus-nordic-opnar-partner-google-cloud-partner-advantage-programmet/,/da/diceus-nordic-opnar-partner-google-cloud-partner-advantage-programmet/,200,,True,page-sitemap.xml,2025-11-13T08:37:31+00:00,sitemap/seed,localized_da,Localized (DA),,False,0.0,True,False,https://diceus.com/da/diceus-nordic-opnar-partner-google-cloud-partner-advantage-programmet/,True,DICEUS NORDIC opnår Partner Level i Google Cloud Partner Programmet,67,1.0,DICEUS NORDIC opnår Partner Level i Google Cloud Partner Advantage Programmet,77,1.0,DICEUS NORDIC opnår Partner Level i Google Cloud Partner Advantage Programmet,1,1.0,1.0,376,BreadcrumbList;EntryPoint;ImageObject;ListItem;Organization;ReadAction;SearchAction;WebPage;WebSite,False,,2025-11-13T08:37:31+00:00,4.0,1,1,73,0,0,0.19,0.236,diceus nordic opnår partner level i google cloud partner adv,0.762,https://diceus.com/da/fremtidens-fundament-startede-samarbejde-med-diceus-nordic/,116,271,0.0,x-default,da-DK,False,False,False
https://diceus.com/da/fremtidens-fundament-startede-samarbejde-med-diceus-nordic/,/da/fremtidens-fundament-startede-samarbejde-med-diceus-nordic/,200,,True,page-sitemap.xml,2025-11-13T08:43:43+00:00,sitemap/seed,localized_da,Localized (DA),,False,0.0,True,False,https://diceus.com/da/fremtidens-fundament-startede-samarbejde-med-diceus-nordic/,True,Fremtidens Fundament har indledt et samarbejde med DICEUS,57,1.0,Fremtidens Fundament startede samarbejde med DICEUS NORDIC,58,1.0,Fremtidens Fundament startede samarbejde med DICEUS NORDIC,1,1.0,2.0,540,BreadcrumbList;EntryPoint;ImageObject;ListItem;Organization;ReadAction;SearchAction;WebPage;WebSite,False,,2025-11-13T08:43:43+00:00,4.0,1,1,73,0,0,0.19,0.236,fremtidens fundament startede samarbejde med diceus nordic,0.762,https://diceus.com/da/diceus-nordic-opnar-partner-google-cloud-partner-advantage-programmet/,148,272,0.0,x-default,da-DK,False,False,False
https://diceus.com/case-studies/,/case-studies/,200,,True,case-sitemap.xml,2026-09-29T14:35:28+00:00,sitemap/seed,case_hub,Proof,,True,26.6,True,False,https://diceus.com/case-studies/,True,DICEUS Case Studies Portfolio & Tech Solutions,46,1.0,Discover how DICEUS delivers high-impact tech solutions. Our portfolio of case studies showcases 150+ successful projects. Learn more here!,139,1.0,DICEUS case studies,1,1.0,15.0,338,BreadcrumbList;CollectionPage;EntryPoint;ImageObject;ListItem;Organization;SearchAction;WebSite,False,,,1.0,769,283,366,0,0,2.986,10.086,"case studies, multiple completed dwh projects, vores cases",0.664,https://diceus.com/case-studies/industry/compliance/,95,285,0.0,x-default,en,False,False,False
https://diceus.com/contact/,/contact/,200,,True,page-sitemap.xml,2026-04-09T11:52:08+00:00,sitemap/seed,conversion,Conversion,,False,0.0,True,False,https://diceus.com/contact/,True,Contact us | Get in touch with DICEUS,37,1.0,Contact with DICEUS team. Hire an outsourcing or outstaffing team! Send us a message and let's get in touch!,108,1.0,Get in touch,1,1.0,1.0,135,BreadcrumbList;EntryPoint;ImageObject;ListItem;Organization;ReadAction;SearchAction;WebPage;WebSite,False,,2026-04-09T11:52:08+00:00,1.0,812,374,282,0,0,4.049,11.725,"contacts happy to help you!, contact us, book a call",0.759,https://diceus.com/insurance/contact/,159,211,0.0,x-default,en,False,False,False
https://diceus.com/about/,/about/,200,,True,page-sitemap.xml,2026-06-12T12:50:47+00:00,sitemap/seed,company,Corporate,,True,53.3,True,False,https://diceus.com/about/,True,"About DICEUS: Key Company Facts, Services, and Benefits We Offer",64,1.0,"Learn more about DICEUS: key facts about us, our mission, vision, what we do, benefits you can get while cooperating with us.",125,1.0,About us,1,1.0,12.0,1519,BreadcrumbList;EntryPoint;ImageObject;ListItem;Organization;ReadAction;SearchAction;WebPage;WebSite,False,,2026-06-12T12:50:47+00:00,1.0,812,56,325,0,0,4.05,1.553,"company, about us learn more about diceus",0.456,https://diceus.com/insurance/,114,369,0.0,x-default,en,False,False,False
https://diceus.com/partners/,/partners/,200,,True,page-sitemap.xml,2026-09-09T09:18:22+00:00,sitemap/seed,company,Corporate,,True,47.2,True,False,https://diceus.com/partners/,True,Our Strategic Partnerships | DICEUS,35,1.0,"DICEUS, a mature software development and IT consulting company, builds strong strategic partnerships with leading technology providers. Learn more.",148,1.0,Our partners,1,1.0,1.0,466,BreadcrumbList;EntryPoint;ImageObject;ListItem;Organization;ReadAction;SearchAction;WebPage;WebSite,False,,2026-09-09T09:18:22+00:00,1.0,812,1,297,0,0,4.05,0.234,partners we grow with top tech providers,0.222,https://diceus.com/media/diceus-becomes-member-of-swiss-insurtech-hub/,557,231,0.0,x-default,en,False,False,False
https://diceus.com/achievements/,/achievements/,200,,True,page-sitemap.xml,2026-09-09T09:34:03+00:00,sitemap/seed,company,Corporate,,True,11.1,True,False,https://diceus.com/achievements/,True,"Awards, Recognitions, and Certificates | DICEUS",47,1.0,We are always happy to get recognition of independent listings and media. Learn more about our awards and certifications.,121,1.0,Our achievements,1,1.0,2.0,987,BreadcrumbList;EntryPoint;ImageObject;ListItem;Organization;ReadAction;SearchAction;WebPage;WebSite,False,,2026-09-09T09:34:03+00:00,1.0,812,2,302,0,0,4.05,0.252,achievements our team’s awards and certificates,0.204,https://diceus.com/media/awards-diceus-most-reviewed-it-leaders/,257,243,0.0,x-default,en,False,False,False
https://diceus.com/services/,/services/,200,,True,service-sitemap.xml,2026-09-24T11:21:40+00:00,sitemap/seed,services_hub,L3 Generic services,,False,5.4,True,False,https://diceus.com/services/,True,IT & Software Development Services Provider | DICEUS,52,1.0,"Discover the scope of DICEUS IT and custom software development services. Contact us to estimate your project, get WBS, recommended tech stack, and team composition.",165,1.0,IT and software development services,1,1.0,12.0,1102,BreadcrumbList;CollectionPage;EntryPoint;ImageObject;ListItem;LocalBusiness;Organization;PostalAddress;SearchAction;WebSite,False,,,1.0,812,123,399,0,0,4.049,3.38,"services, all services, ydelser",0.268,https://diceus.com/expertise/,128,279,0.0,x-default,en,False,False,False
https://diceus.com/services/manual-testing/,/services/manual-testing/,200,,True,service-sitemap.xml,2023-08-02T09:40:25+00:00,sitemap/seed,generic_service,L3 Generic services,,False,2.3,True,False,https://diceus.com/services/manual-testing/,True,Manual Testing Services 🥇 DICEUS,32,1.0,DICEUS provides best manual testing services and solutions to our clients in order to deliver flawless performance of projects with zero defects.,145,1.0,Professional manual testing services,1,1.0,10.0,1308,Answer;BreadcrumbList;EntryPoint;FAQPage;ImageObject;ListItem;LocalBusiness;Organization;PostalAddress;Question;ReadAction;SearchAction;WebPage;WebSite,False,,2023-08-02T09:40:25+00:00,1.0,765,150,392,0,0,2.969,4.964,"professional manual testing services, manual testing",0.249,https://diceus.com/services/automated-testing/,219,322,0.0,x-default,en,False,False,False
https://diceus.com/services/android-application-development/,/services/android-application-development/,200,,True,service-sitemap.xml,2024-07-26T10:15:45+00:00,sitemap/seed,generic_service,L3 Generic services,,False,2.3,True,False,https://diceus.com/services/android-application-development/,True,Android App Development Services 🥇 DICEUS,41,1.0,DICEUS is an Android application development company that builds award-winning apps. Custom Android apps development services.,126,1.0,Android application development services,1,1.0,11.0,1740,Answer;BreadcrumbList;EntryPoint;FAQPage;ImageObject;ListItem;LocalBusiness;Organization;PostalAddress;Question;ReadAction;SearchAction;WebPage;WebSite,False,,2024-07-26T10:15:45+00:00,1.0,764,97,392,0,0,2.946,2.596,android application development,0.248,https://diceus.com/services/ios-application-development/,135,335,0.0,x-default,en,False,False,False
https://diceus.com/services/augmented-reality-services/,/services/augmented-reality-services/,200,,True,service-sitemap.xml,2024-07-26T10:21:25+00:00,sitemap/seed,generic_service,L3 Generic services,,False,1.1,True,False,https://diceus.com/services/augmented-reality-services/,True,Professional Augmented Reality Services | DICEUS AR Vendor,58,1.0,"Learn about the nitty-gritty of AR app development, the benefits such apps usher, and the scope of augmented reality services provided by DICEUS.",145,1.0,Augmented reality services,1,1.0,11.0,1752,Answer;BreadcrumbList;EntryPoint;FAQPage;ImageObject;ListItem;LocalBusiness;Organization;PostalAddress;Question;ReadAction;SearchAction;WebPage;WebSite,False,,2024-07-26T10:21:25+00:00,1.0,764,41,338,0,0,2.946,1.835,augmented reality services,0.142,https://diceus.com/services/it-outsourcing-services/,102,326,0.0,x-default,en,False,False,False
https://diceus.com/services/aws-cloud-managed-services/,/services/aws-cloud-managed-services/,200,,True,service-sitemap.xml,2024-07-26T10:27:11+00:00,sitemap/seed,generic_service,L3 Generic services,,False,1.2,True,False,https://diceus.com/services/aws-cloud-managed-services/,True,AWS Cloud Managed Services Provided by IT Company DICEUS,56,1.0,"Learn about the range, specifics, and benefits of AWS cloud managed services provided by DICEUS to kick off your cloud adoption.",128,1.0,AWS cloud managed services,1,1.0,11.0,1606,Answer;BreadcrumbList;EntryPoint;FAQPage;ImageObject;ListItem;LocalBusiness;Organization;PostalAddress;Question;ReadAction;SearchAction;WebPage;WebSite,False,,2024-07-26T10:27:11+00:00,1.0,764,93,391,0,0,2.946,2.359,aws cloud managed services,0.223,https://diceus.com/services/digital-transformation-services/,179,333,0.0,x-default,en,False,False,False
https://diceus.com/services/b2b-portal-development/,/services/b2b-portal-development/,200,,True,service-sitemap.xml,2024-07-29T07:14:38+00:00,sitemap/seed,generic_service,L3 Generic services,customer_portal_cx,True,1.3,True,False,https://diceus.com/services/b2b-portal-development/,True,B2B Portal Development Company— DICEUS,38,1.0,"Learn about B2B web portal development, various types and benefits, and the concept of B2B portal development services.",119,1.0,B2B portal development,1,1.0,11.0,2239,Answer;BreadcrumbList;EntryPoint;FAQPage;ImageObject;ListItem;LocalBusiness;Organization;PostalAddress;Question;ReadAction;SearchAction;WebPage;WebSite,False,,2024-07-29T07:14:38+00:00,1.0,764,93,394,0,0,2.946,2.359,b2b portal development,0.164,https://diceus.com/services/web-portal-development/,101,354,0.0,x-default,en,False,False,False
https://diceus.com/services/cloud-computing-consulting/,/services/cloud-computing-consulting/,200,,True,service-sitemap.xml,2024-07-29T07:21:03+00:00,sitemap/seed,generic_service,L3 Generic services,,False,1.1,True,False,https://diceus.com/services/cloud-computing-consulting/,True,Cloud Computing Consulting Services | DICEUS,44,1.0,"DICEUS provides cloud computing consulting services for migrating, developing and managing cloud applications and infrastructures.",130,1.0,Cloud computing consulting,1,1.0,11.0,1830,Answer;BreadcrumbList;EntryPoint;FAQPage;ImageObject;ListItem;LocalBusiness;Organization;PostalAddress;Question;ReadAction;SearchAction;WebPage;WebSite,False,,2024-07-29T07:21:03+00:00,1.0,764,44,339,0,0,2.946,1.884,cloud computing consulting,0.146,https://diceus.com/cloud-migration-strategy-for-enterprises/,157,327,0.0,x-default,en,False,False,False
https://diceus.com/services/cloud-managed-services/,/services/cloud-managed-services/,200,,True,service-sitemap.xml,2024-07-29T07:22:06+00:00,sitemap/seed,generic_service,L3 Generic services,,False,1.3,True,False,https://diceus.com/services/cloud-managed-services/,True,"Cloud Managed Services: Consulting, Strategy, Management",56,1.0,"DICEUS is a cloud managed service provider with 10+ years of experience. We provide cloud transformation, migration, optimization, and maintenance.",147,1.0,Cloud managed services,1,1.0,11.0,2366,Answer;BreadcrumbList;EntryPoint;FAQPage;ImageObject;ListItem;LocalBusiness;Organization;PostalAddress;Question;ReadAction;SearchAction;WebPage;WebSite,False,,2024-07-29T07:22:06+00:00,1.0,764,42,339,0,0,2.946,1.852,cloud managed services,0.194,https://diceus.com/services/cloud-support-services/,248,328,0.0,x-default,en,False,False,False
https://diceus.com/services/cloud-support-services/,/services/cloud-support-services/,200,,True,service-sitemap.xml,2024-07-29T07:24:03+00:00,sitemap/seed,generic_service,L3 Generic services,,False,0.4,True,False,https://diceus.com/services/cloud-support-services/,True,Cloud Support Services — IT Company DICEUS,42,1.0,DICEUS provides cloud support services that allow customers to utilize tech data and benefits from cloud computing in IT infrastructures.,137,1.0,Cloud support services,1,1.0,12.0,2272,Answer;BreadcrumbList;EntryPoint;FAQPage;ImageObject;ListItem;LocalBusiness;Organization;PostalAddress;Question;ReadAction;SearchAction;WebPage;WebSite,False,,2024-07-29T07:24:03+00:00,1.0,764,42,335,0,0,2.946,1.849,cloud support services,0.194,https://diceus.com/services/cloud-managed-services/,164,342,0.0,x-default,en,False,False,False
https://diceus.com/services/co-managed-it-services/,/services/co-managed-it-services/,200,,True,service-sitemap.xml,2024-07-29T07:27:00+00:00,sitemap/seed,generic_service,L3 Generic services,,False,2.3,True,False,https://diceus.com/services/co-managed-it-services/,True,Co-Managed IT Services Company DICEUS,37,1.0,"Since 2011, DICEUS provides high-end co managed IT services. 250+ certified specialists on board. Professional support and consulting.",134,1.0,Co-managed IT services,1,1.0,11.0,1722,Answer;BreadcrumbList;EntryPoint;FAQPage;ImageObject;ListItem;LocalBusiness;Organization;PostalAddress;Question;ReadAction;SearchAction;WebPage;WebSite,False,,2024-07-29T07:27:00+00:00,1.0,764,93,392,0,0,2.946,2.359,co-managed it services,0.143,https://diceus.com/services/managed-it-services/,134,332,0.0,x-default,en,False,False,False
https://diceus.com/services/cross-platform-application-development/,/services/cross-platform-application-development/,200,,True,service-sitemap.xml,2024-07-29T07:28:53+00:00,sitemap/seed,generic_service,L3 Generic services,,False,2.2,True,False,https://diceus.com/services/cross-platform-application-development/,True,Cross Platform Mobile App Development Company | DICEUS,54,1.0,DICEUS offers multi platform app development service for worldwide presence of your business. Get full-cycle app development services.,134,1.0,Cross platform application development,1,1.0,11.0,1805,Answer;BreadcrumbList;EntryPoint;FAQPage;ImageObject;ListItem;LocalBusiness;Organization;PostalAddress;Question;ReadAction;SearchAction;WebPage;WebSite,False,,2024-07-29T07:28:53+00:00,1.0,764,96,392,0,0,2.946,2.417,"cross-platform application development, cross platform application development",0.165,https://diceus.com/services/hybrid-mobile-app-development/,260,336,0.0,x-default,en,False,False,False
https://diceus.com/services/custom-api-development-services/,/services/custom-api-development-services/,200,,True,service-sitemap.xml,2024-07-29T07:33:18+00:00,sitemap/seed,generic_service,L3 Generic services,,False,1.4,True,False,https://diceus.com/services/custom-api-development-services/,True,Custom API Development and Integration Services — DICEUS,56,1.0,Our company offers custom API development services and integration to help customers grow their digital presence and automate business operations.,146,1.0,Custom API development services,1,1.0,11.0,2160,Answer;BreadcrumbList;EntryPoint;FAQPage;ImageObject;ListItem;LocalBusiness;Organization;PostalAddress;Question;ReadAction;SearchAction;WebPage;WebSite,False,,2024-07-29T07:33:18+00:00,1.0,764,93,392,0,0,2.946,2.359,custom api development services,0.135,https://diceus.com/services/cpp-development/,175,336,0.0,x-default,en,False,False,False
https://diceus.com/services/custom-crm-development/,/services/custom-crm-development/,200,,True,service-sitemap.xml,2024-07-29T07:35:49+00:00,sitemap/seed,generic_service,L3 Generic services,,False,1.6,True,False,https://diceus.com/services/custom-crm-development/,True,Custom CRM Development Company — DICEUS,39,1.0,"Since 2011, DICEUS has provided custom CRM development services for enterprises. Check how we build CRM systems, their benefits, and our tech stack.",148,1.0,Custom CRM development,1,1.0,11.0,1828,Answer;BreadcrumbList;EntryPoint;FAQPage;ImageObject;ListItem;LocalBusiness;Organization;PostalAddress;Question;ReadAction;SearchAction;WebPage;WebSite,False,,2024-07-29T07:35:49+00:00,1.0,765,100,392,0,0,2.97,2.562,custom crm development,0.143,https://diceus.com/services/data-warehouse-services/,161,336,0.0,x-default,en,False,False,False
https://diceus.com/services/custom-web-application-development/,/services/custom-web-application-development/,200,,True,service-sitemap.xml,2024-07-29T07:37:19+00:00,sitemap/seed,generic_service,L3 Generic services,,False,0.0,True,False,https://diceus.com/services/custom-web-application-development/,True,Custom Web Application Development Company — DICEUS,51,1.0,"Custom web application development services: 120+ accomplished projects, 12+ years on market, end-to-end development and post-launch support.",141,1.0,Custom web application development services,1,1.0,11.0,1743,Answer;BreadcrumbList;EntryPoint;FAQPage;ImageObject;ListItem;LocalBusiness;Organization;PostalAddress;Question;ReadAction;SearchAction;WebPage;WebSite,False,,2024-07-29T07:37:19+00:00,1.0,765,95,392,0,0,2.97,2.4,"custom web application development, custom web application development services",0.144,https://diceus.com/services/digital-transformation-services/,298,334,0.0,x-default,en,False,False,False
https://diceus.com/services/customer-portal-development/,/services/customer-portal-development/,200,,True,service-sitemap.xml,2024-07-29T07:38:30+00:00,sitemap/seed,generic_service,L3 Generic services,customer_portal_cx,True,9.6,True,False,https://diceus.com/services/customer-portal-development/,True,Customer Portal Design & Development — DICEUS,45,1.0,DICEUS provides high-end customer portal development services and robust solutions with intuitive UI and smooth UX.,115,1.0,Customer portal development,1,1.0,9.0,1245,Answer;BreadcrumbList;EntryPoint;FAQPage;ImageObject;ListItem;LocalBusiness;Organization;PostalAddress;Question;ReadAction;SearchAction;WebPage;WebSite,False,,2024-07-29T07:38:30+00:00,1.0,766,93,390,0,0,2.994,2.359,customer portal development,0.141,https://diceus.com/insurance/portal/,108,355,0.0,x-default,en,False,False,False
https://diceus.com/services/data-analysis-services/,/services/data-analysis-services/,200,,True,service-sitemap.xml,2024-07-29T07:39:12+00:00,sitemap/seed,generic_service,L3 Generic services,data_analytics_dwh,True,2.3,True,False,https://diceus.com/services/data-analysis-services/,True,Data Analysis Services – IT Company DICEUS,42,1.0,"DICEUS provides top-notch data analysis services and consulting: 10+ years of experience, professional data analytics specialists, advanced tech stack.",151,1.0,Data analysis services,1,1.0,11.0,1719,Answer;BreadcrumbList;EntryPoint;FAQPage;ImageObject;ListItem;LocalBusiness;Organization;PostalAddress;Question;ReadAction;SearchAction;WebPage;WebSite,False,,2024-07-29T07:39:12+00:00,1.0,764,41,339,0,0,2.946,1.832,data analysis services,0.216,https://diceus.com/services/data-management-services/,87,321,0.0,x-default,en,False,False,False
https://diceus.com/services/data-analytics-services/,/services/data-analytics-services/,200,,True,service-sitemap.xml,2024-07-29T07:40:28+00:00,sitemap/seed,generic_service,L3 Generic services,data_analytics_dwh,True,2.9,True,False,https://diceus.com/services/data-analytics-services/,True,Advanced Data Analytics Services from DICEUS IT Company,55,1.0,DICEUS is a company with 12+ years of experience in providing data analytics services and consulting for businesses from various industries.,140,1.0,Data analytics services,1,1.0,11.0,2087,Answer;BreadcrumbList;EntryPoint;FAQPage;ImageObject;ListItem;LocalBusiness;Organization;PostalAddress;Question;ReadAction;SearchAction;WebPage;WebSite,False,,2024-07-29T07:40:28+00:00,1.0,764,42,339,0,0,2.946,1.86,data analytics services,0.123,https://diceus.com/services/data-warehousing-consulting/,144,325,0.0,x-default,en,False,False,False
https://diceus.com/services/data-management-services/,/services/data-management-services/,200,,True,service-sitemap.xml,2024-07-29T07:41:18+00:00,sitemap/seed,generic_service,L3 Generic services,data_analytics_dwh,True,2.0,True,False,https://diceus.com/services/data-management-services/,True,Data Management Services and Solutions – DICEUS,47,1.0,Our company is a seasoned provider of top-notch cloud-powered data management services that will increase your enterprise's efficiency and competitiveness.,155,1.0,Data management services,1,1.0,11.0,1960,Answer;BreadcrumbList;EntryPoint;FAQPage;ImageObject;ListItem;LocalBusiness;Organization;PostalAddress;Question;ReadAction;SearchAction;WebPage;WebSite,False,,2024-07-29T07:41:18+00:00,1.0,812,42,338,0,0,4.05,1.854,data management services,0.216,https://diceus.com/services/data-analysis-services/,104,323,0.0,x-default,en,False,False,False
https://diceus.com/services/data-migration-services/,/services/data-migration-services/,200,,True,service-sitemap.xml,2024-07-29T07:44:03+00:00,sitemap/seed,generic_service,L3 Generic services,data_analytics_dwh,True,2.5,True,False,https://diceus.com/services/data-migration-services/,True,Data Migration Services & Consulting 🥇 DICEUS,45,1.0,"We are providing data migration services, including cloud migration, database migration, enterprise platform migration & consulting. While migration, we ensure your business continuity with a comprehensive plan of recovery actions in potential threats or risks.",261,1.0,Data migration services and consulting,1,1.0,11.0,1205,Answer;BreadcrumbList;EntryPoint;FAQPage;ImageObject;ListItem;LocalBusiness;Organization;PostalAddress;Question;ReadAction;SearchAction;WebPage;WebSite,False,,2024-07-29T07:44:03+00:00,1.0,812,119,392,0,0,4.049,3.53,"data migration, data migration services vi har stor erfaring i data migratio, lær mere",0.163,https://diceus.com/expertise/develop-cloud-applications-and-services/,176,333,0.0,x-default,en,False,False,False
https://diceus.com/services/data-warehouse-as-a-services/,/services/data-warehouse-as-a-services/,200,,True,service-sitemap.xml,2024-07-29T07:44:46+00:00,sitemap/seed,generic_service,L3 Generic services,data_analytics_dwh,True,1.0,True,False,https://diceus.com/services/data-warehouse-as-a-services/,True,Data Warehouse as a Service — IT Company DICEUS,47,1.0,DICEUS is a data warehouse provider allowing organizations to benefit from advanced data management with professionally developed software.,139,1.0,Data warehouse as a service,1,1.0,11.0,2099,Answer;BreadcrumbList;EntryPoint;FAQPage;ImageObject;ListItem;LocalBusiness;Organization;PostalAddress;Question;ReadAction;SearchAction;WebPage;WebSite,False,,2024-07-29T07:44:46+00:00,1.0,764,41,339,0,0,2.946,1.834,data warehouse as a service,0.175,https://diceus.com/services/data-warehousing-consulting/,442,327,0.0,x-default,en,False,False,False
https://diceus.com/services/data-warehousing-consulting/,/services/data-warehousing-consulting/,200,,True,service-sitemap.xml,2024-07-29T07:47:13+00:00,sitemap/seed,generic_service,L3 Generic services,data_analytics_dwh,True,1.3,True,False,https://diceus.com/services/data-warehousing-consulting/,True,Data Warehousing Consulting Firm | DICEUS DWH Development,57,1.0,DICEUS offers data warehousing consulting for DWH development and implementation projects. We have 10+ years of experience building enterprise data lakes and warehouses.,169,1.0,Data warehousing consulting services,1,1.0,11.0,2269,Answer;BreadcrumbList;EntryPoint;FAQPage;ImageObject;ListItem;LocalBusiness;Organization;PostalAddress;Question;ReadAction;SearchAction;WebPage;WebSite,False,,2024-07-29T07:47:13+00:00,1.0,764,47,339,0,0,2.946,1.923,"data warehousing consulting services, data warehousing consulting",0.175,https://diceus.com/services/data-warehouse-as-a-services/,92,330,0.0,x-default,en,False,False,False
https://diceus.com/services/database-development/,/services/database-development/,200,,True,service-sitemap.xml,2024-07-29T07:47:54+00:00,sitemap/seed,generic_service,L3 Generic services,,False,1.3,True,False,https://diceus.com/services/database-development/,True,Custom Database Development Company — DICEUS,44,1.0,"Since 2011, DICEUS company has provided end-to-end database development services, including business analysis, design, engineering, and testing. Contact us for free consulting ➡",177,1.0,Database development services,1,1.0,11.0,1556,Answer;BreadcrumbList;EntryPoint;FAQPage;ImageObject;ListItem;LocalBusiness;Organization;PostalAddress;Question;ReadAction;SearchAction;WebPage;WebSite,False,,2024-07-29T07:47:54+00:00,1.0,764,94,392,0,0,2.946,2.399,database development services,0.136,https://diceus.com/services/web-app-development/,124,336,0.0,x-default,en,False,False,False
https://diceus.com/services/devops-consulting/,/services/devops-consulting/,200,,True,service-sitemap.xml,2024-07-29T07:49:59+00:00,sitemap/seed,generic_service,L3 Generic services,,False,1.2,True,False,https://diceus.com/services/devops-consulting/,True,Professional DevOps Consulting Services | DICEUS,48,1.0,Learn about the benefits of the DevOps approach to software creation and the scope of DevOps consulting services provided by seasoned experts of our company.,157,1.0,DevOps consulting,1,1.0,11.0,1615,Answer;BreadcrumbList;EntryPoint;FAQPage;ImageObject;ListItem;LocalBusiness;Organization;PostalAddress;Question;ReadAction;SearchAction;WebPage;WebSite,False,,2024-07-29T07:49:59+00:00,1.0,764,96,392,0,0,2.946,2.479,devops consulting,0.165,https://diceus.com/services/devops-outsourcing/,255,334,0.0,x-default,en,False,False,False
https://diceus.com/services/devops-outsourcing/,/services/devops-outsourcing/,200,,True,service-sitemap.xml,2024-07-29T07:50:52+00:00,sitemap/seed,generic_service,L3 Generic services,,False,2.2,True,False,https://diceus.com/services/devops-outsourcing/,True,DevOps Outsourcing Company – DICEUS,35,1.0,"DevOps outsourcing services by DICEUS: Scope, benefits, and how it works. Outsource DevOps using our 10-year experience. Learn more ▶️",134,1.0,DevOps outsourcing,1,1.0,10.0,1850,Answer;BreadcrumbList;EntryPoint;FAQPage;ImageObject;ListItem;LocalBusiness;Organization;PostalAddress;Question;ReadAction;SearchAction;WebPage;WebSite,False,,2024-07-29T07:50:52+00:00,1.0,764,93,392,0,0,2.946,2.359,devops outsourcing,0.165,https://diceus.com/services/devops-consulting/,157,348,0.0,x-default,en,False,False,False
https://diceus.com/services/digital-transformation-services/,/services/digital-transformation-services/,200,,True,service-sitemap.xml,2024-07-29T07:51:43+00:00,sitemap/seed,generic_service,L3 Generic services,,False,1.4,True,False,https://diceus.com/services/digital-transformation-services/,True,Digital Transformation Services and IT Consulting by DICEUS,59,1.0,Discover a full scope of business-boosting digital transformation services that we provide at DICEUS.,101,1.0,Digital transformation services,1,1.0,11.0,1416,Answer;BreadcrumbList;EntryPoint;FAQPage;ImageObject;ListItem;LocalBusiness;Organization;PostalAddress;Question;ReadAction;SearchAction;WebPage;WebSite,False,,2024-07-29T07:51:43+00:00,1.0,764,100,392,0,0,2.946,2.519,"digital transformation, digital transformations, digital transformation services",0.223,https://diceus.com/services/aws-cloud-managed-services/,91,335,0.0,x-default,en,False,False,False
https://diceus.com/services/ecommerce-website-design/,/services/ecommerce-website-design/,200,,True,service-sitemap.xml,2024-07-29T07:52:41+00:00,sitemap/seed,generic_service,L3 Generic services,,False,0.0,True,False,https://diceus.com/services/ecommerce-website-design/,True,eCommerce Website Design Company 🥇 DICEUS,41,1.0,DICEUS develop website to boost your lead generation with an eCommerce website design. Our eCommerce web design services offer solutions for large are small companies.,167,1.0,eCommerce website design,1,1.0,11.0,1815,Answer;BreadcrumbList;EntryPoint;FAQPage;ImageObject;ListItem;LocalBusiness;Organization;PostalAddress;Question;ReadAction;SearchAction;WebPage;WebSite,False,,2024-07-29T07:52:41+00:00,1.0,764,93,392,0,0,2.946,2.359,ecommerce website design,0.181,https://diceus.com/services/ios-application-development/,465,336,0.0,x-default,en,False,False,False
https://diceus.com/services/enterprise-mobile-app-development/,/services/enterprise-mobile-app-development/,200,,True,service-sitemap.xml,2024-07-29T07:56:20+00:00,sitemap/seed,generic_service,L3 Generic services,,False,7.3,True,False,https://diceus.com/services/enterprise-mobile-app-development/,True,Enterprise Mobile Application Development | DICEUS,50,1.0,DICEUS company provides mobile app development services for enterprise clients. Tech stack for native and cross-platform applications: iOS ✓Android ✓React Native ✓Flutter,170,1.0,Enterprise mobile app development,1,1.0,11.0,1645,Answer;BreadcrumbList;EntryPoint;FAQPage;ImageObject;ListItem;LocalBusiness;Organization;PostalAddress;Question;ReadAction;SearchAction;WebPage;WebSite,False,,2024-07-29T07:56:20+00:00,1.0,764,98,392,0,0,2.946,2.621,enterprise mobile app development,0.133,https://diceus.com/services/software-product-development-company/,289,333,0.0,x-default,en,False,False,False
https://diceus.com/services/enterprise-web-development-company/,/services/enterprise-web-development-company/,200,,True,service-sitemap.xml,2024-07-29T07:58:04+00:00,sitemap/seed,generic_service,L3 Generic services,,False,0.6,True,False,https://diceus.com/services/enterprise-web-development-company/,True,Enterprise Web Development Company | DICEUS,43,1.0,DICEUS provides enterprise web development services with the required set of features for your organization. Learn more about our approach.,139,1.0,Enterprise web development,1,1.0,15.0,1704,Answer;BreadcrumbList;EntryPoint;FAQPage;ImageObject;ListItem;LocalBusiness;Organization;PostalAddress;Question;ReadAction;SearchAction;WebPage;WebSite,False,,2024-07-29T07:58:04+00:00,1.0,764,95,394,0,0,2.946,2.393,enterprise web development,0.211,https://diceus.com/services/offshore-web-development-company/,193,374,0.0,x-default,en,False,False,False
https://diceus.com/services/web-app-development/,/services/web-app-development/,200,,True,service-sitemap.xml,2024-07-29T07:58:39+00:00,sitemap/seed,generic_service,L3 Generic services,,False,0.0,True,False,https://diceus.com/services/web-app-development/,True,Сustom Web Application Development Company 🥇 DICEUS,51,1.0,"We offer end-to-end web application development services, including technology consulting, custom web app development & testing.",128,1.0,Free consulting on web application development,1,1.0,11.0,1357,Answer;BreadcrumbList;EntryPoint;FAQPage;ImageObject;ListItem;LocalBusiness;Organization;PostalAddress;Question;ReadAction;SearchAction;WebPage;WebSite,False,,2024-07-29T07:58:39+00:00,1.0,812,141,392,0,0,4.049,4.564,"free consulting on web application development, web application development, web development services",0.182,https://diceus.com/services/mobile-app-development/,177,329,0.0,x-default,en,False,False,False
https://diceus.com/services/front-end-development-services/,/services/front-end-development-services/,200,,True,service-sitemap.xml,2024-07-29T07:59:10+00:00,sitemap/seed,generic_service,L3 Generic services,,False,2.3,True,False,https://diceus.com/services/front-end-development-services/,True,Front-End Development Services — DICEUS,39,1.0,Discover the range of front-end development services we provide at DICEUS and learn about the ultimate benefits for your project.,129,1.0,Front-end development services,1,1.0,13.0,2658,Answer;BreadcrumbList;EntryPoint;FAQPage;ImageObject;ListItem;LocalBusiness;Organization;PostalAddress;Question;ReadAction;SearchAction;WebPage;WebSite,False,,2024-07-29T07:59:10+00:00,1.0,764,94,394,0,0,2.946,2.379,front-end development services,0.129,https://diceus.com/services/marketplace-development-company/,157,368,0.0,x-default,en,False,False,False
https://diceus.com/services/full-stack-development-services/,/services/full-stack-development-services/,200,,True,service-sitemap.xml,2024-07-29T07:59:45+00:00,sitemap/seed,generic_service,L3 Generic services,,False,2.3,True,False,https://diceus.com/services/full-stack-development-services/,True,Full Stack Development Company — DICEUS,39,1.0,"In terms of full stack development services, we offer experienced developers and dedicated teams to deliver high-quality software.",130,1.0,Full stack development services,1,1.0,11.0,2187,Answer;BreadcrumbList;EntryPoint;FAQPage;ImageObject;ListItem;LocalBusiness;Organization;PostalAddress;Question;ReadAction;SearchAction;WebPage;WebSite,False,,2024-07-29T07:59:45+00:00,1.0,764,93,393,0,0,2.946,2.359,full stack development services,0.122,https://diceus.com/services/cpp-development/,205,378,0.0,x-default,en,False,False,False
https://diceus.com/services/help-desk-outsourcing/,/services/help-desk-outsourcing/,200,,True,service-sitemap.xml,2024-07-29T08:00:23+00:00,sitemap/seed,generic_service,L3 Generic services,,False,1.6,True,False,https://diceus.com/services/help-desk-outsourcing/,True,Outsourced Help Desk Services — DICEUS IT Outsourcing,53,1.0,DICEUS is a help desk outsourcing services provider focused on delivering user (L1) and technical support (L2 and L3) to corporate clients. 12+ years of experience | 120+ projects in portfolio,192,1.0,Help desk outsourcing services,1,1.0,11.0,1853,Answer;BreadcrumbList;EntryPoint;FAQPage;ImageObject;ListItem;LocalBusiness;Organization;PostalAddress;Question;ReadAction;SearchAction;WebPage;WebSite,False,,2024-07-29T08:00:23+00:00,1.0,764,93,392,0,0,2.946,2.359,"help desk outsourcing services, help desk outsourcing",0.213,https://diceus.com/services/software-development-outsourcing/,201,333,0.0,x-default,en,False,False,False
https://diceus.com/services/hr-software-development/,/services/hr-software-development/,200,,True,service-sitemap.xml,2024-07-29T08:00:53+00:00,sitemap/seed,generic_service,L3 Generic services,,False,1.7,True,False,https://diceus.com/services/hr-software-development/,True,HR Software Development Services — DICEUS,41,1.0,DICEUS provides top-notch HR software development services to help your enterprise improve its human resource management.,121,1.0,HR software development,1,1.0,10.0,1803,Answer;BreadcrumbList;EntryPoint;FAQPage;ImageObject;ListItem;LocalBusiness;Organization;PostalAddress;Question;ReadAction;SearchAction;WebPage;WebSite,False,,2024-07-29T08:00:53+00:00,1.0,764,93,389,0,0,2.946,2.359,hr software development,0.13,https://diceus.com/case-studies/hrm-solution/,254,351,0.0,x-default,en,False,False,False
https://diceus.com/services/hybrid-mobile-app-development/,/services/hybrid-mobile-app-development/,200,,True,service-sitemap.xml,2024-07-29T08:01:14+00:00,sitemap/seed,generic_service,L3 Generic services,,False,1.0,True,False,https://diceus.com/services/hybrid-mobile-app-development/,True,Hybrid App Development Company | DICEUS,39,1.0,DICEUS provides hybrid mobile application development services. We combine the best of the web and native apps to develop high-performance cross-platform mobile apps.,166,1.0,Hybrid mobile app development,1,1.0,11.0,2059,Answer;BreadcrumbList;EntryPoint;FAQPage;ImageObject;ListItem;LocalBusiness;Organization;PostalAddress;Question;ReadAction;SearchAction;WebPage;WebSite,False,,2024-07-29T08:01:14+00:00,1.0,764,93,392,0,0,2.946,2.359,hybrid mobile app development,0.165,https://diceus.com/services/cross-platform-application-development/,84,338,0.0,x-default,en,False,False,False
https://diceus.com/services/infrastructure-management-services/,/services/infrastructure-management-services/,200,,True,service-sitemap.xml,2024-07-29T08:02:14+00:00,sitemap/seed,generic_service,L3 Generic services,,False,3.3,True,False,https://diceus.com/services/infrastructure-management-services/,True,Infrastructure Management Services & Solutions — DICEUS,55,1.0,"DICEUS provides efficient infrastructure management services to help enterprises reduce costs. We offer a range of solutions, including cloud and app management.",161,1.0,Infrastructure management services,1,1.0,9.0,1524,Answer;BreadcrumbList;EntryPoint;FAQPage;ImageObject;ListItem;LocalBusiness;Organization;PostalAddress;Question;ReadAction;SearchAction;WebPage;WebSite,False,,2024-07-29T08:02:14+00:00,1.0,764,93,390,0,0,2.946,2.359,infrastructure management services,0.167,https://diceus.com/services/managed-infrastructure-services/,250,311,0.0,x-default,en,False,False,False
https://diceus.com/services/ios-application-development/,/services/ios-application-development/,200,,True,service-sitemap.xml,2024-07-29T08:02:47+00:00,sitemap/seed,generic_service,L3 Generic services,,False,4.6,True,False,https://diceus.com/services/ios-application-development/,True,iOS App Development Services 🥇 DICEUS,37,1.0,DICEUS is an iOS (iPhone) application development company that builds award-winning apps. Custom iPhone & iOS apps development services.,136,1.0,iOS app development services,1,1.0,11.0,1738,Answer;BreadcrumbList;EntryPoint;FAQPage;ImageObject;ListItem;LocalBusiness;Organization;PostalAddress;Question;ReadAction;SearchAction;WebPage;WebSite,False,,2024-07-29T08:02:47+00:00,1.0,764,97,392,0,0,2.946,2.596,"ios application development, ios app development",0.248,https://diceus.com/services/android-application-development/,132,335,0.0,x-default,en,False,False,False
https://diceus.com/services/it-infrastructure-consulting/,/services/it-infrastructure-consulting/,200,,True,service-sitemap.xml,2024-07-29T08:03:37+00:00,sitemap/seed,generic_service,L3 Generic services,,False,1.7,True,False,https://diceus.com/services/it-infrastructure-consulting/,True,IT Infrastructure Consulting Services — DICEUS,46,1.0,Discover how the DICEUS IT infrastructure consulting team helps clients achieve high performance and transform business operations.,131,1.0,IT infrastructure consulting,1,1.0,9.0,1772,Answer;BreadcrumbList;EntryPoint;FAQPage;ImageObject;ListItem;LocalBusiness;Organization;PostalAddress;Question;ReadAction;SearchAction;WebPage;WebSite,False,,2024-07-29T08:03:37+00:00,1.0,764,93,389,0,0,2.946,2.359,it infrastructure consulting,0.149,https://diceus.com/services/infrastructure-management-services/,523,318,0.0,x-default,en,False,False,False
https://diceus.com/services/it-infrastructure-outsourcing/,/services/it-infrastructure-outsourcing/,200,,True,service-sitemap.xml,2024-07-29T08:04:05+00:00,sitemap/seed,generic_service,L3 Generic services,,False,2.6,True,False,https://diceus.com/services/it-infrastructure-outsourcing/,True,IT Outsourcing & Infrastructure Services — DICEUS,49,1.0,DICEUS provides first-rate IT infrastructure outsourcing services to professionally support your digital assets and ensure their smooth and secure operation.,157,1.0,IT infrastructure outsourcing,1,1.0,8.0,1549,Answer;BreadcrumbList;EntryPoint;FAQPage;ImageObject;ListItem;LocalBusiness;Organization;PostalAddress;Question;ReadAction;SearchAction;WebPage;WebSite,False,,2024-07-29T08:04:05+00:00,1.0,764,93,389,0,0,2.946,2.359,it infrastructure outsourcing,0.152,https://diceus.com/services/it-infrastructure-support-services/,321,319,0.0,x-default,en,False,False,False
https://diceus.com/services/it-infrastructure-services/,/services/it-infrastructure-services/,200,,True,service-sitemap.xml,2024-07-29T08:04:25+00:00,sitemap/seed,generic_service,L3 Generic services,,False,2.9,True,False,https://diceus.com/services/it-infrastructure-services/,True,IT Infrastructure Services and Solutions – DICEUS,49,1.0,"DICEUS provides the entire scope of IT infrastructure services to help you with the optimization of applications and databases, and development environments.",157,1.0,IT infrastructure services,1,1.0,7.0,1403,Answer;BreadcrumbList;EntryPoint;FAQPage;ImageObject;ListItem;LocalBusiness;Organization;PostalAddress;Question;ReadAction;SearchAction;WebPage;WebSite,False,,2024-07-29T08:04:25+00:00,1.0,764,93,389,0,0,2.946,2.359,it infrastructure services,0.172,https://diceus.com/services/it-infrastructure-support-services/,137,316,0.0,x-default,en,False,False,False
https://diceus.com/services/it-infrastructure-support-services/,/services/it-infrastructure-support-services/,200,,True,service-sitemap.xml,2024-07-29T08:05:27+00:00,sitemap/seed,generic_service,L3 Generic services,,False,2.6,True,False,https://diceus.com/services/it-infrastructure-support-services/,True,IT Infrastructure Support Services – DICEUS,43,1.0,DICEUS provides multiple IT infrastructure support services to help companies optimize and transform technical assets and enhance operations.,141,1.0,IT infrastructure support services,1,1.0,11.0,1537,Answer;BreadcrumbList;EntryPoint;FAQPage;ImageObject;ListItem;LocalBusiness;Organization;PostalAddress;Question;ReadAction;SearchAction;WebPage;WebSite,False,,2024-07-29T08:05:27+00:00,1.0,764,93,390,0,0,2.946,2.359,it infrastructure support services,0.172,https://diceus.com/services/it-infrastructure-services/,180,317,0.0,x-default,en,False,False,False
https://diceus.com/services/it-outsourcing-services/,/services/it-outsourcing-services/,200,,True,service-sitemap.xml,2024-07-29T08:07:27+00:00,sitemap/seed,generic_service,L3 Generic services,,False,0.9,True,False,https://diceus.com/services/it-outsourcing-services/,True,IT Outsourcing Services | DICEUS Custom Software Development,60,1.0,Learn about DICEUS outsourcing IT services and the benefits you will enjoy by recruiting seasoned software specialists.,119,1.0,IT outsourcing services,1,1.0,11.0,2134,Answer;BreadcrumbList;EntryPoint;FAQPage;ImageObject;ListItem;LocalBusiness;Organization;PostalAddress;Question;ReadAction;SearchAction;WebPage;WebSite,False,,2024-07-29T08:07:27+00:00,1.0,764,94,392,0,0,2.946,2.395,it outsourcing services,0.142,https://diceus.com/services/augmented-reality-services/,146,340,0.0,x-default,en,False,False,False
https://diceus.com/services/it-outstaffing-services/,/services/it-outstaffing-services/,200,,True,service-sitemap.xml,2024-07-29T08:07:56+00:00,sitemap/seed,generic_service,L3 Generic services,,False,1.4,True,False,https://diceus.com/services/it-outstaffing-services/,True,IT Outstaffing Services - Scale up Your Development Team,56,1.0,DICEUS provides IT outstaffing services with many engineers in the talent pipeline and 13 years of software development experience.,131,1.0,IT outstaffing company,1,1.0,12.0,2080,Answer;BreadcrumbList;EntryPoint;FAQPage;ImageObject;ListItem;LocalBusiness;Organization;PostalAddress;Question;ReadAction;SearchAction;WebPage;WebSite,False,,2024-07-29T08:07:56+00:00,1.0,764,95,394,0,0,2.946,2.405,it outstaffing company,0.19,https://diceus.com/services/offshore-product-development/,136,341,0.0,x-default,en,False,False,False
https://diceus.com/services/it-services/,/services/it-services/,200,,True,service-sitemap.xml,2024-07-29T08:09:07+00:00,sitemap/seed,generic_service,L3 Generic services,,False,1.3,True,False,https://diceus.com/services/it-services/,True,IT Services for Businesses — Increase Productivity with DICEUS,62,1.0,IT services provided by DICEUS help businesses achieve their goals with the help of the right technology and digital solutions. Get a free consultation.,152,1.0,IT services,1,1.0,13.0,2304,Answer;BreadcrumbList;EntryPoint;FAQPage;ImageObject;ListItem;LocalBusiness;Organization;PostalAddress;Question;ReadAction;SearchAction;WebPage;WebSite,False,,2024-07-29T08:09:07+00:00,1.0,764,94,393,0,0,2.946,2.385,it services,0.118,https://diceus.com/services/qa-outsourcing/,184,359,0.0,x-default,en,False,False,False
https://diceus.com/services/it-staff-augmentation-services-company/,/services/it-staff-augmentation-services-company/,200,,True,service-sitemap.xml,2024-07-29T08:09:33+00:00,sitemap/seed,generic_service,L3 Generic services,,False,4.5,True,False,https://diceus.com/services/it-staff-augmentation-services-company/,True,IT Staff Augmentation Services: Hire Remote Developers Quickly | DICEUS,71,1.0,"DICEUS is a TOP IT staff augmentation company with 80,000+ software engineers in the recruiting pipeline. We help our clients find highly skilled specialists for their projects.",177,1.0,IT staff augmentation services to scale up your development,1,1.0,11.0,2214,Answer;BreadcrumbList;EntryPoint;FAQPage;ImageObject;ListItem;LocalBusiness;Organization;PostalAddress;Question;ReadAction;SearchAction;WebPage;WebSite,False,,2024-07-29T08:09:33+00:00,1.0,812,109,391,0,0,4.049,3.238,"it staff augmentation, it staff augmentation services, hire developers",0.312,https://diceus.com/services/offshore-product-development/,149,338,0.0,x-default,en,False,False,False
https://diceus.com/services/managed-infrastructure-services/,/services/managed-infrastructure-services/,200,,True,service-sitemap.xml,2024-07-29T08:14:03+00:00,sitemap/seed,generic_service,L3 Generic services,,False,1.8,True,False,https://diceus.com/services/managed-infrastructure-services/,True,Managed Infrastructure Services — DICEUS,40,1.0,"Check out DICEUS managed infrastructure services: Seamlessly blend IT and management, ensuring your business stays ahead.",121,1.0,Managed infrastructure services,1,1.0,8.0,1714,Answer;BreadcrumbList;EntryPoint;FAQPage;ImageObject;ListItem;LocalBusiness;Organization;PostalAddress;Question;ReadAction;SearchAction;WebPage;WebSite,False,,2024-07-29T08:14:03+00:00,1.0,764,93,389,0,0,2.946,2.359,managed infrastructure services,0.167,https://diceus.com/services/infrastructure-management-services/,199,331,0.0,x-default,en,False,False,False
https://diceus.com/services/managed-it-services/,/services/managed-it-services/,200,,True,service-sitemap.xml,2024-07-29T08:14:20+00:00,sitemap/seed,generic_service,L3 Generic services,,False,2.2,True,False,https://diceus.com/services/managed-it-services/,True,Managed IT Services and Support Company 🥇 DICEUS,48,1.0,"Gain access to top IT expertise, reduce your IT costs, and focus on growing your business with DICEUS. Our managed IT services ensure that companies and technologies are always protected.",187,1.0,Managed IT services and support,1,1.0,11.0,1361,Answer;BreadcrumbList;EntryPoint;FAQPage;ImageObject;ListItem;LocalBusiness;Organization;PostalAddress;Question;ReadAction;SearchAction;WebPage;WebSite,False,,2024-07-29T08:14:20+00:00,1.0,764,93,392,0,0,2.946,2.359,managed it services and support,0.151,https://diceus.com/services/devops-services/,248,330,0.0,x-default,en,False,False,False
https://diceus.com/services/marketplace-development-company/,/services/marketplace-development-company/,200,,True,service-sitemap.xml,2024-07-29T08:14:47+00:00,sitemap/seed,generic_service,L3 Generic services,,False,1.3,True,False,https://diceus.com/services/marketplace-development-company/,True,Marketplace Software Development Company - DICEUS,49,1.0,DICEUS is a custom marketplace software development company. We want to create a truly effective platform for your business.,124,1.0,Marketplace software development company,1,1.0,13.0,2286,Answer;BreadcrumbList;EntryPoint;FAQPage;ImageObject;ListItem;LocalBusiness;Organization;PostalAddress;Question;ReadAction;SearchAction;WebPage;WebSite,False,,2024-07-29T08:14:47+00:00,1.0,764,93,396,0,0,2.946,2.359,marketplace software development company,0.184,https://diceus.com/services/it-outstaffing-services/,439,385,0.0,x-default,en,False,False,False
https://diceus.com/services/mobile-app-consulting/,/services/mobile-app-consulting/,200,,True,service-sitemap.xml,2024-07-29T08:15:02+00:00,sitemap/seed,generic_service,L3 Generic services,,False,1.5,True,False,https://diceus.com/services/mobile-app-consulting/,True,Professional Mobile App Consulting Services | DICEUS,52,1.0,"12+ years of mobile app consulting services. DICEUS offers strategy, UI/UX research and design, product discovery, iOS and Android app development, and maintenance.",164,1.0,Mobile app consulting services,1,1.0,11.0,1944,Answer;BreadcrumbList;EntryPoint;FAQPage;ImageObject;ListItem;LocalBusiness;Organization;PostalAddress;Question;ReadAction;SearchAction;WebPage;WebSite,False,,2024-07-29T08:15:02+00:00,1.0,764,96,392,0,0,2.946,2.418,"mobile app consulting services, mobile app consulting",0.136,https://diceus.com/services/devops-consulting/,249,337,0.0,x-default,en,False,False,False
https://diceus.com/services/mobile-app-development/,/services/mobile-app-development/,200,,True,service-sitemap.xml,2024-07-29T08:16:28+00:00,sitemap/seed,generic_service,L3 Generic services,,False,3.2,True,False,https://diceus.com/services/mobile-app-development/,True,Mobile App Development Services 🥇 DICEUS,40,1.0,DICEUS offers end-to-end mobile application development services so that you can reach your customers on their favorite devices.,128,1.0,Mobile application development,1,1.0,11.0,1241,Answer;BreadcrumbList;EntryPoint;FAQPage;ImageObject;ListItem;LocalBusiness;Organization;PostalAddress;Question;ReadAction;SearchAction;WebPage;WebSite,False,,2024-07-29T08:16:28+00:00,1.0,812,134,391,0,0,4.049,4.521,"mobile application development, mobile app development, check out our services.",0.182,https://diceus.com/services/web-app-development/,163,329,0.0,x-default,en,False,False,False
https://diceus.com/services/mobile-application-testing/,/services/mobile-application-testing/,200,,True,service-sitemap.xml,2024-07-29T08:19:41+00:00,sitemap/seed,generic_service,L3 Generic services,,False,4.8,True,False,https://diceus.com/services/mobile-application-testing/,True,Mobile App Testing Services and Quality Assurance | DICEUS,58,1.0,"DICEUS is a mobile app testing company that provides functional, usability, performance, compatibility, compliance, and security testing.",137,1.0,Mobile application testing services,1,1.0,11.0,1241,Answer;BreadcrumbList;EntryPoint;FAQPage;ImageObject;ListItem;LocalBusiness;Organization;PostalAddress;Question;ReadAction;SearchAction;WebPage;WebSite,False,,2024-07-29T08:19:41+00:00,1.0,764,93,392,0,0,2.946,2.359,"mobile application testing services, mobile application testing",0.165,https://diceus.com/services/manual-testing/,392,328,0.0,x-default,en,False,False,False
https://diceus.com/services/msp-help-desk/,/services/msp-help-desk/,200,,True,service-sitemap.xml,2024-07-29T08:19:59+00:00,sitemap/seed,generic_service,L3 Generic services,,False,1.1,True,False,https://diceus.com/services/msp-help-desk/,True,Outsourced Help Desk for MSP — DICEUS,37,1.0,"We offer an entire range of outsourced MSP help desk services, which will help you provide technical support for your clientele and keep them satisfied.",152,1.0,MSP help desk services,1,1.0,11.0,1840,Answer;BreadcrumbList;EntryPoint;FAQPage;ImageObject;ListItem;LocalBusiness;Organization;PostalAddress;Question;ReadAction;SearchAction;WebPage;WebSite,False,,2024-07-29T08:19:59+00:00,1.0,764,93,392,0,0,2.946,2.359,"msp help desk services, msp help desk support",0.161,https://diceus.com/services/help-desk-outsourcing/,226,336,0.0,x-default,en,False,False,False
https://diceus.com/services/mvp-development-services/,/services/mvp-development-services/,200,,True,service-sitemap.xml,2024-07-29T08:21:53+00:00,sitemap/seed,generic_service,L3 Generic services,,False,2.8,True,False,https://diceus.com/services/mvp-development-services/,True,MVP Development Company — DICEUS,32,1.0,High-end MVP development services by DICEUS will provide you with a trial version of a software product to validate your business ideas.,136,1.0,MVP development services,1,1.0,9.0,1816,Answer;BreadcrumbList;EntryPoint;FAQPage;ImageObject;ListItem;LocalBusiness;Organization;PostalAddress;Question;ReadAction;SearchAction;WebPage;WebSite,False,,2024-07-29T08:21:53+00:00,1.0,764,94,390,0,0,2.946,2.387,mvp development services,0.156,https://diceus.com/services/mvp-development/,99,351,0.0,x-default,en,False,False,False
https://diceus.com/services/offshore-product-development/,/services/offshore-product-development/,200,,True,service-sitemap.xml,2024-07-29T08:22:51+00:00,sitemap/seed,generic_service,L3 Generic services,,False,2.6,True,False,https://diceus.com/services/offshore-product-development/,True,Offshore Product Development Company | DICEUS,45,1.0,"Unleash the best offshore product development capabilities with DICEUS's skilled developers. Explore our tech stack, benefits, and other terms.",143,1.0,Offshore product development services,1,1.0,13.0,2351,Answer;BreadcrumbList;EntryPoint;FAQPage;ImageObject;ListItem;LocalBusiness;Organization;PostalAddress;Question;ReadAction;SearchAction;WebPage;WebSite,False,,2024-07-29T08:22:51+00:00,1.0,764,94,393,0,0,2.946,2.397,offshore product development services,0.312,https://diceus.com/services/it-staff-augmentation-services-company/,147,368,0.0,x-default,en,False,False,False
https://diceus.com/services/offshore-software-development-company/,/services/offshore-software-development-company/,200,,True,service-sitemap.xml,2024-07-29T08:23:23+00:00,sitemap/seed,generic_service,L3 Generic services,,False,0.0,True,False,https://diceus.com/services/offshore-software-development-company/,True,Offshore Software Development Company 🥇 DICEUS,46,1.0,DICEUS provides offshore software development services to solve the main challenges to enhance the growth and high productivity of your business.,145,1.0,Offshore software development company,1,1.0,11.0,1905,Answer;BreadcrumbList;EntryPoint;FAQPage;ImageObject;ListItem;LocalBusiness;Organization;PostalAddress;Question;ReadAction;SearchAction;WebPage;WebSite,False,,2024-07-29T08:23:23+00:00,1.0,764,94,392,0,0,2.946,2.397,"offshore software development company, offshore software development",0.177,https://diceus.com/services/software-product-development-company/,134,336,0.0,x-default,en,False,False,False
https://diceus.com/services/offshore-web-development-company/,/services/offshore-web-development-company/,200,,True,service-sitemap.xml,2024-07-29T08:23:55+00:00,sitemap/seed,generic_service,L3 Generic services,,False,0.6,True,False,https://diceus.com/services/offshore-web-development-company/,True,Offshore Web Development Company | DICEUS,41,1.0,DICEUS provides offshore web development services. We are trusted offshore web development partner for high-quality service at competitive prices.,146,1.0,Offshore web development,1,1.0,11.0,1548,Answer;BreadcrumbList;EntryPoint;FAQPage;ImageObject;ListItem;LocalBusiness;Organization;PostalAddress;Question;ReadAction;SearchAction;WebPage;WebSite,False,,2024-07-29T08:23:55+00:00,1.0,764,95,392,0,0,2.946,2.551,offshore web development,0.211,https://diceus.com/services/enterprise-web-development-company/,175,335,0.0,x-default,en,False,False,False
https://diceus.com/services/on-demand-app-development-company/,/services/on-demand-app-development-company/,200,,True,service-sitemap.xml,2024-07-29T08:24:48+00:00,sitemap/seed,generic_service,L3 Generic services,,False,0.7,True,False,https://diceus.com/services/on-demand-app-development-company/,True,On Demand App Development Company | DICEUS,42,1.0,"DICEUS provides on-demand app development services, builds a great custom mobile on-demand app for your business. We’ve got all the expertise you need.",151,1.0,On demand app development,1,1.0,11.0,1479,Answer;BreadcrumbList;EntryPoint;FAQPage;ImageObject;ListItem;LocalBusiness;Organization;PostalAddress;Question;ReadAction;SearchAction;WebPage;WebSite,False,,2024-07-29T08:24:48+00:00,1.0,764,94,392,0,0,2.946,2.392,on demand app development,0.175,https://diceus.com/services/offshore-web-development-company/,355,333,0.0,x-default,en,False,False,False
https://diceus.com/services/outsourced-net-development-services/,/services/outsourced-net-development-services/,200,,True,service-sitemap.xml,2024-07-29T08:25:16+00:00,sitemap/seed,generic_service,L3 Generic services,,False,1.9,True,False,https://diceus.com/services/outsourced-net-development-services/,True,.NET Development Services - DICEUS IT Company,45,1.0,DICEUS is here to offer outsourced .NET development services and the best programming solutions for your project. Explore the range.,132,1.0,Outsourced .NET development services,1,1.0,8.0,1608,Answer;BreadcrumbList;EntryPoint;FAQPage;ImageObject;ListItem;LocalBusiness;Organization;PostalAddress;Question;ReadAction;SearchAction;WebPage;WebSite,False,,2024-07-29T08:25:16+00:00,1.0,764,93,389,0,0,2.946,2.359,outsourced .net development services,0.164,https://diceus.com/services/net-consulting/,239,332,0.0,x-default,en,False,False,False
https://diceus.com/services/penetration-testing-services/,/services/penetration-testing-services/,200,,True,service-sitemap.xml,2024-07-29T08:25:50+00:00,sitemap/seed,generic_service,L3 Generic services,,False,1.2,True,False,https://diceus.com/services/penetration-testing-services/,True,Penetration Testing as a Service Provided by a Competent Vendor | DICEUS,72,1.0,"Learn about the aspects of penetration testing as a service provided by DICEUS, the benefits it brings, the tech stack we use, and the roadmap of the process.",158,1.0,Penetration testing services,1,1.0,11.0,1616,Answer;BreadcrumbList;EntryPoint;FAQPage;ImageObject;ListItem;LocalBusiness;Organization;PostalAddress;Question;ReadAction;SearchAction;WebPage;WebSite,False,,2024-07-29T08:25:50+00:00,1.0,765,99,391,0,0,2.969,2.693,"penetration testing, penetration testing services, check what we offer.",0.242,https://diceus.com/what-is-the-primary-purpose-of-penetration-testing/,99,337,0.0,x-default,en,False,False,False
https://diceus.com/services/legacy-application-modernization/,/services/legacy-application-modernization/,200,,True,service-sitemap.xml,2024-07-29T08:26:34+00:00,sitemap/seed,generic_service,L3 Generic services,,False,2.2,True,False,https://diceus.com/services/legacy-application-modernization/,True,Legacy Application Modernization Services 🥇 DICEUS,50,1.0,DICEUS's application modernization services include tools and methodologies for legacy application replatforming and application migration.,139,1.0,Professional legacy app modernization services,1,1.0,11.0,1385,Answer;BreadcrumbList;EntryPoint;FAQPage;ImageObject;ListItem;LocalBusiness;Organization;PostalAddress;Question;ReadAction;SearchAction;WebPage;WebSite,False,,2024-07-29T08:26:34+00:00,1.0,766,111,392,0,0,2.994,3.499,"professional legacy app modernization services, legacy app modernization",0.163,https://diceus.com/services/system-integration-services/,341,333,0.0,x-default,en,False,False,False
https://diceus.com/services/python-consulting-services/,/services/python-consulting-services/,200,,True,service-sitemap.xml,2024-07-29T08:27:41+00:00,sitemap/seed,generic_service,L3 Generic services,,False,1.8,True,False,https://diceus.com/services/python-consulting-services/,True,Python Consulting and Py Solutions — DICEUS,43,1.0,Looking to get the best Python consulting services out there? DICEUS engineers will help you take your project to the next level.,129,1.0,Python consulting services,1,1.0,8.0,1660,Answer;BreadcrumbList;EntryPoint;FAQPage;ImageObject;ListItem;LocalBusiness;Organization;PostalAddress;Question;ReadAction;SearchAction;WebPage;WebSite,False,,2024-07-29T08:27:41+00:00,1.0,764,93,391,0,0,2.946,2.359,python consulting services,0.097,https://diceus.com/services/front-end-development-services/,167,318,0.0,x-default,en,False,False,False
https://diceus.com/services/qa-outsourcing/,/services/qa-outsourcing/,200,,True,service-sitemap.xml,2024-07-29T08:28:14+00:00,sitemap/seed,generic_service,L3 Generic services,,False,1.4,True,False,https://diceus.com/services/qa-outsourcing/,True,Software Testing and QA Outsourcing — DICEUS,44,1.0,Learn how DICEUS can help you save costs and boost product quality via QA outsourcing that covers testing processes for both startups & enterprise-level organizations.,167,1.0,QA outsourcing,1,1.0,13.0,2185,Answer;BreadcrumbList;EntryPoint;FAQPage;ImageObject;ListItem;LocalBusiness;Organization;PostalAddress;Question;ReadAction;SearchAction;WebPage;WebSite,False,,2024-07-29T08:28:14+00:00,1.0,764,93,393,0,0,2.946,2.359,qa outsourcing,0.148,https://diceus.com/services/software-qa-consulting/,146,348,0.0,x-default,en,False,False,False
https://diceus.com/services/devops-services/,/services/devops-services/,200,,True,service-sitemap.xml,2024-07-29T08:30:18+00:00,sitemap/seed,generic_service,L3 Generic services,,False,2.6,True,False,https://diceus.com/services/devops-services/,True,DevOps Services and Solutions Company 🥇 DICEUS,46,1.0,DICEUS DevOps consulting services offer end-to-end solutions and strategies for better IT performance & continual output with fast delivery.,140,1.0,Reliable DevOps service provider,1,1.0,11.0,1142,Answer;BreadcrumbList;EntryPoint;FAQPage;ImageObject;ListItem;LocalBusiness;Organization;PostalAddress;Question;ReadAction;SearchAction;WebPage;WebSite,False,,2024-07-29T08:30:18+00:00,1.0,764,107,392,0,0,2.946,3.529,"reliable devops service provider, devops services",0.164,https://diceus.com/services/automated-testing/,293,329,0.0,x-default,en,False,False,False
https://diceus.com/services/software-development-outsourcing/,/services/software-development-outsourcing/,200,,True,service-sitemap.xml,2024-07-29T08:33:57+00:00,sitemap/seed,generic_service,L3 Generic services,,False,1.2,True,False,https://diceus.com/services/software-development-outsourcing/,True,IT Outsourcing Services | Outsourcing Software Company - DICEUS,63,1.0,DICEUS is one of the leading Offshore IT outsourcing companies offering Custom Software development services at the best price.,127,1.0,Reliable IT outsourcing for complex software development,1,1.0,11.0,1629,Answer;BreadcrumbList;EntryPoint;FAQPage;ImageObject;ListItem;LocalBusiness;Organization;PostalAddress;Question;ReadAction;SearchAction;WebPage;WebSite,False,,2024-07-29T08:33:57+00:00,1.0,764,94,392,0,0,2.946,2.375,software development outsourcing,0.213,https://diceus.com/services/help-desk-outsourcing/,142,335,0.0,x-default,en,False,False,False
https://diceus.com/services/saas-consulting/,/services/saas-consulting/,200,,True,service-sitemap.xml,2024-07-29T08:36:41+00:00,sitemap/seed,generic_service,L3 Generic services,,False,2.3,True,False,https://diceus.com/services/saas-consulting/,True,SaaS Consulting Services — DICEUS IT Product Consultants,56,1.0,"Get professional SaaS consulting services from DICEUS: 12+ years of experience, 10+ consultants available, end-to-end SaaS product development.",143,1.0,SaaS consulting services,1,1.0,10.0,1330,Answer;BreadcrumbList;EntryPoint;FAQPage;ImageObject;ListItem;LocalBusiness;Organization;PostalAddress;Question;ReadAction;SearchAction;WebPage;WebSite,False,,2024-07-29T08:36:41+00:00,1.0,764,94,392,0,0,2.946,2.401,"saas consulting services, saas consulting",0.13,https://diceus.com/services/saas-development-company/,117,329,0.0,x-default,en,False,False,False
https://diceus.com/services/saas-development-company/,/services/saas-development-company/,200,,True,service-sitemap.xml,2024-07-29T08:51:52+00:00,sitemap/seed,generic_service,L3 Generic services,,False,0.0,True,False,https://diceus.com/services/saas-development-company/,True,SaaS Development Company | SaaS Software Development Services 🥇 DICEUS,70,1.0,DICEUS provides SaaS Development Services to solve the main challenges to enhance the growth and high productivity of your business.,132,1.0,SaaS development company,1,1.0,11.0,1597,Answer;BreadcrumbList;EntryPoint;FAQPage;ImageObject;ListItem;LocalBusiness;Organization;PostalAddress;Question;ReadAction;SearchAction;WebPage;WebSite,False,,2024-07-29T08:51:52+00:00,1.0,764,94,392,0,0,2.946,2.401,saas development company,0.171,https://diceus.com/services/offshore-software-development-company/,172,335,0.0,x-default,en,False,False,False
https://diceus.com/services/software-code-audit-services/,/services/software-code-audit-services/,200,,True,service-sitemap.xml,2024-07-29T08:59:07+00:00,sitemap/seed,generic_service,L3 Generic services,,False,0.0,True,False,https://diceus.com/services/software-code-audit-services/,True,Software Code Audit Service — DICEUS,36,1.0,Our software code audit services aim to improve your business capabilities. We can offer tech solutions and integrate new features based on software security audit results.,172,1.0,Software code audit services,1,1.0,8.0,1613,Answer;BreadcrumbList;EntryPoint;FAQPage;ImageObject;ListItem;LocalBusiness;Organization;PostalAddress;Question;ReadAction;SearchAction;WebPage;WebSite,False,,2024-07-29T08:59:07+00:00,1.0,764,93,384,0,0,2.945,2.358,software code audit services,0.146,https://diceus.com/services/software-audit/,94,320,0.0,x-default,en,False,False,False
https://diceus.com/services/software-development-consulting/,/services/software-development-consulting/,200,,True,service-sitemap.xml,2024-07-29T09:00:15+00:00,sitemap/seed,generic_service,L3 Generic services,,False,4.2,True,False,https://diceus.com/services/software-development-consulting/,True,Software Development Consulting Company 🥇 DICEUS,48,1.0,DICEUS offers a full suite of software development services | Process and technology consulting | Cloud native and serverless computing | Deep industry expertise,161,1.0,Software development consulting services,1,1.0,11.0,1193,Answer;BreadcrumbList;EntryPoint;FAQPage;ImageObject;ListItem;LocalBusiness;Organization;PostalAddress;Question;ReadAction;SearchAction;WebPage;WebSite,False,,2024-07-29T09:00:15+00:00,1.0,764,94,392,0,0,2.946,2.371,"software development consulting services, software development consulting",0.156,https://diceus.com/services/cloud-technology-consulting/,148,329,0.0,x-default,en,False,False,False
https://diceus.com/services/software-development-for-startups/,/services/software-development-for-startups/,200,,True,service-sitemap.xml,2024-07-29T09:01:11+00:00,sitemap/seed,generic_service,L3 Generic services,,False,1.7,True,False,https://diceus.com/services/software-development-for-startups/,True,Custom Software Development for Startups — DICEUS,49,1.0,DICEUS company provides custom software development services for startups. Software engineers | Architects | Test & QA | UI/UX design – 120+ completed projects.,160,1.0,Software development for startups,1,1.0,11.0,1808,Answer;BreadcrumbList;EntryPoint;FAQPage;ImageObject;ListItem;LocalBusiness;Organization;PostalAddress;Question;ReadAction;SearchAction;WebPage;WebSite,False,,2024-07-29T09:01:11+00:00,1.0,764,93,392,0,0,2.946,2.359,software development for startups,0.171,https://diceus.com/services/startup-consulting/,203,332,0.0,x-default,en,False,False,False
https://diceus.com/services/software-product-development-company/,/services/software-product-development-company/,200,,True,service-sitemap.xml,2024-07-29T09:01:48+00:00,sitemap/seed,generic_service,L3 Generic services,,False,6.4,True,False,https://diceus.com/services/software-product-development-company/,True,Software Product Development Company | DICEUS,45,1.0,DICEUS provides software product development services to technology teams and fast-growing start-ups. We also offer IT staffing for quick scale-up of your development process.,175,1.0,Software product development services,1,1.0,11.0,1883,Answer;BreadcrumbList;EntryPoint;FAQPage;ImageObject;ListItem;LocalBusiness;Organization;PostalAddress;Question;ReadAction;SearchAction;WebPage;WebSite,False,,2024-07-29T09:01:48+00:00,1.0,764,94,392,0,0,2.946,2.386,"software product development services, software product development",0.177,https://diceus.com/services/offshore-software-development-company/,137,335,0.0,x-default,en,False,False,False
https://diceus.com/services/software-qa-consulting/,/services/software-qa-consulting/,200,,True,service-sitemap.xml,2024-07-29T09:03:20+00:00,sitemap/seed,generic_service,L3 Generic services,,False,3.0,True,False,https://diceus.com/services/software-qa-consulting/,True,Software QA Consulting and Testing Services — DICEUS,52,1.0,"By ordering software QA consulting services from DICEUS, your company will audit and optimize QA processes and cut testing time.",128,1.0,Software QA consulting,1,1.0,10.0,1672,Answer;BreadcrumbList;EntryPoint;FAQPage;ImageObject;ListItem;LocalBusiness;Organization;PostalAddress;Question;ReadAction;SearchAction;WebPage;WebSite,False,,2024-07-29T09:03:20+00:00,1.0,764,93,389,0,0,2.946,2.359,software qa consulting,0.148,https://diceus.com/services/qa-outsourcing/,149,345,0.0,x-default,en,False,False,False
https://diceus.com/services/software-team-extension-services/,/services/software-team-extension-services/,200,,True,service-sitemap.xml,2024-07-29T09:10:48+00:00,sitemap/seed,generic_service,L3 Generic services,,False,1.9,True,False,https://diceus.com/services/software-team-extension-services/,True,Team Extension – Scale Your Software Development Team | DICEUS,62,1.0,"Team extension services to scale up your software development process with professional IT staff. DICEUS provides help in recruiting skilled developers, certified test engineers, and architects.",194,1.0,Software team extension services,1,1.0,11.0,2100,Answer;BreadcrumbList;EntryPoint;FAQPage;ImageObject;ListItem;LocalBusiness;Organization;PostalAddress;Question;ReadAction;SearchAction;WebPage;WebSite,False,,2024-07-29T09:10:48+00:00,1.0,764,98,392,0,0,2.946,3.005,"software team extension services, software team extension",0.288,https://diceus.com/services/it-staff-augmentation-services-company/,271,338,0.0,x-default,en,False,False,False
https://diceus.com/services/startup-consulting/,/services/startup-consulting/,200,,True,service-sitemap.xml,2024-07-29T09:13:05+00:00,sitemap/seed,generic_service,L3 Generic services,,False,2.4,True,False,https://diceus.com/services/startup-consulting/,True,Tech Startup Consulting Services | DICEUS,41,1.0,"DICEUS provides tech startup consulting services where our consultants help with CX, product discovery, cybersecurity strategy, and market-fit analysis.",152,1.0,Startup consulting services,1,1.0,13.0,2078,Answer;BreadcrumbList;EntryPoint;FAQPage;ImageObject;ListItem;LocalBusiness;Organization;PostalAddress;Question;ReadAction;SearchAction;WebPage;WebSite,False,,2024-07-29T09:13:05+00:00,1.0,764,93,394,0,0,2.946,2.359,startup consulting services,0.171,https://diceus.com/services/software-development-for-startups/,125,352,0.0,x-default,en,False,False,False
https://diceus.com/services/system-integration-services/,/services/system-integration-services/,200,,True,service-sitemap.xml,2024-07-29T09:13:52+00:00,sitemap/seed,generic_service,L3 Generic services,,False,2.6,True,False,https://diceus.com/services/system-integration-services/,True,IT System Integration Services and Consulting | DICEUS,54,1.0,"DICEUS provides system integration services to ensure better operations efficiency, data consistency, flow, and optimized processes. End-to-end development and efficient project strategy guaranteed.",198,1.0,System integration services,1,1.0,11.0,1169,Answer;BreadcrumbList;EntryPoint;FAQPage;ImageObject;ListItem;LocalBusiness;Organization;PostalAddress;Question;ReadAction;SearchAction;WebPage;WebSite,False,,2024-07-29T09:13:52+00:00,1.0,812,151,392,0,0,4.049,5.107,"system integration, integrations",0.163,https://diceus.com/services/legacy-application-modernization/,149,329,0.0,x-default,en,False,False,False
https://diceus.com/services/ui-ux-design/,/services/ui-ux-design/,200,,True,service-sitemap.xml,2024-07-29T09:18:21+00:00,sitemap/seed,generic_service,L3 Generic services,,False,3.1,True,False,https://diceus.com/services/ui-ux-design/,True,UI/UX Design Services – Outsource UX Design Company 🥇 DICEUS,60,1.0,"DICEUS provides the best UI & UX design services that can improve your interface and make it more user-friendly, more appealing, and useful for readers.",152,1.0,UI/UX design and consulting agency,1,1.0,11.0,1594,Answer;BreadcrumbList;EntryPoint;FAQPage;ImageObject;ListItem;LocalBusiness;Organization;PostalAddress;Question;ReadAction;SearchAction;WebPage;WebSite,False,,2024-07-29T09:18:21+00:00,1.0,768,161,392,0,0,2.96,6.112,"ui/ux design, ui/ux design and consulting, ui/ux design vi udvikler ux/ui designs på baggrund af grundi",0.151,https://diceus.com/services/web-app-development/,314,330,0.0,x-default,en,False,False,False
https://diceus.com/services/website-development/,/services/website-development/,200,,True,service-sitemap.xml,2024-07-29T09:21:08+00:00,sitemap/seed,generic_service,L3 Generic services,,False,3.1,True,False,https://diceus.com/services/website-development/,True,Web Development Company | Website Development 🥇 DICEUS,54,1.0,DICEUS is the best Web Development Services Company that builds your online business at best price.,99,1.0,Website development services,1,1.0,11.0,1608,Answer;BreadcrumbList;EntryPoint;FAQPage;ImageObject;ListItem;LocalBusiness;Organization;PostalAddress;Question;ReadAction;SearchAction;WebPage;WebSite,False,,2024-07-29T09:21:08+00:00,1.0,764,94,392,0,0,2.946,2.538,website development services,0.191,https://diceus.com/services/web-portal-development/,161,332,0.0,x-default,en,False,False,False
https://diceus.com/services/web-portal-development/,/services/web-portal-development/,200,,True,service-sitemap.xml,2024-07-29T09:21:46+00:00,sitemap/seed,generic_service,L3 Generic services,customer_portal_cx,True,3.1,True,False,https://diceus.com/services/web-portal-development/,True,Web Portal Development Company 🥇 DICEUS,39,1.0,"DICEUS provides full-cycle web portal development services. Our company delivers feature-rich, mobile responsive solutions that seamlessly integrate with key enterprise systems.",177,1.0,Web portal development services,1,1.0,11.0,1607,Answer;BreadcrumbList;EntryPoint;FAQPage;ImageObject;ListItem;LocalBusiness;Organization;PostalAddress;Question;ReadAction;SearchAction;WebPage;WebSite,False,,2024-07-29T09:21:46+00:00,1.0,765,97,392,0,0,2.97,2.625,web portal development services,0.206,https://diceus.com/services/software-development-outsourcing/,133,333,0.0,x-default,en,False,False,False
https://diceus.com/services/web-development-outsourcing/,/services/web-development-outsourcing/,200,,True,service-sitemap.xml,2024-07-29T09:23:51+00:00,sitemap/seed,generic_service,L3 Generic services,,False,0.4,True,False,https://diceus.com/services/web-development-outsourcing/,True,Web Development Outsourcing — IT Company DICEUS,47,1.0,DICEUS is a web development outsourcing partner and IT staffing services provider. Find top web developers for your project!,124,1.0,Web development outsourcing,1,1.0,14.0,2740,Answer;BreadcrumbList;EntryPoint;FAQPage;ImageObject;ListItem;LocalBusiness;Organization;PostalAddress;Question;ReadAction;SearchAction;WebPage;WebSite,False,,2024-07-29T09:23:51+00:00,1.0,764,93,393,0,0,2.946,2.359,web development outsourcing,0.178,https://diceus.com/services/web-development-consulting/,167,359,0.0,x-default,en,False,False,False
https://diceus.com/services/vendor-portal-software/,/services/vendor-portal-software/,200,,True,service-sitemap.xml,2024-07-29T09:29:27+00:00,sitemap/seed,generic_service,L3 Generic services,customer_portal_cx,True,2.4,True,False,https://diceus.com/services/vendor-portal-software/,True,Vendor Portal Software Solutions — DICEUS,41,1.0,Streamline your business with tailored vendor portal software. Achieve effective supplier management and automate processes.,124,1.0,Vendor portal software,1,1.0,9.0,2091,Answer;BreadcrumbList;EntryPoint;FAQPage;ImageObject;ListItem;LocalBusiness;Organization;PostalAddress;Question;ReadAction;SearchAction;WebPage;WebSite,False,,2024-07-29T09:29:27+00:00,1.0,764,93,391,0,0,2.946,2.359,vendor portal software,0.153,https://diceus.com/services/vendor-portal-development/,103,341,0.0,x-default,en,False,False,False
https://diceus.com/services/web-application-and-website-testing-services/,/services/web-application-and-website-testing-services/,200,,True,service-sitemap.xml,2024-07-29T09:31:15+00:00,sitemap/seed,generic_service,L3 Generic services,,False,2.4,True,False,https://diceus.com/services/web-application-and-website-testing-services/,True,Web Application Testing Services — DICEUS,41,1.0,"DICEUS provides high-quality web application and website testing services, allowing businesses to obtain a fully functional, reliable, and secure web product.",158,1.0,Web application and website testing services,1,1.0,9.0,1678,Answer;BreadcrumbList;EntryPoint;FAQPage;ImageObject;ListItem;LocalBusiness;Organization;PostalAddress;Question;ReadAction;SearchAction;WebPage;WebSite,False,,2024-07-29T09:31:15+00:00,1.0,764,93,387,0,0,2.946,2.359,web application and website testing services,0.135,https://diceus.com/insurance/testing-and-qa/,189,325,0.0,x-default,en,False,False,False
https://diceus.com/services/enterprise-software-development/,/services/enterprise-software-development/,200,,True,service-sitemap.xml,2024-07-29T09:34:47+00:00,sitemap/seed,generic_service,L3 Generic services,,False,0.0,True,False,https://diceus.com/services/enterprise-software-development/,True,Enterprise Software Development Services & Solutions | DICEUS,61,1.0,DICEUS is an enterprise software development company providing end-to-end services for businesses Design ✔Development ✔Implementation ✔Support ✔ Free consulting is available!,174,1.0,Enterprise software development,1,1.0,11.0,1672,Answer;BreadcrumbList;EntryPoint;FAQPage;ImageObject;ListItem;LocalBusiness;Organization;PostalAddress;Question;ReadAction;SearchAction;WebPage;WebSite,False,,2024-07-29T09:34:47+00:00,1.0,812,100,392,0,0,4.049,2.509,"enterprise software development, enterprise software development services from diceus",0.135,https://diceus.com/services/web-app-development/,223,334,0.0,x-default,en,False,False,False
https://diceus.com/services/custom-cms-development-services/,/services/custom-cms-development-services/,200,,True,service-sitemap.xml,2025-02-18T14:58:44+00:00,sitemap/seed,generic_service,L3 Generic services,,False,0.0,True,False,https://diceus.com/services/custom-cms-development-services/,True,Content Management System (CMS) Development Company,51,1.0,"DICEUS offers custom CMS development services, including integration, migration, and support. Apply for a free consultation.",124,1.0,Custom CMS development services,1,1.0,8.0,1852,Answer;BreadcrumbList;EntryPoint;FAQPage;ImageObject;ListItem;LocalBusiness;Organization;PostalAddress;Question;ReadAction;SearchAction;WebPage;WebSite,False,,2025-02-18T14:58:44+00:00,1.0,764,93,385,0,0,2.945,2.358,custom cms development services,0.09,https://diceus.com/services/website-development/,152,310,0.0,x-default,en,False,False,False
https://diceus.com/services/it-service-management-consulting/,/services/it-service-management-consulting/,200,,True,service-sitemap.xml,2025-02-18T16:32:57+00:00,sitemap/seed,generic_service,L3 Generic services,,False,0.0,True,False,https://diceus.com/services/it-service-management-consulting/,True,ITSM Consulting | IT Service Management Services | DICEUS,57,1.0,"Discover IT service management consulting services for process, hardware, software, and resources optimization and implementation.",130,1.0,IT service management consulting,1,1.0,8.0,1756,Answer;BreadcrumbList;EntryPoint;FAQPage;ImageObject;ListItem;LocalBusiness;Organization;PostalAddress;Question;ReadAction;SearchAction;WebPage;WebSite,False,,2025-02-18T16:32:57+00:00,1.0,764,93,387,0,0,2.946,2.359,it service management consulting,0.128,https://diceus.com/services/managed-infrastructure-services/,125,339,0.0,x-default,en,False,False,False
https://diceus.com/services/mobile-application-support-and-maintenance-services/,/services/mobile-application-support-and-maintenance-services/,200,,True,service-sitemap.xml,2025-02-18T16:33:17+00:00,sitemap/seed,generic_service,L3 Generic services,,False,2.2,True,False,https://diceus.com/services/mobile-application-support-and-maintenance-services/,True,Mobile App Maintenance and Support Services | DICEUS,52,1.0,DICEUS offers mobile application support and maintenance services since 2011. We also buils custom mobile apps to meet your business needs.,139,1.0,Mobile application support and maintenance services,1,1.0,9.0,1804,Answer;BreadcrumbList;EntryPoint;FAQPage;ImageObject;ListItem;LocalBusiness;Organization;PostalAddress;Question;ReadAction;SearchAction;WebPage;WebSite,False,,2025-02-18T16:33:17+00:00,1.0,764,93,390,0,0,2.946,2.359,mobile application support and maintenance services,0.143,https://diceus.com/services/application-support-and-maintenance-services/,198,344,0.0,x-default,en,False,False,False
https://diceus.com/services/mvp-development/,/services/mvp-development/,200,,True,service-sitemap.xml,2025-02-18T16:33:33+00:00,sitemap/seed,generic_service,L3 Generic services,,False,0.0,True,False,https://diceus.com/services/mvp-development/,True,MVP Development Company | DICEUS,32,1.0,Transform your business idea into a top software product. Discover the ultimate guide to MVP development and integrate multiple features based on customers' needs.,163,1.0,MVP development,1,1.0,9.0,2407,Answer;BreadcrumbList;EntryPoint;FAQPage;ImageObject;ListItem;LocalBusiness;Organization;PostalAddress;Question;ReadAction;SearchAction;WebPage;WebSite,False,,2025-02-18T16:33:33+00:00,1.0,764,96,385,0,0,2.945,2.529,mvp development,0.156,https://diceus.com/services/mvp-development-services/,103,295,0.0,x-default,en,False,False,False
https://diceus.com/services/aws-cloud-consulting/,/services/aws-cloud-consulting/,200,,True,service-sitemap.xml,2025-10-24T08:22:23+00:00,sitemap/seed,generic_service,L3 Generic services,,False,2.8,True,False,https://diceus.com/services/aws-cloud-consulting/,True,AWS Cloud Consulting Services — DICEUS,38,1.0,Are you in need of quick digital transformation? AWS cloud consulting services will help transform your enterprise for the best market competition,146,1.0,AWS cloud consulting,1,1.0,8.0,1432,Answer;BreadcrumbList;EntryPoint;FAQPage;ImageObject;ListItem;LocalBusiness;Organization;PostalAddress;Question;ReadAction;SearchAction;WebPage;WebSite,False,,2025-10-24T08:22:23+00:00,1.0,764,93,389,0,0,2.946,2.359,aws cloud consulting,0.13,https://diceus.com/services/crm-consulting-services/,157,325,0.0,x-default,en,False,False,False
https://diceus.com/services/crm-consulting-services/,/services/crm-consulting-services/,200,,True,service-sitemap.xml,2025-11-13T08:16:07+00:00,sitemap/seed,generic_service,L3 Generic services,,False,2.2,True,False,https://diceus.com/services/crm-consulting-services/,True,CRM Consulting Services — DICEUS,32,1.0,"We provide CRM consulting services for those who need to implement a new CRM, upgrade the legacy system, or integrate with other solutions.",139,1.0,CRM consulting services,1,1.0,9.0,1803,Answer;BreadcrumbList;EntryPoint;FAQPage;ImageObject;ListItem;LocalBusiness;Organization;PostalAddress;Question;ReadAction;SearchAction;WebPage;WebSite,False,,2025-11-13T08:16:07+00:00,1.0,764,97,389,0,0,2.946,2.438,"crm consulting services, crm",0.13,https://diceus.com/services/aws-cloud-consulting/,308,325,0.0,x-default,en,False,False,False
https://diceus.com/services/custom-software-development/,/services/custom-software-development/,200,,True,service-sitemap.xml,2025-11-13T08:18:50+00:00,sitemap/seed,generic_service,L3 Generic services,,False,2.7,True,False,https://diceus.com/services/custom-software-development/,True,Custom Software Development Company | DICEUS,44,1.0,"Expert custom software development services: best solutions to unlock innovation and efficiency, with years of experience for your businesses.",142,1.0,Custom software development services,1,1.0,16.0,2599,Answer;BreadcrumbList;EntryPoint;FAQPage;ImageObject;ListItem;LocalBusiness;Organization;PostalAddress;Question;ReadAction;SearchAction;WebPage;WebSite,False,,2025-11-13T08:18:50+00:00,1.0,812,168,400,0,0,4.049,5.618,"custom software development, custom dashboard software, custom software solutions",0.118,https://diceus.com/services/full-stack-development-services/,143,383,0.0,x-default,en,False,False,False
https://diceus.com/services/web-development-consulting/,/services/web-development-consulting/,200,,True,service-sitemap.xml,2025-11-13T08:20:04+00:00,sitemap/seed,generic_service,L3 Generic services,,False,4.4,True,False,https://diceus.com/services/web-development-consulting/,True,Web Development Consulting Services — DICEUS,44,1.0,"DICEUS offers an entire gamut of web development consulting services where professional experts will advise how to plan, design, and implement any web project.",159,1.0,Web development consulting,1,1.0,11.0,2049,Answer;BreadcrumbList;EntryPoint;FAQPage;ImageObject;ListItem;LocalBusiness;Organization;PostalAddress;Question;ReadAction;SearchAction;WebPage;WebSite,False,,2025-11-13T08:20:04+00:00,1.0,764,93,393,0,0,2.946,2.359,web development consulting,0.178,https://diceus.com/services/web-development-outsourcing/,119,362,0.0,x-default,en,False,False,False
https://diceus.com/services/software-testing-and-qa/,/services/software-testing-and-qa/,200,,True,service-sitemap.xml,2025-11-13T08:26:38+00:00,sitemap/seed,generic_service,L3 Generic services,,False,1.8,True,False,https://diceus.com/services/software-testing-and-qa/,True,Software Testing and Quality Assurance (QA) Services — DICEUS,61,1.0,"Check out software testing and quality assurance (QA) services provided by DICEUS, their benefits, and the roadmap of the process our company follows. ",151,1.0,Professional software testing and QA services,1,1.0,11.0,1661,Answer;BreadcrumbList;EntryPoint;FAQPage;ImageObject;ListItem;LocalBusiness;Organization;PostalAddress;Question;ReadAction;SearchAction;WebPage;WebSite,False,,2025-11-13T08:26:38+00:00,1.0,764,95,391,0,0,2.946,2.395,software testing and qa,0.188,https://diceus.com/insurance/testing-and-qa/,157,337,0.0,x-default,en,False,False,False
https://diceus.com/services/it-management-consulting/,/services/it-management-consulting/,200,,True,service-sitemap.xml,2025-11-13T08:32:42+00:00,sitemap/seed,generic_service,L3 Generic services,,False,2.6,True,False,https://diceus.com/services/it-management-consulting/,True,IT Management Consulting Services — DICEUS,42,1.0,Outsourcing IT management consulting to DICEUS is a viable finance-saving and technology-savvy approach that assists businesses in handling data and IT assets.,159,1.0,IT management consulting,1,1.0,9.0,1919,Answer;BreadcrumbList;EntryPoint;FAQPage;ImageObject;ListItem;LocalBusiness;Organization;PostalAddress;Question;ReadAction;SearchAction;WebPage;WebSite,False,,2025-11-13T08:32:42+00:00,1.0,764,93,393,0,0,2.946,2.359,it management consulting,0.163,https://diceus.com/services/devops-outsourcing/,176,343,0.0,x-default,en,False,False,False
https://diceus.com/services/mobile-application-design/,/services/mobile-application-design/,200,,True,service-sitemap.xml,2025-11-13T08:34:19+00:00,sitemap/seed,generic_service,L3 Generic services,,False,2.2,True,False,https://diceus.com/services/mobile-application-design/,True,Mobile App Design Services 🥇 DICEUS,35,1.0,"DICEUS is mobile app design company. We create simple, clean, and attractive mobile app designs for business. Services for businesses across the globe.",151,1.0,Mobile application design services,1,1.0,11.0,1787,Answer;BreadcrumbList;EntryPoint;FAQPage;ImageObject;ListItem;LocalBusiness;Organization;PostalAddress;Question;ReadAction;SearchAction;WebPage;WebSite,False,,2025-11-13T08:34:19+00:00,1.0,764,97,392,0,0,2.946,2.59,mobile application design services,0.173,https://diceus.com/services/ios-application-development/,164,336,0.0,x-default,en,False,False,False
https://diceus.com/services/vendor-portal-development/,/services/vendor-portal-development/,200,,True,service-sitemap.xml,2025-11-13T08:35:38+00:00,sitemap/seed,generic_service,L3 Generic services,customer_portal_cx,True,0.7,True,False,https://diceus.com/services/vendor-portal-development/,True,Vendor Portal Development Solutions and Services — DICEUS,57,1.0,Vendor portal development services from the vendor with 12+ years of experience in custom-tailored software solutions for enterprises.,134,1.0,Vendor portal development,1,1.0,10.0,1453,Answer;BreadcrumbList;EntryPoint;FAQPage;ImageObject;ListItem;LocalBusiness;Organization;PostalAddress;Question;ReadAction;SearchAction;WebPage;WebSite,False,,2025-11-13T08:35:38+00:00,1.0,764,93,390,0,0,2.946,2.359,vendor portal development,0.153,https://diceus.com/services/vendor-portal-software/,227,336,0.0,x-default,en,False,False,False
https://diceus.com/services/back-end-development-services/,/services/back-end-development-services/,200,,True,service-sitemap.xml,2025-11-13T08:38:17+00:00,sitemap/seed,generic_service,L3 Generic services,,False,4.3,True,False,https://diceus.com/services/back-end-development-services/,True,Back-End Development Company — DICEUS,37,1.0,"Our company offers a wide range of back-end development services to create IT products (mobile/web apps, cloud solutions, enterprise systems).",142,1.0,Back-end development services,1,1.0,12.0,1639,Answer;BreadcrumbList;EntryPoint;FAQPage;ImageObject;ListItem;LocalBusiness;Organization;PostalAddress;Question;ReadAction;SearchAction;WebPage;WebSite,False,,2025-11-13T08:38:17+00:00,1.0,764,95,390,0,0,2.946,2.483,back-end development services,0.15,https://diceus.com/services/web-development-outsourcing/,108,353,0.0,x-default,en,False,False,False
https://diceus.com/services/data-warehouse-services/,/services/data-warehouse-services/,200,,True,service-sitemap.xml,2025-11-13T08:43:02+00:00,sitemap/seed,generic_service,L3 Generic services,data_analytics_dwh,True,1.7,True,False,https://diceus.com/services/data-warehouse-services/,True,Data Warehouse Services — IT Company DICEUS,43,1.0,"Since 2011, DICEUS experts have developed high-end data warehouse solutions where data from many sources can be stored and processed with the help of analytical tools.",167,1.0,Data warehouse services,1,1.0,11.0,1746,Answer;BreadcrumbList;EntryPoint;FAQPage;ImageObject;ListItem;LocalBusiness;Organization;PostalAddress;Question;ReadAction;SearchAction;WebPage;WebSite,False,,2025-11-13T08:43:02+00:00,1.0,812,44,338,0,0,4.05,1.891,data warehouse services,0.184,https://diceus.com/industry/healthcare/healthcare-data-warehouse/,88,326,0.0,x-default,en,False,False,False
https://diceus.com/services/cloud-technology-consulting/,/services/cloud-technology-consulting/,200,,True,service-sitemap.xml,2026-01-23T09:38:14+00:00,sitemap/seed,generic_service,L3 Generic services,,False,3.2,True,False,https://diceus.com/services/cloud-technology-consulting/,True,Cloud Consulting Services | Cloud Technology Consulting,55,1.0,"DICEUS offers cloud consulting services and solutions. This includes Managed Security, Cloud Strategy & Cloud Migration and more.",129,1.0,Cloud technology consulting services,1,1.0,11.0,1233,Answer;BreadcrumbList;EntryPoint;FAQPage;ImageObject;ListItem;LocalBusiness;Organization;PostalAddress;Question;ReadAction;SearchAction;WebPage;WebSite,False,,2026-01-23T09:38:14+00:00,1.0,764,43,339,0,0,2.946,1.877,cloud technology consulting services,0.164,https://diceus.com/expertise/develop-cloud-applications-and-services/,208,319,0.0,x-default,en,False,False,False
https://diceus.com/services/it-consulting/,/services/it-consulting/,200,,True,service-sitemap.xml,2026-01-23T09:48:36+00:00,sitemap/seed,generic_service,L3 Generic services,,False,0.0,True,False,https://diceus.com/services/it-consulting/,True,Information Technology (IT) Consulting Services | DICEUS,56,1.0,DICEUS is an IT consulting company with 13 years of experience. 250 full-time engineers and top IT experts will provide you with professional information technology consulting.,176,1.0,IT consulting services,1,1.0,11.0,2362,Answer;BreadcrumbList;EntryPoint;FAQPage;ImageObject;ListItem;LocalBusiness;Organization;PostalAddress;Question;ReadAction;SearchAction;WebPage;WebSite,False,,2026-01-23T09:48:36+00:00,1.0,764,97,392,0,0,2.946,2.466,"it consulting, information technology (it) consulting",0.117,https://diceus.com/services/application-support-and-maintenance-services/,152,340,0.0,x-default,en,False,False,False
https://diceus.com/services/software-support/,/services/software-support/,200,,True,service-sitemap.xml,2026-02-11T12:04:21+00:00,sitemap/seed,generic_service,L3 Generic services,,False,2.2,True,False,https://diceus.com/services/software-support/,True,Software Support and Maintenance Services | DICEUS,50,1.0,"Software support & maintenance services from DICEUS | L2 and L3 technical support 24/7. System modernization, migration, upgrade, and reengineering.",148,1.0,Software application support and maintenance services,1,1.0,15.0,1826,Answer;BreadcrumbList;EntryPoint;FAQPage;ImageObject;ListItem;LocalBusiness;Organization;PostalAddress;Question;ReadAction;SearchAction;WebPage;WebSite,False,,2026-02-11T12:04:21+00:00,1.0,764,101,393,0,0,2.946,2.926,software support,0.178,https://diceus.com/services/application-support-and-maintenance-services/,154,363,0.0,x-default,en,False,False,False
https://diceus.com/services/application-support-and-maintenance-services/,/services/application-support-and-maintenance-services/,200,,True,service-sitemap.xml,2026-02-23T10:45:37+00:00,sitemap/seed,generic_service,L3 Generic services,,False,1.1,True,False,https://diceus.com/services/application-support-and-maintenance-services/,True,Application Support and Maintenance Services — DICEUS,53,1.0,DICEUS is an IT company that has provided application support and maintenance services since 2011. L1/L2/L3 | Maintenance and updates | Continuous improvements,159,1.0,Application support and maintenance services,1,1.0,14.0,2724,Answer;BreadcrumbList;EntryPoint;FAQPage;ImageObject;ListItem;LocalBusiness;Organization;PostalAddress;Question;ReadAction;SearchAction;WebPage;WebSite,False,,2026-02-23T10:45:37+00:00,1.0,764,93,393,0,0,2.946,2.36,application support and maintenance services,0.178,https://diceus.com/services/software-support/,324,371,0.0,x-default,en,False,False,False
https://diceus.com/services/dedicated-team/,/services/dedicated-team/,200,,True,service-sitemap.xml,2026-03-04T13:13:30+00:00,sitemap/seed,generic_service,L3 Generic services,,False,3.7,True,False,https://diceus.com/services/dedicated-team/,True,Hire Dedicated Software Development Team - Staff Augmentation,61,1.0,Hire an outsourced software development team. DICEUS is a dedicated development company with 10+ years of experience | 250+ professionals: ✓Software developers ✓QA engineers ✓System architects.,193,1.0,Dedicated software development team,1,1.0,12.0,1642,Answer;BreadcrumbList;EntryPoint;FAQPage;ImageObject;ListItem;LocalBusiness;Organization;PostalAddress;Question;ReadAction;SearchAction;WebPage;WebSite,False,,2026-03-04T13:13:30+00:00,1.0,768,114,394,0,0,2.96,3.704,dedicated software development team,0.166,https://diceus.com/dedicated-development-team-for-your-advantage/,180,353,0.0,x-default,en,False,False,False
https://diceus.com/services/net-consulting/,/services/net-consulting/,200,,True,service-sitemap.xml,2026-03-18T09:35:50+00:00,sitemap/seed,generic_service,L3 Generic services,,False,1.9,True,False,https://diceus.com/services/net-consulting/,True,.NET Consulting and Development Services,40,1.0,"Explore our .NET consulting services. We are a one-stop partner to build high-performance APIs, web, mobile, desktop, IoT, and cloud apps.",138,1.0,.NET consulting,1,1.0,10.0,2100,Answer;BreadcrumbList;EntryPoint;FAQPage;ImageObject;ListItem;LocalBusiness;Organization;PostalAddress;Question;ReadAction;SearchAction;WebPage;WebSite,False,,2026-03-18T09:35:50+00:00,1.0,764,95,389,0,0,2.946,2.396,.net consulting,0.164,https://diceus.com/services/outsourced-net-development-services/,158,358,0.0,x-default,en,False,False,False
https://diceus.com/services/cpp-development/,/services/cpp-development/,200,,True,service-sitemap.xml,2026-04-06T13:26:36+00:00,sitemap/seed,generic_service,L3 Generic services,,False,1.7,True,False,https://diceus.com/services/cpp-development/,True,C/C++ Development Company — DICEUS,34,1.0,C++ development services from DICEUS are powered by top-class C-plus-plus developers who provide our company with solid expertise in one of the most versatile programming languages.,181,1.0,C/C++ development services,1,1.0,11.0,1770,Answer;BreadcrumbList;EntryPoint;FAQPage;ImageObject;ListItem;LocalBusiness;Organization;PostalAddress;Question;ReadAction;SearchAction;WebPage;WebSite,False,,2026-04-06T13:26:36+00:00,1.0,764,93,392,0,0,2.946,2.359,c/c++ development services,0.135,https://diceus.com/services/custom-api-development-services/,116,336,0.0,x-default,en,False,False,False
https://diceus.com/services/automated-testing/,/services/automated-testing/,200,,True,service-sitemap.xml,2026-04-09T12:10:26+00:00,sitemap/seed,generic_service,L3 Generic services,,False,0.0,True,False,https://diceus.com/services/automated-testing/,True,Automated Testing Services 🥇 DICEUS,35,1.0,"DICEUS automated testing services increase test coverage, as during manual testing so many tests cannot be performed.",117,1.0,Professional automated testing services,1,1.0,11.0,1318,Answer;BreadcrumbList;EntryPoint;FAQPage;ImageObject;ListItem;LocalBusiness;Organization;PostalAddress;Question;ReadAction;SearchAction;WebPage;WebSite,False,,2026-04-09T12:10:26+00:00,1.0,765,119,392,0,0,2.969,3.136,"professional automated testing services, automated testing",0.249,https://diceus.com/services/manual-testing/,130,329,0.0,x-default,en,False,False,False
https://diceus.com/services/software-audit/,/services/software-audit/,200,,True,service-sitemap.xml,2026-07-24T11:49:17+00:00,sitemap/seed,generic_service,L3 Generic services,,False,0.5,True,False,https://diceus.com/services/software-audit/,True,Software Audit Services: Code & Architecture Review | DICEUS,60,1.0,"Software audit company DICEUS provides professional services to check code quality, architecture, performance, scalability, compliance, and security.",149,1.0,Software audit services,1,1.0,16.0,2119,Answer;BreadcrumbList;EntryPoint;FAQPage;ImageObject;ListItem;LocalBusiness;Organization;PostalAddress;Question;ReadAction;SearchAction;WebPage;WebSite,False,,2026-07-24T11:49:17+00:00,1.0,764,137,397,0,0,2.946,4.494,"software audit services, software audit",0.212,https://diceus.com/services/software-architecture/,130,379,0.0,x-default,en,False,False,False
https://diceus.com/services/software-architecture/,/services/software-architecture/,200,,True,service-sitemap.xml,2026-07-24T12:00:38+00:00,sitemap/seed,generic_service,L3 Generic services,,False,1.0,True,False,https://diceus.com/services/software-architecture/,True,Custom Software Architecture Services and Consulting | DICEUS,61,1.0,Software architecture consulting services from DICEUS: We provide professional assistance in designing architecture for your software product or development project.,165,1.0,Custom software architecture services,1,1.0,15.0,1917,Answer;BreadcrumbList;EntryPoint;FAQPage;ImageObject;ListItem;LocalBusiness;Organization;PostalAddress;Question;ReadAction;SearchAction;WebPage;WebSite,False,,2026-07-24T12:00:38+00:00,1.0,764,180,395,0,0,2.946,6.455,"software architecture, check out our services",0.212,https://diceus.com/services/software-audit/,288,365,0.0,x-default,en,False,False,False
https://diceus.com/services/chatbot-development/,/services/chatbot-development/,200,,True,service-sitemap.xml,2026-09-24T11:21:40+00:00,sitemap/seed,generic_service,L3 Generic services,,True,14.0,True,False,https://diceus.com/services/chatbot-development/,True,Custom Chatbot Development Services | DICEUS,44,1.0,DICEUS offers first-rate custom conversational chatbot development services for enterprise-grade companies to boost customer engagement.,136,1.0,Chatbot development services,1,1.0,7.0,1143,Answer;BreadcrumbList;EntryPoint;FAQPage;ImageObject;ListItem;LocalBusiness;Organization;PostalAddress;Question;ReadAction;SearchAction;WebPage;WebSite,False,,2026-09-24T11:21:40+00:00,2.0,102,10,389,0,0,1.181,0.865,"chatbot development services, chatbot development, chatbots",0.159,https://diceus.com/how-to-develop-chatbot-for-insurance-company/,177,305,0.0,x-default,en,False,False,False
https://diceus.com/industry/,/industry/,200,,True,industry-sitemap.xml,2026-09-24T12:09:31+00:00,sitemap/seed,industry_hub,Non-insurance verticals,,True,24.7,True,False,https://diceus.com/industry/,True,Software Development Expertise in Many Industries - DICEUS,58,1.0,"We build software for companies functioning in banking, fintech, insurance, healthcare, retail, and logistics. Reach out to discuss your industry-specific project today!",169,1.0,Transforming industries through effective IT solutions,1,1.0,10.0,1095,BreadcrumbList;CollectionPage;EntryPoint;ImageObject;ListItem;LocalBusiness;Organization;PostalAddress;SearchAction;WebSite,False,,,1.0,812,129,375,0,0,4.049,4.247,"industries, all industries, industri",0.279,https://diceus.com/expertise/,90,273,0.0,x-default,en,False,False,False
https://diceus.com/industry/banking/robotic-process-automation/,/industry/banking/robotic-process-automation/,200,,True,industry-sitemap.xml,2023-09-15T10:33:09+00:00,sitemap/seed,industry_service,Non-insurance verticals,,False,0.9,True,False,https://diceus.com/industry/banking/robotic-process-automation/,True,RPA development services for banking | DICEUS,45,1.0,"We provide RPA development services for banks. We can also create software that automates workflows, processes and other automation solutions to transform your business.",169,1.0,Robotic process automation in banking,1,1.0,10.0,2304,Answer;BreadcrumbList;EntryPoint;FAQPage;ImageObject;ListItem;LocalBusiness;Organization;PostalAddress;Question;ReadAction;SearchAction;WebPage;WebSite,False,,2023-09-15T10:33:09+00:00,1.0,764,56,368,0,0,2.945,0.893,"robotic process automation in banking, robotic process automation",0.253,https://diceus.com/expertise/robotics-process-automation-services/,237,326,0.0,x-default,en,False,False,False
https://diceus.com/industry/healthcare/ehr-and-emr-software-development/,/industry/healthcare/ehr-and-emr-software-development/,200,,True,industry-sitemap.xml,2023-09-18T07:41:16+00:00,sitemap/seed,industry_service,Non-insurance verticals,,False,0.0,True,False,https://diceus.com/industry/healthcare/ehr-and-emr-software-development/,True,EMR and EHR Software Development Company | DICEUS,49,1.0,"DICEUS provides customized EMR and EHR software development solutions for hospitals, clinics and specialist practices. Our goal is to help you bring your ideas to life.",168,1.0,EHR and EMR software development,1,1.0,10.0,1514,Answer;BreadcrumbList;EntryPoint;FAQPage;ImageObject;ListItem;LocalBusiness;Organization;PostalAddress;Question;ReadAction;SearchAction;WebPage;WebSite,False,,2023-09-18T07:41:16+00:00,1.0,764,60,369,0,0,2.945,0.991,ehr and emr software,0.28,https://diceus.com/industry/healthcare/medical-device-software-development/,144,318,0.0,x-default,en,False,False,False
https://diceus.com/industry/healthcare/ehr-emr-integration/,/industry/healthcare/ehr-emr-integration/,200,,True,industry-sitemap.xml,2023-09-18T07:44:28+00:00,sitemap/seed,industry_service,Non-insurance verticals,,False,0.0,True,False,https://diceus.com/industry/healthcare/ehr-emr-integration/,True,EHR/EMR Software Integration | Healthcare IT Solutions by DICEUS,64,1.0,"Explore the scope of EHR/EMR integration services: Process, approaches, and API development for effective patient care and operational efficiency.",146,1.0,EHR/EMR integration,1,1.0,10.0,1781,Answer;BreadcrumbList;EntryPoint;FAQPage;ImageObject;ListItem;LocalBusiness;Organization;PostalAddress;Question;ReadAction;SearchAction;WebPage;WebSite,False,,2023-09-18T07:44:28+00:00,1.0,764,55,369,0,0,2.945,0.876,"ehr/emr integration, ehr and emr integration",0.183,https://diceus.com/industry/healthcare/healthcare-managed-it-services/,183,321,0.0,x-default,en,False,False,False
https://diceus.com/industry/logistics/last-mile-delivery/,/industry/logistics/last-mile-delivery/,200,,True,industry-sitemap.xml,2023-09-18T10:57:36+00:00,sitemap/seed,industry_service,Non-insurance verticals,,False,0.6,True,False,https://diceus.com/industry/logistics/last-mile-delivery/,True,Last Mile Delivery Software Development and Solutions | DICEUS,62,1.0,DICEUS specializes in the last mile software development. Our developers provide robust and customized software solutions for companies around the world.,153,1.0,Last mile delivery logistics solutions,1,1.0,10.0,1698,Answer;BreadcrumbList;EntryPoint;FAQPage;ImageObject;ListItem;LocalBusiness;Organization;PostalAddress;Question;ReadAction;SearchAction;WebPage;WebSite,False,,2023-09-18T10:57:36+00:00,1.0,764,55,369,0,0,2.945,0.876,"last mile delivery logistics solutions, last-mile delivery",0.173,https://diceus.com/industry/logistics/transportation-management/,271,321,0.0,x-default,en,False,False,False
https://diceus.com/industry/logistics/transportation-management/,/industry/logistics/transportation-management/,200,,True,industry-sitemap.xml,2023-09-18T11:04:49+00:00,sitemap/seed,industry_service,Non-insurance verticals,,False,0.7,True,False,https://diceus.com/industry/logistics/transportation-management/,True,Transportation Management Software Development | DICEUS,55,1.0,DICEUS specializes in the transportation management software development. Our developers provide robust and customized software solutions for companies around the world.,169,1.0,TMS software development,1,1.0,10.0,1375,Answer;BreadcrumbList;EntryPoint;FAQPage;ImageObject;ListItem;LocalBusiness;Organization;PostalAddress;Question;ReadAction;SearchAction;WebPage;WebSite,False,,2023-09-18T11:04:49+00:00,1.0,764,55,369,0,0,2.945,0.876,"tms software development, transportation management",0.173,https://diceus.com/industry/logistics/last-mile-delivery/,139,319,0.0,x-default,en,False,False,False
https://diceus.com/industry/retail/ai-retail-solutions/,/industry/retail/ai-retail-solutions/,200,,True,industry-sitemap.xml,2023-09-18T23:37:44+00:00,sitemap/seed,industry_service,Non-insurance verticals,,False,0.0,True,False,https://diceus.com/industry/retail/ai-retail-solutions/,True,Artificial Intelligence (AI) Retail Solutions | DICEUS,54,1.0,DICEUS provides artificial intelligence solutions for retail industry. We help improve the profitability of our clients' retail businesses by delivering custom and robust solutions.,181,1.0,AI in retail,1,1.0,10.0,1728,Answer;BreadcrumbList;EntryPoint;FAQPage;ImageObject;ListItem;LocalBusiness;Organization;PostalAddress;Question;ReadAction;SearchAction;WebPage;WebSite,False,,2023-09-18T23:37:44+00:00,1.0,764,55,369,0,0,2.945,0.876,"ai in retail, ai solutions for retail",0.226,https://diceus.com/industry/retail/retail-it-solutions-and-services/,87,320,0.0,x-default,en,False,False,False
https://diceus.com/industry/retail/computer-vision/,/industry/retail/computer-vision/,200,,True,industry-sitemap.xml,2023-09-18T23:40:37+00:00,sitemap/seed,industry_service,Non-insurance verticals,,False,0.0,True,False,https://diceus.com/industry/retail/computer-vision/,True,Computer Vision Development Services | DICEUS,45,1.0,Take advantage of using computer vision to develop software and business applications | DICEUS,94,1.0,Computer vision software development services,1,1.0,10.0,1263,Answer;BreadcrumbList;EntryPoint;FAQPage;ImageObject;ListItem;LocalBusiness;Organization;PostalAddress;Question;ReadAction;SearchAction;WebPage;WebSite,False,,2023-09-18T23:40:37+00:00,1.0,764,43,368,0,0,2.945,1.899,"computer vision software development services, computer vision",0.155,https://diceus.com/industry/retail/custom-pos-software-development/,135,316,0.0,x-default,en,False,False,False
https://diceus.com/industry/retail/customer-relationship-management/,/industry/retail/customer-relationship-management/,200,,True,industry-sitemap.xml,2023-09-18T23:57:39+00:00,sitemap/seed,industry_service,Non-insurance verticals,,False,0.0,True,False,https://diceus.com/industry/retail/customer-relationship-management/,True,Retail CRM Software Development | DICEUS,40,1.0,DICEUS specializes in the retail CRM software development. Our developers provide robust and customized software solutions for companies around the world.,154,1.0,CRM for retail industry,1,1.0,10.0,1680,Answer;BreadcrumbList;EntryPoint;FAQPage;ImageObject;ListItem;LocalBusiness;Organization;PostalAddress;Question;ReadAction;SearchAction;WebPage;WebSite,False,,2023-09-18T23:57:39+00:00,1.0,764,55,369,0,0,2.945,0.876,"crm for retail industry, crm systems",0.236,https://diceus.com/industry/retail/payment-gateway-integration/,115,319,0.0,x-default,en,False,False,False
https://diceus.com/industry/retail/custom-pos-software-development/,/industry/retail/custom-pos-software-development/,200,,True,industry-sitemap.xml,2023-09-19T00:00:12+00:00,sitemap/seed,industry_service,Non-insurance verticals,,False,0.0,True,False,https://diceus.com/industry/retail/custom-pos-software-development/,True,POS Software Development Company | DICEUS,41,1.0,DICEUS provides custom point of sale software development to meet your business needs. Hire our developers to get success POS solutions.,136,1.0,Custom POS software development,1,1.0,10.0,1368,Answer;BreadcrumbList;EntryPoint;FAQPage;ImageObject;ListItem;LocalBusiness;Organization;PostalAddress;Question;ReadAction;SearchAction;WebPage;WebSite,False,,2023-09-19T00:00:12+00:00,1.0,764,55,369,0,0,2.945,0.876,"custom pos software development, pos software, pos",0.162,https://diceus.com/industry/retail/payment-gateway-integration/,171,317,0.0,x-default,en,False,False,False
https://diceus.com/industry/retail/payment-gateway-integration/,/industry/retail/payment-gateway-integration/,200,,True,industry-sitemap.xml,2023-09-19T00:07:34+00:00,sitemap/seed,industry_service,Non-insurance verticals,,False,0.0,True,False,https://diceus.com/industry/retail/payment-gateway-integration/,True,Payment Gateway Integration Services | DICEUS,45,1.0,DICEUS specializes in the payment gateway integration. Our developers provide robust and customized software solutions for companies around the world.,150,1.0,Payment gateway integration,1,1.0,10.0,1542,Answer;BreadcrumbList;EntryPoint;FAQPage;ImageObject;ListItem;LocalBusiness;Organization;PostalAddress;Question;ReadAction;SearchAction;WebPage;WebSite,False,,2023-09-19T00:07:34+00:00,1.0,764,56,369,0,0,2.945,0.89,"payment gateway integration, payment gateway integration services",0.236,https://diceus.com/industry/retail/customer-relationship-management/,227,318,0.0,x-default,en,False,False,False
https://diceus.com/industry/banking/digital-transformation-in-banking/,/industry/banking/digital-transformation-in-banking/,200,,True,industry-sitemap.xml,2023-11-14T15:17:34+00:00,sitemap/seed,industry_service,Non-insurance verticals,,False,1.0,True,False,https://diceus.com/industry/banking/digital-transformation-in-banking/,True,Digital Transformation in Banking | DICEUS,42,1.0,Benefits and challenges of digital transformation in banking. Learn how DICEUS can help your financial institution embrace digitalization.,138,1.0,Digital transformation in banking,1,1.0,7.0,1951,Answer;BreadcrumbList;EntryPoint;FAQPage;ImageObject;ListItem;LocalBusiness;Organization;PostalAddress;Question;ReadAction;SearchAction;WebPage;WebSite,False,,2023-11-14T15:17:34+00:00,1.0,764,57,373,0,0,2.945,0.928,digital transformation in banking,0.147,https://diceus.com/how-to-transform-business-with-digital-transformation-consulting/,140,314,0.0,x-default,en,False,False,False
https://diceus.com/industry/construction/,/industry/construction/,200,,True,industry-sitemap.xml,2024-05-27T11:10:47+00:00,sitemap/seed,industry_vertical_hub,Non-insurance verticals,,False,1.7,True,False,https://diceus.com/industry/construction/,True,Construction Software Development 🥇 DICEUS,42,1.0,DICEUS provides custom construction software solutions to manage construction and engineering projects. Contact us today to discuss your business needs for construction software.,178,1.0,Custom software for construction industry,1,1.0,5.0,1183,Answer;BreadcrumbList;EntryPoint;FAQPage;ImageObject;ListItem;LocalBusiness;Organization;PostalAddress;Question;ReadAction;SearchAction;WebPage;WebSite,False,,2024-05-27T11:10:47+00:00,1.0,764,57,366,0,0,2.945,0.908,construction,0.11,https://diceus.com/erp-for-construction-company/,201,286,0.0,x-default,en,False,False,False
https://diceus.com/industry/logistics/,/industry/logistics/,200,,True,industry-sitemap.xml,2024-05-27T11:17:45+00:00,sitemap/seed,industry_vertical_hub,Non-insurance verticals,,False,0.0,True,False,https://diceus.com/industry/logistics/,True,Logistics Software Development | Logistics App Development 🥇 DICEUS,67,1.0,We provide logistics software and app development services to solve the main challenges to enhance the growth and high productivity of your business.,149,1.0,Logistics software development,1,1.0,5.0,1329,Answer;BreadcrumbList;EntryPoint;FAQPage;ImageObject;ListItem;LocalBusiness;Organization;PostalAddress;Question;ReadAction;SearchAction;WebPage;WebSite,False,,2024-05-27T11:17:45+00:00,1.0,812,64,376,0,0,4.049,1.306,"logistics, logistics indgående erfaing med udvikling af logistik løsnin, logistics diceus er virksomhed, der udvikler software, der s",0.156,https://diceus.com/industry/retail/,199,288,0.0,x-default,en,False,False,False
https://diceus.com/industry/finance/payment-software-development-services/,/industry/finance/payment-software-development-services/,200,,True,industry-sitemap.xml,2024-09-23T06:47:34+00:00,sitemap/seed,industry_service,Non-insurance verticals,,False,2.8,True,False,https://diceus.com/industry/finance/payment-software-development-services/,True,Payment Software & Gateway Development Services | DICEUS,56,1.0,"DICEUS provides a full cycle of payment software development services, delivering top-notch custom payment processing solutions with great security.",148,1.0,Payment software development services,1,1.0,10.0,2852,Answer;BreadcrumbList;EntryPoint;FAQPage;ImageObject;ListItem;LocalBusiness;Organization;PostalAddress;Question;ReadAction;SearchAction;WebPage;WebSite,False,,2024-09-23T06:47:34+00:00,1.0,764,62,369,0,0,2.946,1.016,"payment software development services, payments",0.174,https://diceus.com/industry/finance/fintech-application-development/,110,337,0.0,x-default,en,False,False,False
https://diceus.com/industry/banking/finance-data-warehouse/,/industry/banking/finance-data-warehouse/,200,,True,industry-sitemap.xml,2024-10-03T15:19:30+00:00,sitemap/seed,industry_service,Non-insurance verticals,data_analytics_dwh,True,0.0,True,False,https://diceus.com/industry/banking/finance-data-warehouse/,True,Finance Data Warehouse Development Services | DICEUS,52,1.0,Explore the transformative power of BDW in finance Industry and implement finance data warehouse solutions to optimize decision-making.,135,1.0,Finance data warehouse development,1,1.0,9.0,1503,Answer;BreadcrumbList;EntryPoint;FAQPage;ImageObject;ListItem;LocalBusiness;Organization;PostalAddress;Question;ReadAction;SearchAction;WebPage;WebSite,False,,2024-10-03T15:19:30+00:00,1.0,764,59,372,0,0,2.945,0.951,finance data warehouse development,0.182,https://diceus.com/industry/banking/data-warehouse-development-for-integrated-banking-data/,165,338,0.0,x-default,en,False,False,False
https://diceus.com/industry/healthcare/telemedicine-software-development/,/industry/healthcare/telemedicine-software-development/,200,,True,industry-sitemap.xml,2024-10-07T10:51:55+00:00,sitemap/seed,industry_service,Non-insurance verticals,,False,6.9,True,False,https://diceus.com/industry/healthcare/telemedicine-software-development/,True,Telemedicine Software Development Company | DICEUS,50,1.0,"DICEUS offers custom telemedicine and telehealth software development. Our developers build secure, scalable apps to enhance patient engagement.",144,1.0,Telemedicine software development services,1,1.0,15.0,2752,Answer;BreadcrumbList;EntryPoint;FAQPage;ImageObject;ListItem;LocalBusiness;Organization;PostalAddress;Question;ReadAction;SearchAction;WebPage;WebSite,False,,2024-10-07T10:51:55+00:00,1.0,764,61,375,0,0,2.946,1.027,"telemedicine software development services, telemedicine software",0.274,https://diceus.com/industry/healthcare/telehealth-and-telemedicine-app-development-services/,328,344,0.0,x-default,en,False,False,False
https://diceus.com/industry/healthcare/hospital-management-system-development/,/industry/healthcare/hospital-management-system-development/,200,,True,industry-sitemap.xml,2024-10-09T13:28:05+00:00,sitemap/seed,industry_service,Non-insurance verticals,,False,2.4,True,False,https://diceus.com/industry/healthcare/hospital-management-system-development/,True,Hospital Management Software Development Company | DICEUS,57,1.0,DICEUS offers comprehensive hospital management system development. Our solutions enhance work efficiency and streamline multiple clinical workflows.,149,1.0,Hospital management software development services,1,1.0,15.0,3791,Answer;BreadcrumbList;EntryPoint;FAQPage;ImageObject;ListItem;LocalBusiness;Organization;PostalAddress;Question;ReadAction;SearchAction;WebPage;WebSite,False,,2024-10-09T13:28:05+00:00,1.0,764,61,372,0,0,2.946,0.989,"hospital management software development services, hospital management system",0.252,https://diceus.com/industry/healthcare/,139,352,0.0,x-default,en,False,False,False
https://diceus.com/industry/retail/ecommerce-application-development/,/industry/retail/ecommerce-application-development/,200,,True,industry-sitemap.xml,2024-12-04T11:48:23+00:00,sitemap/seed,industry_service,Non-insurance verticals,,False,0.0,True,False,https://diceus.com/industry/retail/ecommerce-application-development/,True,eCommerce App Development Company | DICEUS,42,1.0,"DICEUS delivers custom eCommerce app development services, offering secure, user-friendly mobile solutions that drive sales and enhance customer engagement.",156,1.0,Ecommerce app development services,1,1.0,14.0,2755,Answer;BreadcrumbList;EntryPoint;FAQPage;ImageObject;ListItem;LocalBusiness;Organization;PostalAddress;Question;ReadAction;SearchAction;WebPage;WebSite,False,,2024-12-04T11:48:23+00:00,1.0,764,63,372,0,0,2.946,1.088,"ecommerce apps, ecommerce app, e-commerce",0.217,https://diceus.com/industry/retail/retail-app-development/,138,352,0.0,x-default,en,False,False,False
https://diceus.com/industry/logistics/warehouse-management/,/industry/logistics/warehouse-management/,200,,True,industry-sitemap.xml,2024-12-04T15:25:24+00:00,sitemap/seed,industry_service,Non-insurance verticals,,False,1.1,True,False,https://diceus.com/industry/logistics/warehouse-management/,True,Custom Warehouse Management Systems Development | DICEUS,56,1.0,Optimize your logistics with custom warehouse management systems by DICEUS. Tailored solutions for efficient inventory control and streamlined operations.,154,1.0,Custom WMS development services,1,1.0,12.0,2703,Answer;BreadcrumbList;EntryPoint;FAQPage;ImageObject;ListItem;LocalBusiness;Organization;PostalAddress;Question;ReadAction;SearchAction;WebPage;WebSite,False,,2024-12-04T15:25:24+00:00,1.0,764,55,369,0,0,2.945,0.876,warehouse management,0.337,https://diceus.com/industry/logistics/fleet-management/,198,331,0.0,x-default,en,False,False,False
https://diceus.com/industry/banking/artificial-intelligence-solutions-for-banking/,/industry/banking/artificial-intelligence-solutions-for-banking/,200,,True,industry-sitemap.xml,2024-12-16T14:57:46+00:00,sitemap/seed,industry_service,Non-insurance verticals,,False,1.0,True,False,https://diceus.com/industry/banking/artificial-intelligence-solutions-for-banking/,True,AI Banking Software Development Services | DICEUS,49,1.0,"AI software development & solutions for banking by DICEUS help banks automate their finance processes, using machine learning, computer vision, NLP.",148,1.0,Artificial intelligence banking software development,1,1.0,11.0,2071,Answer;BreadcrumbList;EntryPoint;FAQPage;ImageObject;ListItem;LocalBusiness;Organization;PostalAddress;Question;ReadAction;SearchAction;WebPage;WebSite,False,,2024-12-16T14:57:46+00:00,1.0,764,61,369,0,0,2.945,1.044,"artificial intelligence banking software development, artificial intelligence development for banking, check our offer here!",0.181,https://diceus.com/expertise/innovative-ai-development-company/,129,340,0.0,x-default,en,False,False,False
https://diceus.com/industry/banking/business-intelligence-in-finance/,/industry/banking/business-intelligence-in-finance/,200,,True,industry-sitemap.xml,2025-01-06T13:55:42+00:00,sitemap/seed,industry_service,Non-insurance verticals,,False,0.0,True,False,https://diceus.com/industry/banking/business-intelligence-in-finance/,True,Business Intelligence Software Development for Banking | DICEUS,63,1.0,DICEUS provides full-cycle business intelligence software development for banking to deliver effective finance BI and data analytics solutions.,143,1.0,Business intelligence software development services for banking,1,1.0,10.0,2125,Answer;BreadcrumbList;EntryPoint;FAQPage;ImageObject;ListItem;LocalBusiness;Organization;PostalAddress;Question;ReadAction;SearchAction;WebPage;WebSite,False,,2025-01-06T13:55:42+00:00,1.0,764,57,371,0,0,2.945,0.923,business intelligence software development services for bank,0.144,https://diceus.com/bi-in-insurance/,204,330,0.0,x-default,en,False,False,False
https://diceus.com/industry/healthcare/healthcare-mobile-app-development-services/,/industry/healthcare/healthcare-mobile-app-development-services/,200,,True,industry-sitemap.xml,2025-02-18T14:31:03+00:00,sitemap/seed,industry_service,Non-insurance verticals,,False,1.9,True,False,https://diceus.com/industry/healthcare/healthcare-mobile-app-development-services/,True,Healthcare Mobile App Development Services — DICEUS,51,1.0,Our company delivers healthcare mobile app development services - from concept design to support and evolution.,111,1.0,Healthcare mobile app development services,1,1.0,10.0,2077,Answer;BreadcrumbList;EntryPoint;FAQPage;ImageObject;ListItem;LocalBusiness;Organization;PostalAddress;Question;ReadAction;SearchAction;WebPage;WebSite,False,,2025-02-18T14:31:03+00:00,1.0,764,57,367,0,0,2.945,0.919,healthcare mobile app development,0.18,https://diceus.com/industry/healthcare/custom-mhealth-app-development-services/,310,322,0.0,x-default,en,False,False,False
https://diceus.com/industry/healthcare/healthcare-help-desk-services/,/industry/healthcare/healthcare-help-desk-services/,200,,True,industry-sitemap.xml,2025-02-18T14:40:03+00:00,sitemap/seed,industry_service,Non-insurance verticals,,False,1.4,True,False,https://diceus.com/industry/healthcare/healthcare-help-desk-services/,True,Healthcare Help Desk Services | DICEUS,38,1.0,DICEUS provides hospitals with robust solutions that let them deliver multiple healthcare help desk services of top-notch quality.,130,1.0,Healthcare help desk services,1,1.0,7.0,1429,Answer;BreadcrumbList;EntryPoint;FAQPage;ImageObject;ListItem;LocalBusiness;Organization;PostalAddress;Question;ReadAction;SearchAction;WebPage;WebSite,False,,2025-02-18T14:40:03+00:00,1.0,764,55,368,0,0,2.945,0.876,healthcare help desk services,0.159,https://diceus.com/industry/healthcare/hipaa-compliance-pre-audit/,93,296,0.0,x-default,en,False,False,False
https://diceus.com/industry/healthcare/healthcare-it-consulting-services/,/industry/healthcare/healthcare-it-consulting-services/,200,,True,industry-sitemap.xml,2025-02-18T14:41:11+00:00,sitemap/seed,industry_service,Non-insurance verticals,,False,0.0,True,False,https://diceus.com/industry/healthcare/healthcare-it-consulting-services/,True,Healthcare IT Consulting Services by DICEUS,43,1.0,We provide full-cycle healthcare IT consulting services since 2011. Assess your current solutions and get recommendations on how to improve.,140,1.0,Healthcare IT consulting services,1,1.0,9.0,2209,Answer;BreadcrumbList;EntryPoint;FAQPage;ImageObject;ListItem;LocalBusiness;Organization;PostalAddress;Question;ReadAction;SearchAction;WebPage;WebSite,False,,2025-02-18T14:41:11+00:00,1.0,764,56,373,0,0,2.945,0.92,healthcare it consulting,0.162,https://diceus.com/industry/healthcare/healthcare-it-outsourcing/,112,312,0.0,x-default,en,False,False,False
https://diceus.com/industry/healthcare/healthcare-managed-it-services/,/industry/healthcare/healthcare-managed-it-services/,200,,True,industry-sitemap.xml,2025-02-18T14:41:36+00:00,sitemap/seed,industry_service,Non-insurance verticals,,False,0.0,True,False,https://diceus.com/industry/healthcare/healthcare-managed-it-services/,True,Healthcare Managed IT Services | DICEUS,39,1.0,DICEUS offers top-tier healthcare managed IT services to improve data handling and technology infrastructure.,109,1.0,Healthcare managed IT services,1,1.0,6.0,1493,Answer;BreadcrumbList;EntryPoint;FAQPage;ImageObject;ListItem;LocalBusiness;Organization;PostalAddress;Question;ReadAction;SearchAction;WebPage;WebSite,False,,2025-02-18T14:41:36+00:00,1.0,764,55,366,0,0,2.945,0.876,healthcare managed it services,0.183,https://diceus.com/industry/healthcare/ehr-emr-integration/,339,301,0.0,x-default,en,False,False,False
https://diceus.com/industry/healthcare/hipaa-compliance-pre-audit/,/industry/healthcare/hipaa-compliance-pre-audit/,200,,True,industry-sitemap.xml,2025-02-18T14:45:33+00:00,sitemap/seed,industry_service,Non-insurance verticals,,False,1.4,True,False,https://diceus.com/industry/healthcare/hipaa-compliance-pre-audit/,True,HIPAA Compliance Pre-Audit Company | DICEUS,43,1.0,The HIPAA compliance pre-audit ensures your pipeline processes follow all regulations and your healthcare business passes periodic audits.,138,1.0,HIPAA compliance pre-audit,1,1.0,11.0,2077,Answer;BreadcrumbList;EntryPoint;FAQPage;ImageObject;ListItem;LocalBusiness;Organization;PostalAddress;Question;ReadAction;SearchAction;WebPage;WebSite,False,,2025-02-18T14:45:33+00:00,1.0,764,55,368,0,0,2.945,0.876,hipaa compliance pre-audit,0.267,https://diceus.com/industry/healthcare/hipaa-compliance-consulting-services/,166,299,0.0,x-default,en,False,False,False
https://diceus.com/industry/healthcare/hipaa-compliance-consulting-services/,/industry/healthcare/hipaa-compliance-consulting-services/,200,,True,industry-sitemap.xml,2025-02-18T14:45:37+00:00,sitemap/seed,industry_service,Non-insurance verticals,,False,6.0,True,False,https://diceus.com/industry/healthcare/hipaa-compliance-consulting-services/,True,HIPAA Compliance Services & HIPAA Consulting | DICEUS,53,1.0,DICEUS provides a range of HIPAA compliance consulting services to help you with data security auditing and assessment.,119,1.0,HIPAA compliance consulting services,1,1.0,7.0,1166,Answer;BreadcrumbList;EntryPoint;FAQPage;ImageObject;ListItem;LocalBusiness;Organization;PostalAddress;Question;ReadAction;SearchAction;WebPage;WebSite,False,,2025-02-18T14:45:37+00:00,1.0,764,58,368,0,0,2.945,0.942,hipaa compliance consulting services,0.267,https://diceus.com/industry/healthcare/hipaa-compliance-pre-audit/,188,317,0.0,x-default,en,False,False,False
https://diceus.com/industry/healthcare/hipaa-compliance-services/,/industry/healthcare/hipaa-compliance-services/,200,,True,industry-sitemap.xml,2025-02-18T14:46:02+00:00,sitemap/seed,industry_service,Non-insurance verticals,,False,0.5,True,False,https://diceus.com/industry/healthcare/hipaa-compliance-services/,True,HIPAA Compliance Services Company | DICEUS,42,1.0,Our HIPAA compliance services help healthcare businesses collect and store patients’ data securely. Implement HIPAA solutions with DICEUS.,138,1.0,HIPAA compliance services,1,1.0,8.0,1985,Answer;BreadcrumbList;EntryPoint;FAQPage;ImageObject;ListItem;LocalBusiness;Organization;PostalAddress;Question;ReadAction;SearchAction;WebPage;WebSite,False,,2025-02-18T14:46:02+00:00,1.0,764,57,368,0,0,2.945,0.929,hipaa compliance services,0.232,https://diceus.com/industry/healthcare/hipaa-compliance-consulting-services/,342,317,0.0,x-default,en,False,False,False
https://diceus.com/industry/healthcare/custom-mhealth-app-development-services/,/industry/healthcare/custom-mhealth-app-development-services/,200,,True,industry-sitemap.xml,2025-02-18T14:46:35+00:00,sitemap/seed,industry_service,Non-insurance verticals,,False,4.1,True,False,https://diceus.com/industry/healthcare/custom-mhealth-app-development-services/,True,mHealth App Development Company | DICEUS,40,1.0,"Discover top-notch mHealth app development services by DICEUS. Enhance patient care with innovative, secure, and user-friendly mobile health solutions.",151,1.0,mHealth app development services,1,1.0,10.0,2422,Answer;BreadcrumbList;EntryPoint;FAQPage;ImageObject;ListItem;LocalBusiness;Organization;PostalAddress;Question;ReadAction;SearchAction;WebPage;WebSite,False,,2025-02-18T14:46:35+00:00,1.0,764,59,376,0,0,2.946,0.955,"mhealth app development services, mhealth products",0.217,https://diceus.com/industry/healthcare/,174,331,0.0,x-default,en,False,False,False
https://diceus.com/industry/healthcare/wellness-and-fitness-app-development-services/,/industry/healthcare/wellness-and-fitness-app-development-services/,200,,True,industry-sitemap.xml,2025-02-18T14:47:00+00:00,sitemap/seed,industry_service,Non-insurance verticals,,False,0.0,True,False,https://diceus.com/industry/healthcare/wellness-and-fitness-app-development-services/,True,Wellness & Fitness App Development Services - DICEUS,52,1.0,Discover wellness & fitness app development services from DICEUS: Custom solutions with excellent CX according to your requirements.,132,1.0,Wellness and fitness app development services,1,1.0,9.0,1904,Answer;BreadcrumbList;EntryPoint;FAQPage;ImageObject;ListItem;LocalBusiness;Organization;PostalAddress;Question;ReadAction;SearchAction;WebPage;WebSite,False,,2025-02-18T14:47:00+00:00,1.0,764,56,367,0,0,2.945,1.011,wellness and fitness app development services,0.159,https://diceus.com/industry/healthcare/custom-mhealth-app-development-services/,123,320,0.0,x-default,en,False,False,False
https://diceus.com/industry/retail/retail-it-solutions-and-services/,/industry/retail/retail-it-solutions-and-services/,200,,True,industry-sitemap.xml,2025-02-27T12:08:08+00:00,sitemap/seed,industry_service,Non-insurance verticals,,False,0.0,True,False,https://diceus.com/industry/retail/retail-it-solutions-and-services/,True,Retail IT Solutions & Services | DICEUS,39,1.0,"Custom retail IT solutions by DICEUS. Enhance customer experience, streamline ecommerce, and optimize supply chains with tailored IT services.",142,1.0,IT services and solutions for retail,1,1.0,10.0,2163,Answer;BreadcrumbList;EntryPoint;FAQPage;ImageObject;ListItem;LocalBusiness;Organization;PostalAddress;Question;ReadAction;SearchAction;WebPage;WebSite,False,,2025-02-27T12:08:08+00:00,1.0,764,55,372,0,0,2.945,0.877,it solutions for retail,0.249,https://diceus.com/industry/logistics/supply-chain-management/,275,328,0.0,x-default,en,False,False,False
https://diceus.com/industry/retail/enterprise-resource-planning/,/industry/retail/enterprise-resource-planning/,200,,True,industry-sitemap.xml,2025-03-21T10:55:44+00:00,sitemap/seed,industry_service,Non-insurance verticals,,False,0.4,True,False,https://diceus.com/industry/retail/enterprise-resource-planning/,True,Custom ERP Software Development Company | DICEUS,48,1.0,"Custom ERP software development services by Diceus. Enhance efficiency, streamline processes, and boost business growth with tailored ERP solutions.",148,1.0,ERP software development services,1,1.0,11.0,2533,Answer;BreadcrumbList;EntryPoint;FAQPage;ImageObject;ListItem;LocalBusiness;Organization;PostalAddress;Question;ReadAction;SearchAction;WebPage;WebSite,False,,2025-03-21T10:55:44+00:00,1.0,764,154,369,0,0,2.945,3.167,erp software development services,0.188,https://diceus.com/erp-vs-crm/,144,326,0.0,x-default,en,False,False,False
https://diceus.com/industry/healthcare/telehealth-and-telemedicine-app-development-services/,/industry/healthcare/telehealth-and-telemedicine-app-development-services/,200,,True,industry-sitemap.xml,2025-04-08T08:10:11+00:00,sitemap/seed,industry_service,Non-insurance verticals,,False,0.9,True,False,https://diceus.com/industry/healthcare/telehealth-and-telemedicine-app-development-services/,True,Telemedicine App Development Company | DICEUS,45,1.0,DICEUS offers custom telemedicine app development services to help doctors efficiently manage tasks and improve patient care. Contact us.,137,1.0,Telemedicine app development services,1,1.0,13.0,2246,Answer;BreadcrumbList;EntryPoint;FAQPage;ImageObject;ListItem;LocalBusiness;Organization;PostalAddress;Question;ReadAction;SearchAction;WebPage;WebSite,False,,2025-04-08T08:10:11+00:00,1.0,764,60,368,0,0,2.946,1.006,"telemedicine app development services, telemedicine apps, telemedicine app",0.274,https://diceus.com/industry/healthcare/telemedicine-software-development/,309,329,0.0,x-default,en,False,False,False
https://diceus.com/industry/logistics/supply-chain-management/,/industry/logistics/supply-chain-management/,200,,True,industry-sitemap.xml,2025-04-15T12:15:01+00:00,sitemap/seed,industry_service,Non-insurance verticals,,False,0.0,True,False,https://diceus.com/industry/logistics/supply-chain-management/,True,Supply Chain Software Development Company | DICEUS,50,1.0,"DICEUS offers custom supply chain software development services. Streamline logistics, enhance efficiency, and boost productivity with tailored solutions.",154,1.0,Supply chain software development services,1,1.0,14.0,3226,Answer;BreadcrumbList;EntryPoint;FAQPage;ImageObject;ListItem;LocalBusiness;Organization;PostalAddress;Question;ReadAction;SearchAction;WebPage;WebSite,False,,2025-04-15T12:15:01+00:00,1.0,764,55,372,0,0,2.946,0.877,supply chain management,0.249,https://diceus.com/industry/retail/retail-it-solutions-and-services/,317,370,0.0,x-default,en,False,False,False
https://diceus.com/industry/healthcare/healthcare-data-analytics-services/,/industry/healthcare/healthcare-data-analytics-services/,200,,True,industry-sitemap.xml,2025-04-16T05:30:42+00:00,sitemap/seed,industry_service,Non-insurance verticals,data_analytics_dwh,True,0.9,True,False,https://diceus.com/industry/healthcare/healthcare-data-analytics-services/,True,Healthcare Data Analytics Services | DICEUS,43,1.0,"Unlock the power of healthcare data. Our analytics services enhance patient care, optimize operations, and drive innovation.",124,1.0,Healthcare data analytics services,1,1.0,12.0,2228,Answer;BreadcrumbList;EntryPoint;FAQPage;ImageObject;ListItem;LocalBusiness;Organization;PostalAddress;Question;ReadAction;SearchAction;WebPage;WebSite,False,,2025-04-16T05:30:42+00:00,1.0,764,60,371,0,0,2.946,0.977,healthcare data analytics services,0.223,https://diceus.com/industry/healthcare/healthcare-data-warehouse/,152,334,0.0,x-default,en,False,False,False
https://diceus.com/industry/healthcare/healthcare-data-warehouse/,/industry/healthcare/healthcare-data-warehouse/,200,,True,industry-sitemap.xml,2025-04-16T09:57:23+00:00,sitemap/seed,industry_service,Non-insurance verticals,data_analytics_dwh,True,4.1,True,False,https://diceus.com/industry/healthcare/healthcare-data-warehouse/,True,Healthcare Data Warehouse | DICEUS,34,1.0,"DICEUS develops data warehouses for healthcare, improving data management, analytics, and decision-making for better patient outcomes.",134,1.0,Data warehouse development for the healthcare industry,1,1.0,15.0,2932,Answer;BreadcrumbList;EntryPoint;FAQPage;ImageObject;ListItem;LocalBusiness;Organization;PostalAddress;Question;ReadAction;SearchAction;WebPage;WebSite,False,,2025-04-16T09:57:23+00:00,1.0,764,57,373,0,0,2.946,0.904,"data warehouse development for the healthcare industry, healthcare data warehouse",0.223,https://diceus.com/industry/healthcare/healthcare-data-analytics-services/,123,344,0.0,x-default,en,False,False,False
https://diceus.com/industry/finance/wealth-management-and-investment-software-development-services/,/industry/finance/wealth-management-and-investment-software-development-services/,200,,True,industry-sitemap.xml,2025-04-24T09:23:25+00:00,sitemap/seed,industry_service,Non-insurance verticals,,False,1.6,True,False,https://diceus.com/industry/finance/wealth-management-and-investment-software-development-services/,True,Wealth Management and Investment Software Development,53,1.0,Explore wealth management and investment software development services we provide at DICEUS and get a free consultation.,120,1.0,Investment and wealth management software development services,1,1.0,10.0,2476,Answer;BreadcrumbList;EntryPoint;FAQPage;ImageObject;ListItem;LocalBusiness;Organization;PostalAddress;Question;ReadAction;SearchAction;WebPage;WebSite,False,,2025-04-24T09:23:25+00:00,1.0,764,56,376,0,0,2.946,0.938,investment and wealth management software development servic,0.152,https://diceus.com/insurance/underwriting/,264,350,0.0,x-default,en,False,False,False
https://diceus.com/industry/banking/mobile-banking/,/industry/banking/mobile-banking/,200,,True,industry-sitemap.xml,2025-08-21T13:55:24+00:00,sitemap/seed,industry_service,Non-insurance verticals,,False,0.9,True,False,https://diceus.com/industry/banking/mobile-banking/,True,Mobile Banking App Development Services | DICEUS,48,1.0,Mobile banking application development services: ✓System architecture ✓Anti-fraud ✓UI/UX design ✓QA. We offer full-cycle client-oriented banking app.,149,1.0,Mobile banking application development services,1,1.0,15.0,2333,Answer;BreadcrumbList;EntryPoint;FAQPage;ImageObject;ListItem;LocalBusiness;Organization;PostalAddress;Question;ReadAction;SearchAction;WebPage;WebSite,False,,2025-08-21T13:55:24+00:00,1.0,764,70,372,0,0,2.946,1.288,mobile banking,0.26,https://diceus.com/industry/banking/core-banking/,93,360,0.0,x-default,en,False,False,False
https://diceus.com/industry/healthcare/healthcare-digital-transformation-consulting/,/industry/healthcare/healthcare-digital-transformation-consulting/,200,,True,industry-sitemap.xml,2025-10-27T15:28:29+00:00,sitemap/seed,industry_service,Non-insurance verticals,,False,0.0,True,False,https://diceus.com/industry/healthcare/healthcare-digital-transformation-consulting/,True,Healthcare Digital Transformation Consulting Company,52,1.0,"DICEUS provides healthcare digital transformation consulting for medical organizations, SaaS teams, and healthcare providers.",125,1.0,Healthcare digital transformation consulting,1,1.0,6.0,1591,Answer;BreadcrumbList;EntryPoint;FAQPage;ImageObject;ListItem;LocalBusiness;Organization;PostalAddress;Question;ReadAction;SearchAction;WebPage;WebSite,False,,2025-10-27T15:28:29+00:00,1.0,764,55,367,0,0,2.945,0.876,healthcare digital transformation consulting,0.134,https://diceus.com/expertise/cloud-enablement-services/,149,301,0.0,x-default,en,False,False,False
https://diceus.com/industry/healthcare/medical-device-software-development/,/industry/healthcare/medical-device-software-development/,200,,True,industry-sitemap.xml,2025-10-27T15:34:07+00:00,sitemap/seed,industry_service,Non-insurance verticals,,False,0.0,True,False,https://diceus.com/industry/healthcare/medical-device-software-development/,True,Medical Device Software Development Services,44,1.0,DICEUS is a leading medical device software development company. Our experts can help you get to market quickly and effectively.,128,1.0,Medical device software development,1,1.0,10.0,1437,Answer;BreadcrumbList;EntryPoint;FAQPage;ImageObject;ListItem;LocalBusiness;Organization;PostalAddress;Question;ReadAction;SearchAction;WebPage;WebSite,False,,2025-10-27T15:34:07+00:00,1.0,764,55,369,0,0,2.945,0.876,"medical device software development, medical device software",0.28,https://diceus.com/industry/healthcare/ehr-and-emr-software-development/,348,318,0.0,x-default,en,False,False,False
https://diceus.com/industry/healthcare/,/industry/healthcare/,200,,True,industry-sitemap.xml,2025-11-11T09:11:23+00:00,sitemap/seed,industry_vertical_hub,Non-insurance verticals,,False,2.9,True,False,https://diceus.com/industry/healthcare/,True,Custom Healthcare Software Development Company | DICEUS,55,1.0,"DICEUS provide custom healthcare software development for hospitals, medical centers, private clinics, and personal healthcare.",127,1.0,Healthcare software development services,1,1.0,10.0,2376,Answer;BreadcrumbList;EntryPoint;FAQPage;ImageObject;ListItem;LocalBusiness;Organization;PostalAddress;Question;ReadAction;SearchAction;WebPage;WebSite,False,,2025-11-11T09:11:23+00:00,1.0,812,81,381,0,0,4.049,2.061,"healthcare, healthcare vi har leveret løsning til healthcare sektoren. v, healthcare vores erfaring og ekspertise giver os mulighed fo",0.252,https://diceus.com/industry/healthcare/hospital-management-system-development/,132,340,0.0,x-default,en,False,False,False
https://diceus.com/industry/retail/,/industry/retail/,200,,True,industry-sitemap.xml,2025-11-13T08:15:28+00:00,sitemap/seed,industry_vertical_hub,Non-insurance verticals,,False,0.0,True,False,https://diceus.com/industry/retail/,True,Custom Retail Software Development Company | DICEUS,51,1.0,"DICEUS provides retail software development services, enhancing customer experience, streamlining operations, and driving sales with latest technology.",151,1.0,Retail software development services,1,1.0,8.0,1956,Answer;BreadcrumbList;EntryPoint;FAQPage;ImageObject;ListItem;LocalBusiness;Organization;PostalAddress;Question;ReadAction;SearchAction;WebPage;WebSite,False,,2025-11-13T08:15:28+00:00,1.0,812,79,379,0,0,4.049,1.84,"retail, it solutions for retail industry, detailhandel vi har udviklet løsninger til ledende detailhan",0.156,https://diceus.com/industry/logistics/,95,321,0.0,x-default,en,False,False,False
https://diceus.com/industry/healthcare/healthcare-it-outsourcing/,/industry/healthcare/healthcare-it-outsourcing/,200,,True,industry-sitemap.xml,2025-11-13T08:24:31+00:00,sitemap/seed,industry_service,Non-insurance verticals,,False,0.0,True,False,https://diceus.com/industry/healthcare/healthcare-it-outsourcing/,True,Healthcare IT Outsourcing Company,33,1.0,"We provide healthcare IT outsourcing for healthcare providers, medical facilities, and healthtech SaaS companies.",113,1.0,Healthcare IT outsourcing,1,1.0,8.0,1475,Answer;BreadcrumbList;EntryPoint;FAQPage;ImageObject;ListItem;LocalBusiness;Organization;PostalAddress;Question;ReadAction;SearchAction;WebPage;WebSite,False,,2025-11-13T08:24:31+00:00,1.0,764,55,372,0,0,2.945,0.877,healthcare it outsourcing,0.165,https://diceus.com/industry/healthcare/healthcare-managed-it-services/,153,333,0.0,x-default,en,False,False,False
https://diceus.com/industry/finance/,/industry/finance/,200,,True,industry-sitemap.xml,2025-12-03T14:27:46+00:00,sitemap/seed,industry_vertical_hub,Non-insurance verticals,,False,7.0,True,False,https://diceus.com/industry/finance/,True,Custom Fintech Software Development Company | DICEUS,52,1.0,"DICEUS provide full-cycle fintech software development services to deliver effective finance, blockchain, and payments solutions.",129,1.0,Fintech software development services,1,1.0,8.0,2434,Answer;BreadcrumbList;EntryPoint;FAQPage;ImageObject;ListItem;LocalBusiness;Organization;PostalAddress;Question;ReadAction;SearchAction;WebPage;WebSite,False,,2025-12-03T14:27:46+00:00,1.0,812,92,379,0,0,4.049,2.059,"fintech, fintech eksperter i blockchain, real-time betalingsløsninger, fintech udvid din ekspertise inden for teknologier til finte",0.261,https://diceus.com/industry/finance/fintech-application-development/,120,311,0.0,x-default,en,False,False,False
https://diceus.com/industry/finance/blockchain/,/industry/finance/blockchain/,200,,True,industry-sitemap.xml,2025-12-03T14:29:59+00:00,sitemap/seed,industry_service,Non-insurance verticals,,False,1.5,True,False,https://diceus.com/industry/finance/blockchain/,True,Blockchain Application in Banking & Blockchain Solutions for Financial Services 🥇 DICEUS,88,1.0,You need Blockchain Application in Banking then you come to the right place. We can achieve the best Blockchain Solutions for Financial Services,144,1.0,Blockchain application in banking,1,1.0,10.0,1338,Answer;BreadcrumbList;EntryPoint;FAQPage;ImageObject;ListItem;LocalBusiness;Organization;PostalAddress;Question;ReadAction;SearchAction;WebPage;WebSite,False,,2025-12-03T14:29:59+00:00,1.0,764,55,369,0,0,2.945,0.876,"blockchain application in banking, blockchain",0.255,https://diceus.com/expertise/blockchain-solutions-and-services/,221,315,0.0,x-default,en,False,False,False
https://diceus.com/industry/finance/fintech-application-development/,/industry/finance/fintech-application-development/,200,,True,industry-sitemap.xml,2025-12-03T14:31:26+00:00,sitemap/seed,industry_service,Non-insurance verticals,,False,2.4,True,False,https://diceus.com/industry/finance/fintech-application-development/,True,FinTech Mobile Application Development Services | DICEUS,56,1.0,DICEUS specializes in fintech app development based on the effective technology trends to enhance the growth and high productivity of your business.,148,1.0,Fintech app development services,1,1.0,15.0,2519,Answer;BreadcrumbList;EntryPoint;FAQPage;ImageObject;ListItem;LocalBusiness;Organization;PostalAddress;Question;ReadAction;SearchAction;WebPage;WebSite,False,,2025-12-03T14:31:26+00:00,1.0,764,63,373,0,0,2.946,1.059,fintech apps,0.261,https://diceus.com/industry/finance/,281,352,0.0,x-default,en,False,False,False
https://diceus.com/industry/finance/lending/,/industry/finance/lending/,200,,True,industry-sitemap.xml,2025-12-03T14:32:20+00:00,sitemap/seed,industry_service,Non-insurance verticals,,False,1.3,True,False,https://diceus.com/industry/finance/lending/,True,Lending Software Development and Loan Software Solutions 🥇 DICEUS,65,1.0,Loan Management Software Helps you to optimize time. Lenders need Loan Management software and we can help them.,112,1.0,Loan management software,1,1.0,10.0,1533,Answer;BreadcrumbList;EntryPoint;FAQPage;ImageObject;ListItem;LocalBusiness;Organization;PostalAddress;Question;ReadAction;SearchAction;WebPage;WebSite,False,,2025-12-03T14:32:20+00:00,1.0,764,55,369,0,0,2.945,0.876,"loan management software, lending",0.186,https://diceus.com/industry/finance/blockchain/,100,316,0.0,x-default,en,False,False,False
https://diceus.com/industry/finance/lending-software-development-services/,/industry/finance/lending-software-development-services/,200,,True,industry-sitemap.xml,2025-12-03T14:37:36+00:00,sitemap/seed,industry_service,Non-insurance verticals,,False,2.3,True,False,https://diceus.com/industry/finance/lending-software-development-services/,True,Lending Software Development - DICEUS,37,1.0,"Discover lending software development services that DICEUS offers for lenders, delivering end-to-end automation and performance boost.",134,1.0,Lending software development services,1,1.0,9.0,1745,Answer;BreadcrumbList;EntryPoint;FAQPage;ImageObject;ListItem;LocalBusiness;Organization;PostalAddress;Question;ReadAction;SearchAction;WebPage;WebSite,False,,2025-12-03T14:37:36+00:00,1.0,764,55,372,0,0,2.945,0.876,lending software development services,0.161,https://diceus.com/industry/finance/lending/,138,328,0.0,x-default,en,False,False,False
https://diceus.com/industry/banking/core-banking/,/industry/banking/core-banking/,200,,True,industry-sitemap.xml,2025-12-04T08:32:17+00:00,sitemap/seed,industry_service,Non-insurance verticals,,False,1.0,True,False,https://diceus.com/industry/banking/core-banking/,True,Core Banking Software Development Services | DICEUS,51,1.0,"DICEUS delivers core banking software development, systems or modules upgrade, software audit, technical support, testing, and IT consulting.",141,1.0,Core banking software development services,1,1.0,16.0,2017,Answer;BreadcrumbList;EntryPoint;FAQPage;ImageObject;ListItem;LocalBusiness;Organization;PostalAddress;Question;ReadAction;SearchAction;WebPage;WebSite,False,,2025-12-04T08:32:17+00:00,1.0,764,63,374,0,0,2.946,1.094,"core banking systems, core banking software development services",0.26,https://diceus.com/industry/banking/mobile-banking/,248,362,0.0,x-default,en,False,False,False
https://diceus.com/industry/logistics/fleet-management/,/industry/logistics/fleet-management/,200,,True,industry-sitemap.xml,2026-01-23T09:51:37+00:00,sitemap/seed,industry_service,Non-insurance verticals,,False,0.9,True,False,https://diceus.com/industry/logistics/fleet-management/,True,Fleet Management Software Development Services | DICEUS,55,1.0,"Expert fleet management software development services by DICEUS. Optimize operations, reduce costs, and enhance efficiency with custom solutions.",145,1.0,Fleet management software development,1,1.0,15.0,2212,Answer;BreadcrumbList;EntryPoint;FAQPage;ImageObject;ListItem;LocalBusiness;Organization;PostalAddress;Question;ReadAction;SearchAction;WebPage;WebSite,False,,2026-01-23T09:51:37+00:00,1.0,764,58,375,0,0,2.946,0.934,fleet management,0.337,https://diceus.com/industry/logistics/warehouse-management/,153,364,0.0,x-default,en,False,False,False
https://diceus.com/industry/retail/retail-app-development/,/industry/retail/retail-app-development/,200,,True,industry-sitemap.xml,2026-03-09T12:48:27+00:00,sitemap/seed,industry_service,Non-insurance verticals,,False,0.0,True,False,https://diceus.com/industry/retail/retail-app-development/,True,Retail App Development Company | DICEUS,39,1.0,"Discover full-cycle retail app development services by DICEUS. Enhance customer engagement and boost sales with our innovative, custom retail solutions.",152,1.0,Retail app development,1,1.0,15.0,1900,Answer;BreadcrumbList;EntryPoint;FAQPage;ImageObject;ListItem;LocalBusiness;Organization;PostalAddress;Question;ReadAction;SearchAction;WebPage;WebSite,False,,2026-03-09T12:48:27+00:00,1.0,764,59,373,0,0,2.946,0.989,"retail apps, retail",0.217,https://diceus.com/industry/retail/ecommerce-application-development/,136,381,0.0,x-default,en,False,False,False
https://diceus.com/industry/banking/,/industry/banking/,200,,True,industry-sitemap.xml,2026-04-09T12:11:51+00:00,sitemap/seed,industry_vertical_hub,Non-insurance verticals,,False,0.0,True,False,https://diceus.com/industry/banking/,True,Banking Software Development Services | DICEUS,46,1.0,"DICEUS provides tailored banking software development services, delivering innovative and secure solutions for financial institutions.",134,1.0,Custom banking software development services,1,1.0,10.0,2171,Answer;BreadcrumbList;EntryPoint;FAQPage;ImageObject;ListItem;LocalBusiness;Organization;PostalAddress;Question;ReadAction;SearchAction;WebPage;WebSite,False,,2026-04-09T12:11:51+00:00,1.0,812,98,380,0,0,4.049,2.429,"banking, banking industry., our offer for banks",0.196,https://diceus.com/industry/finance/,238,329,0.0,x-default,en,False,False,False
https://diceus.com/industry/banking/data-warehouse-development-for-integrated-banking-data/,/industry/banking/data-warehouse-development-for-integrated-banking-data/,200,,True,industry-sitemap.xml,2026-05-04T09:23:14+00:00,sitemap/seed,industry_service,Non-insurance verticals,data_analytics_dwh,True,0.0,True,False,https://diceus.com/industry/banking/data-warehouse-development-for-integrated-banking-data/,True,Banking Data Warehouse Development Services & Solutions,55,1.0,"Our banking data warehouse services & solutions help banks build more effective processes for data collection, processing, storage, and analysis.",145,1.0,Banking data warehouse development,1,1.0,9.0,1476,Answer;BreadcrumbList;EntryPoint;FAQPage;ImageObject;ListItem;LocalBusiness;Organization;PostalAddress;Question;ReadAction;SearchAction;WebPage;WebSite,False,,2026-05-04T09:23:14+00:00,1.0,764,64,367,0,0,2.945,1.046,"dwh for banking, data warehouse",0.182,https://diceus.com/industry/banking/finance-data-warehouse/,107,314,0.0,x-default,en,False,False,False
https://diceus.com/industry/finance/money-transfers/,/industry/finance/money-transfers/,200,,True,industry-sitemap.xml,2026-09-24T12:07:37+00:00,sitemap/seed,industry_service,Non-insurance verticals,,False,0.6,True,False,https://diceus.com/industry/finance/money-transfers/,True,Money Transfer App Development | DICEUS,39,1.0,DICEUS specializes in the money transfer app and system development. Our developers provide robust and customized software solutions for companies around the world.,164,1.0,Money transfer app development,1,1.0,10.0,1735,Answer;BreadcrumbList;EntryPoint;FAQPage;ImageObject;ListItem;LocalBusiness;Organization;PostalAddress;Question;ReadAction;SearchAction;WebPage;WebSite,False,,2026-09-24T12:07:37+00:00,1.0,764,55,369,0,0,2.945,0.876,"money transfer app development, money transfers",0.146,https://diceus.com/industry/finance/regulatory-compliance/,241,320,0.0,x-default,en,False,False,False
https://diceus.com/industry/finance/regulatory-compliance/,/industry/finance/regulatory-compliance/,200,,True,industry-sitemap.xml,2026-09-24T12:09:31+00:00,sitemap/seed,industry_service,Non-insurance verticals,,False,1.6,True,False,https://diceus.com/industry/finance/regulatory-compliance/,True,Financial Regulatory Compliance Software Development | DICEUS,61,1.0,DICEUS specializes in the banking and financial regulatory compliance software development. Our developers provide robust and customized software solutions for companies around the world.,187,1.0,Banking and financial regulatory compliance software development,1,1.0,10.0,1240,Answer;BreadcrumbList;EntryPoint;FAQPage;ImageObject;ListItem;LocalBusiness;Organization;PostalAddress;Question;ReadAction;SearchAction;WebPage;WebSite,False,,2026-09-24T12:09:31+00:00,1.0,764,55,369,0,0,2.945,0.876,"banking and financial regulatory compliance software develop, regulatory compliance",0.148,https://diceus.com/industry/finance/lending/,163,316,0.0,x-default,en,False,False,False
https://diceus.com/expertise/,/expertise/,200,,True,expertise-sitemap.xml,2026-09-17T14:47:34+00:00,sitemap/seed,expertise_hub,L3 Generic services,,False,5.0,True,False,https://diceus.com/expertise/,True,Software Development Expertise — DICEUS,39,1.0,"Explore DICEUS software development expertise: cloud solutions, data warehouse, data analytics, business intelligence, big data, and many more.",143,1.0,Our software development and technology expertise,1,1.0,20.0,1196,BreadcrumbList;CollectionPage;EntryPoint;ImageObject;ListItem;LocalBusiness;Organization;PostalAddress;SearchAction;WebSite,False,,,1.0,812,51,353,0,0,4.05,2.306,expertise,0.279,https://diceus.com/industry/,361,274,0.0,x-default,en,False,False,False
https://diceus.com/expertise/innovative-ai-development-company/,/expertise/innovative-ai-development-company/,200,,True,expertise-sitemap.xml,2023-08-31T11:20:02+00:00,sitemap/seed,expertise_service,L3 Generic services,,False,2.6,True,False,https://diceus.com/expertise/innovative-ai-development-company/,True,Artificial Intelligence (AI) Development Company | DICEUS,57,1.0,We provide artificial intelligence (AI) development services & consulting to solve the main challenges to enhance the growth and high productivity of your business – DICEUS,172,1.0,Innovative AI development company,1,1.0,10.0,1163,Answer;BreadcrumbList;EntryPoint;FAQPage;ImageObject;ListItem;LocalBusiness;Organization;PostalAddress;Question;ReadAction;SearchAction;WebPage;WebSite,False,,2023-08-31T11:20:02+00:00,1.0,768,72,334,0,0,2.96,3.405,"ai consulting, best-in-class consulting services, business transformation strategy powered with ai",0.181,https://diceus.com/industry/banking/artificial-intelligence-solutions-for-banking/,160,304,0.0,x-default,en,False,False,False
https://diceus.com/expertise/blockchain-solutions-and-services/,/expertise/blockchain-solutions-and-services/,200,,True,expertise-sitemap.xml,2023-08-31T11:20:32+00:00,sitemap/seed,expertise_service,L3 Generic services,,False,1.9,True,False,https://diceus.com/expertise/blockchain-solutions-and-services/,True,Blockchain Development Services & Solutions | DICEUS,52,1.0,Blockchain Development: revolutionary P2P solutions for the fintech sector. We deliver high scalability capabilities for projects of any scope and complexity – DICEUS,166,1.0,Blockchain solutions and services,1,1.0,10.0,1078,Answer;BreadcrumbList;EntryPoint;FAQPage;ImageObject;ListItem;LocalBusiness;Organization;PostalAddress;Question;ReadAction;SearchAction;WebPage;WebSite,False,,2023-08-31T11:20:32+00:00,1.0,768,50,336,0,0,2.96,2.177,blockchain,0.255,https://diceus.com/industry/finance/blockchain/,201,306,0.0,x-default,en,False,False,False
https://diceus.com/expertise/internet-of-things-development-services-and-solutions/,/expertise/internet-of-things-development-services-and-solutions/,200,,True,expertise-sitemap.xml,2023-08-31T11:21:13+00:00,sitemap/seed,expertise_service,L3 Generic services,,False,0.9,True,False,https://diceus.com/expertise/internet-of-things-development-services-and-solutions/,True,IoT Development Company & IoT Services | DICEUS,47,1.0,"Internet of Things (IoT) developers at Diceus are experienced in Enterprise Application, Industrial, and Consumer IoT Development – DICEUS",138,1.0,Internet of things development services and solutions,1,1.0,10.0,1064,Answer;BreadcrumbList;EntryPoint;FAQPage;ImageObject;ListItem;LocalBusiness;Organization;PostalAddress;Question;ReadAction;SearchAction;WebPage;WebSite,False,,2023-08-31T11:21:13+00:00,1.0,764,47,333,0,0,2.946,2.003,internet of things,0.235,https://diceus.com/expertise/iot-application-development/,121,303,0.0,x-default,en,False,False,False
https://diceus.com/expertise/machine-learning-development-company/,/expertise/machine-learning-development-company/,200,,True,expertise-sitemap.xml,2023-08-31T11:21:27+00:00,sitemap/seed,expertise_service,L3 Generic services,,False,0.0,True,False,https://diceus.com/expertise/machine-learning-development-company/,True,Machine Learning Development Company | ML Consulting 🥇 DICEUS,61,1.0,We provide machine learning development services & consulting to solve the main challenges to enhance the growth and high productivity of your business – DICEUS,160,1.0,Machine learning development company,1,1.0,10.0,948,Answer;BreadcrumbList;EntryPoint;FAQPage;ImageObject;ListItem;LocalBusiness;Organization;PostalAddress;Question;ReadAction;SearchAction;WebPage;WebSite,False,,2023-08-31T11:21:27+00:00,1.0,764,46,333,0,0,2.946,1.961,machine learning,0.155,https://diceus.com/expertise/internet-of-things-development-services-and-solutions/,119,302,0.0,x-default,en,False,False,False
https://diceus.com/expertise/cloud-data-warehouse/,/expertise/cloud-data-warehouse/,200,,True,expertise-sitemap.xml,2023-08-31T11:23:06+00:00,sitemap/seed,expertise_service,L3 Generic services,data_analytics_dwh,True,0.0,True,False,https://diceus.com/expertise/cloud-data-warehouse/,True,Cloud Data Warehouse Experts & Best DWH Solutions | DICEUS,58,1.0,Cloud data warehouse expertise and services—DICEUS is a one-stop provider of experts and solutions for the best cloud data warehouse to fit your individual goals.,162,1.0,Cloud data warehouse,1,1.0,10.0,1838,Answer;BreadcrumbList;EntryPoint;FAQPage;ImageObject;ListItem;LocalBusiness;Organization;PostalAddress;Question;ReadAction;SearchAction;WebPage;WebSite,False,,2023-08-31T11:23:06+00:00,1.0,764,42,337,0,0,2.946,1.841,cloud data warehouse,0.166,https://diceus.com/expertise/develop-cloud-applications-and-services/,220,314,0.0,x-default,en,False,False,False
https://diceus.com/expertise/business-intelligence-consulting-services/,/expertise/business-intelligence-consulting-services/,200,,True,expertise-sitemap.xml,2023-08-31T11:23:31+00:00,sitemap/seed,expertise_service,L3 Generic services,,False,5.3,True,False,https://diceus.com/expertise/business-intelligence-consulting-services/,True,Business Intelligence Consulting Services | DICEUS,50,1.0,"DICEUS BI consulting services make your data more accessible, consistent, and useful. You shouldn’t need to be a statistician or a data scientist to understand what’s happening in your organization.",198,1.0,Business intelligence consulting services,1,1.0,10.0,1501,Answer;BreadcrumbList;EntryPoint;FAQPage;ImageObject;ListItem;LocalBusiness;Organization;PostalAddress;Question;ReadAction;SearchAction;WebPage;WebSite,False,,2023-08-31T11:23:31+00:00,1.0,764,43,337,0,0,2.946,1.866,business intelligence consulting services,0.21,https://diceus.com/expertise/professional-business-intelligence-services/,108,309,0.0,x-default,en,False,False,False
https://diceus.com/expertise/iot-application-development/,/expertise/iot-application-development/,200,,True,expertise-sitemap.xml,2023-08-31T11:23:45+00:00,sitemap/seed,expertise_service,L3 Generic services,,False,0.0,True,False,https://diceus.com/expertise/iot-application-development/,True,IoT Application Development Services | DICEUS,45,1.0,"DICEUS IoT app development service puts the power and efficiency of connected devices at your fingertips, keeping you digitally competitive | Robust and scalable IoT applications | Full-cycle IoT development.",208,1.0,IoT application development,1,1.0,10.0,1393,Answer;BreadcrumbList;EntryPoint;FAQPage;ImageObject;ListItem;LocalBusiness;Organization;PostalAddress;Question;ReadAction;SearchAction;WebPage;WebSite,False,,2023-08-31T11:23:45+00:00,1.0,764,41,334,0,0,2.946,1.828,iot application development,0.235,https://diceus.com/expertise/internet-of-things-development-services-and-solutions/,153,306,0.0,x-default,en,False,False,False
https://diceus.com/expertise/professional-business-intelligence-services/,/expertise/professional-business-intelligence-services/,200,,True,expertise-sitemap.xml,2023-10-16T14:32:46+00:00,sitemap/seed,expertise_service,L3 Generic services,,False,7.4,True,False,https://diceus.com/expertise/professional-business-intelligence-services/,True,Business intelligence services - BI solutions & consulting 🥇 DICEUS,67,1.0,"DICEUS provides the best business intelligence services & delivers a set of advanced tools to successfully promote customer services, craft personalized marketing strategies, and analyze efforts.",195,1.0,Business intelligence services,1,1.0,10.0,1211,Answer;BreadcrumbList;EntryPoint;FAQPage;ImageObject;ListItem;LocalBusiness;Organization;PostalAddress;Question;ReadAction;SearchAction;WebPage;WebSite,False,,2023-10-16T14:32:46+00:00,1.0,812,95,336,0,0,4.05,4.033,bi services,0.21,https://diceus.com/expertise/business-intelligence-consulting-services/,240,313,0.0,x-default,en,False,False,False
https://diceus.com/expertise/artificial-intelligence-consulting/,/expertise/artificial-intelligence-consulting/,200,,True,expertise-sitemap.xml,2024-08-20T13:18:58+00:00,sitemap/seed,expertise_service,L3 Generic services,,False,5.2,True,False,https://diceus.com/expertise/artificial-intelligence-consulting/,True,Artificial Intelligence (AI) Consulting Services | DICEUS,57,1.0,Discover DICEUS — a full-range Artificial Intelligence consulting company offering tailored services and unique approach to your project or business needs through AI technology.,177,1.0,Artificial intelligence consulting services,1,1.0,17.0,2502,Answer;BreadcrumbList;EntryPoint;FAQPage;ImageObject;ListItem;LocalBusiness;Organization;PostalAddress;Question;ReadAction;SearchAction;WebPage;WebSite,False,,2024-08-20T13:18:58+00:00,2.0,43,3,338,0,0,0.54,0.305,"knowing the artificial intelligence realm inside out, ai consulting services, artificial intelligence consulting services",0.215,https://diceus.com/expertise/ai-integration-services/,806,309,0.0,x-default,en,False,False,False
https://diceus.com/expertise/generative-ai-consulting/,/expertise/generative-ai-consulting/,200,,True,expertise-sitemap.xml,2024-08-20T13:21:22+00:00,sitemap/seed,expertise_service,L3 Generic services,,False,4.7,True,False,https://diceus.com/expertise/generative-ai-consulting/,True,Generative AI Consulting Services | DICEUS,42,1.0,Generative AI consulting services by DICEUS will allow your company to implement any project in this area and maximize business benefits of this technology.,156,1.0,Generative artificial intelligence consulting services,1,1.0,10.0,1914,Answer;BreadcrumbList;EntryPoint;FAQPage;ImageObject;ListItem;LocalBusiness;Organization;PostalAddress;Question;ReadAction;SearchAction;WebPage;WebSite,False,,2024-08-20T13:21:22+00:00,2.0,47,9,340,0,0,0.543,0.518,"generative artificial intelligence consulting services, generative ai, consulting companies on implementing generative ai tools",0.293,https://diceus.com/expertise/generative-ai-development-services/,140,330,0.0,x-default,en,False,False,False
https://diceus.com/expertise/ai-software-development/,/expertise/ai-software-development/,200,,True,expertise-sitemap.xml,2024-08-20T13:23:40+00:00,sitemap/seed,expertise_service,L3 Generic services,,False,3.6,True,False,https://diceus.com/expertise/ai-software-development/,True,Custom AI Software Development Services | DICEUS,48,1.0,Custom AI software development services by DICEUS display an innovative approach to delivering AI projects that can improve any company's business pipeline.,156,1.0,Custom artificial intelligence software development,1,1.0,9.0,1661,Answer;BreadcrumbList;EntryPoint;FAQPage;ImageObject;ListItem;LocalBusiness;Organization;PostalAddress;Question;ReadAction;SearchAction;WebPage;WebSite,False,,2024-08-20T13:23:40+00:00,2.0,46,6,338,0,0,0.542,0.403,"ai-fueled solutions, experience in delivering ai solutions, while crafting custom ai agents",0.248,https://diceus.com/expertise/generative-ai-development-services/,128,312,0.0,x-default,en,False,False,False
https://diceus.com/expertise/ai-model-training/,/expertise/ai-model-training/,200,,True,expertise-sitemap.xml,2024-08-20T13:30:32+00:00,sitemap/seed,expertise_service,L3 Generic services,,False,4.1,True,False,https://diceus.com/expertise/ai-model-training/,True,AI Model Training Services | DICEUS,35,1.0,DICEUS offers top-notch machine learning and artificial intelligence training model services to help your company optimize its AI-driven business projects.,155,1.0,Custom artificial intelligence model training,1,1.0,9.0,1481,Answer;BreadcrumbList;EntryPoint;FAQPage;ImageObject;ListItem;LocalBusiness;Organization;PostalAddress;Question;ReadAction;SearchAction;WebPage;WebSite,False,,2024-08-20T13:30:32+00:00,2.0,43,3,338,0,0,0.54,0.304,"ai model training, train the chosen model, custom artificial intelligence model training",0.238,https://diceus.com/expertise/generative-ai-development-services/,89,306,0.0,x-default,en,False,False,False
https://diceus.com/expertise/large-language-model-development-services/,/expertise/large-language-model-development-services/,200,,True,expertise-sitemap.xml,2024-08-20T13:31:18+00:00,sitemap/seed,expertise_service,L3 Generic services,,False,7.2,True,False,https://diceus.com/expertise/large-language-model-development-services/,True,Large Language Model Development Services | DICEUS,50,1.0,"DICEUS is a vetted Large Language Model development company that creates custom LLM software that leverages AI, ML, and NLP.",124,1.0,Large language model (LLM) development services,1,1.0,8.0,1938,Answer;BreadcrumbList;EntryPoint;FAQPage;ImageObject;ListItem;LocalBusiness;Organization;PostalAddress;Question;ReadAction;SearchAction;WebPage;WebSite,False,,2024-08-20T13:31:18+00:00,2.0,46,8,338,0,0,0.542,0.412,"large language model (llm) development services, llm development, large language models",0.241,https://diceus.com/expertise/generative-ai-development-services/,135,317,0.0,x-default,en,False,False,False
https://diceus.com/expertise/chatgpt-development-services/,/expertise/chatgpt-development-services/,200,,True,expertise-sitemap.xml,2024-08-29T14:42:05+00:00,sitemap/seed,expertise_service,L3 Generic services,,False,2.3,True,False,https://diceus.com/expertise/chatgpt-development-services/,True,ChatGPT App Development Services | DICEUS,41,1.0,"As a vetted ChatGPT development company, DICEUS creates top-notch custom AI software products based on NLP models to revolutionize your business workflows.",155,1.0,ChatGPT applications development services,1,1.0,9.0,2170,Answer;BreadcrumbList;EntryPoint;FAQPage;ImageObject;ListItem;LocalBusiness;Organization;PostalAddress;Question;ReadAction;SearchAction;WebPage;WebSite,False,,2024-08-29T14:42:05+00:00,2.0,42,4,337,0,0,0.539,0.292,"chatgpt applications development services, chatgpt app development",0.225,https://diceus.com/expertise/natural-language-processing-development-services/,93,311,0.0,x-default,en,False,False,False
https://diceus.com/expertise/natural-language-processing-development-services/,/expertise/natural-language-processing-development-services/,200,,True,expertise-sitemap.xml,2024-09-09T07:30:14+00:00,sitemap/seed,expertise_service,L3 Generic services,,True,8.6,True,False,https://diceus.com/expertise/natural-language-processing-development-services/,True,Natural Language Processing Development Services | DICEUS,57,1.0,DICEUS is a high-profile AI development company that provides multiple natural language processing services to accomplish top-notch NLP business projects.,154,1.0,Natural language processing (NLP) services,1,1.0,12.0,1861,Answer;BreadcrumbList;EntryPoint;FAQPage;ImageObject;ListItem;LocalBusiness;Organization;PostalAddress;Question;ReadAction;SearchAction;WebPage;WebSite,False,,2024-09-09T07:30:14+00:00,2.0,42,2,340,0,0,0.539,0.278,"nlp services, natural language processing (nlp) services",0.233,https://diceus.com/expertise/generative-ai-development-services/,236,353,0.0,x-default,en,False,False,False
https://diceus.com/expertise/ai-integration-services/,/expertise/ai-integration-services/,200,,True,expertise-sitemap.xml,2024-09-09T10:48:36+00:00,sitemap/seed,expertise_service,L3 Generic services,,False,4.1,True,False,https://diceus.com/expertise/ai-integration-services/,True,Artificial Intelligence (AI) Integration Services | DICEUS,58,1.0,"DICEUS is glad to present AI integration services for your company. Here, you can learn how we implement cutting-edge technology into various business projects.",160,1.0,AI integration services,1,1.0,9.0,2455,Answer;BreadcrumbList;EntryPoint;FAQPage;ImageObject;ListItem;LocalBusiness;Organization;PostalAddress;Question;ReadAction;SearchAction;WebPage;WebSite,False,,2024-09-09T10:48:36+00:00,2.0,43,3,337,0,0,0.54,0.307,"ai integration, ai implementation process, ai integration services",0.215,https://diceus.com/expertise/artificial-intelligence-consulting/,136,333,0.0,x-default,en,False,False,False
https://diceus.com/expertise/chatgpt-integration-services/,/expertise/chatgpt-integration-services/,200,,True,expertise-sitemap.xml,2024-09-11T12:49:17+00:00,sitemap/seed,expertise_service,L3 Generic services,,False,3.9,True,False,https://diceus.com/expertise/chatgpt-integration-services/,True,ChatGPT Integration Services | DICEUS,37,1.0,We have vast knowledge of AI and NLP technologies. Turn to us for custom ChatGPT integration services that drive benefits for your software business.,149,1.0,ChatGPT integration services,1,1.0,11.0,2028,Answer;BreadcrumbList;EntryPoint;FAQPage;ImageObject;ListItem;LocalBusiness;Organization;PostalAddress;Question;ReadAction;SearchAction;WebPage;WebSite,False,,2024-09-11T12:49:17+00:00,2.0,41,1,340,0,0,0.538,0.256,chatgpt integration services,0.22,https://diceus.com/expertise/chatgpt-development-services/,311,354,0.0,x-default,en,False,False,False
https://diceus.com/expertise/big-data-consulting-services/,/expertise/big-data-consulting-services/,200,,True,expertise-sitemap.xml,2025-02-19T09:43:17+00:00,sitemap/seed,expertise_service,L3 Generic services,data_analytics_dwh,True,2.7,True,False,https://diceus.com/expertise/big-data-consulting-services/,True,Big Data Consulting Services – DICEUS,37,1.0,Our big data consulting services will help you in the building top-notch data software to enhance your analytics and operational efficiency.,140,1.0,Big data consulting services,1,1.0,10.0,1489,Answer;BreadcrumbList;EntryPoint;FAQPage;ImageObject;ListItem;LocalBusiness;Organization;PostalAddress;Question;ReadAction;SearchAction;WebPage;WebSite,False,,2025-02-19T09:43:17+00:00,1.0,764,42,340,0,0,2.946,1.85,big data consulting services,0.108,https://diceus.com/expertise/ai-software-development/,148,340,0.0,x-default,en,False,False,False
https://diceus.com/expertise/artificial-intelligence-application-development-services/,/expertise/artificial-intelligence-application-development-services/,200,,True,expertise-sitemap.xml,2025-10-10T14:13:02+00:00,sitemap/seed,expertise_service,L3 Generic services,,False,0.0,True,False,https://diceus.com/expertise/artificial-intelligence-application-development-services/,True,Artificial Intelligence App Development Company | DICEUS,56,1.0,DICEUS provides AI-based mobile app development services to build artificially intelligent mobile apps with enhanced user experience.,133,1.0,Artificial intelligence application development services,1,1.0,10.0,1395,Answer;BreadcrumbList;EntryPoint;FAQPage;ImageObject;ListItem;LocalBusiness;Organization;PostalAddress;Question;ReadAction;SearchAction;WebPage;WebSite,False,,2025-10-10T14:13:02+00:00,1.0,764,44,337,0,0,2.946,1.933,"artificial intelligence application development services, vetted experts in ai development",0.164,https://diceus.com/expertise/innovative-ai-development-company/,74,310,0.0,x-default,en,False,False,False
https://diceus.com/expertise/data-warehouse-and-etl-consulting-services/,/expertise/data-warehouse-and-etl-consulting-services/,200,,True,expertise-sitemap.xml,2025-10-27T15:37:12+00:00,sitemap/seed,expertise_service,L3 Generic services,data_analytics_dwh,True,3.3,True,False,https://diceus.com/expertise/data-warehouse-and-etl-consulting-services/,True,"ETL Consulting Services - Extract, Transform, Load Process",58,1.0,The vetted experts of DICEUS provide ETL consulting services where our team of consultants issues recommendations that will help you step up your data handling.,160,1.0,ETL consulting,1,1.0,10.0,1223,Answer;BreadcrumbList;EntryPoint;FAQPage;ImageObject;ListItem;LocalBusiness;Organization;PostalAddress;Question;ReadAction;SearchAction;WebPage;WebSite,False,,2025-10-27T15:37:12+00:00,1.0,769,73,337,0,0,2.984,3.239,"etl consulting, learn more about our etl and dwh expertise., data warehouse (dwh)",0.14,https://diceus.com/services/data-management-services/,271,307,0.0,x-default,en,False,False,False
https://diceus.com/expertise/cloud-enablement-services/,/expertise/cloud-enablement-services/,200,,True,expertise-sitemap.xml,2025-10-27T15:47:49+00:00,sitemap/seed,expertise_service,L3 Generic services,,False,3.5,True,False,https://diceus.com/expertise/cloud-enablement-services/,True,Cloud Enablement Services - Assessment and Transformation,57,1.0,"What we offer What is cloud enablement? It is a set of practices that include the analysis of the digital environment of an organization with the subsequent engineering, deploying, and running its part or even the whole of the company’s IT infrastructure, applications, databases, and other resources in the cloud facilities. DICEUS can cover all.",347,1.0,Cloud enablement services,1,1.0,11.0,1444,Answer;BreadcrumbList;EntryPoint;FAQPage;ImageObject;ListItem;LocalBusiness;Organization;PostalAddress;Question;ReadAction;SearchAction;WebPage;WebSite,False,,2025-10-27T15:47:49+00:00,1.0,764,44,337,0,0,2.946,1.908,cloud enablement services,0.134,https://diceus.com/industry/healthcare/healthcare-digital-transformation-consulting/,128,328,0.0,x-default,en,False,False,False
https://diceus.com/expertise/generative-ai-development-services/,/expertise/generative-ai-development-services/,200,,True,expertise-sitemap.xml,2025-11-13T08:17:03+00:00,sitemap/seed,expertise_service,L3 Generic services,,False,3.2,True,False,https://diceus.com/expertise/generative-ai-development-services/,True,Generative AI Development Services | DICEUS,43,1.0,"DICEUS, as an expert generative AI development company, uses innovative NLP models to create custom generative AI software with multiple business benefits.",155,1.0,Generative artificial intelligence development services,1,1.0,10.0,1871,Answer;BreadcrumbList;EntryPoint;FAQPage;ImageObject;ListItem;LocalBusiness;Organization;PostalAddress;Question;ReadAction;SearchAction;WebPage;WebSite,False,,2025-11-13T08:17:03+00:00,2.0,47,7,340,0,0,0.543,0.466,"dealing with genai projects, generative ai software creation, building bespoke generative ai solutions",0.293,https://diceus.com/expertise/generative-ai-consulting/,133,336,0.0,x-default,en,False,False,False
https://diceus.com/expertise/cobol-migration/,/expertise/cobol-migration/,200,,True,expertise-sitemap.xml,2025-11-13T08:38:54+00:00,sitemap/seed,expertise_service,L3 Generic services,,False,0.7,True,False,https://diceus.com/expertise/cobol-migration/,True,COBOL Modernization and Migration Services | DICEUS,51,1.0,DICEUS offers COBOL modernization and migration services to upgrade legacy platforms or applications and enhance the technology level of your business.,151,1.0,COBOL software modernization and migration services,1,1.0,7.0,1381,Answer;BreadcrumbList;EntryPoint;FAQPage;ImageObject;ListItem;LocalBusiness;Organization;PostalAddress;Question;ReadAction;SearchAction;WebPage;WebSite,False,,2025-11-13T08:38:54+00:00,2.0,40,0,329,0,0,0.525,0.219,,0.105,https://diceus.com/best-tips-for-migrating-from-monolith-to-microservices/,142,283,0.0,x-default,en,True,False,False
https://diceus.com/expertise/big-data-developers/,/expertise/big-data-developers/,200,,True,expertise-sitemap.xml,2026-09-17T14:45:33+00:00,sitemap/seed,expertise_service,L3 Generic services,data_analytics_dwh,True,0.0,True,False,https://diceus.com/expertise/big-data-developers/,True,Big Data Development Services & Solutions | DICEUS,50,1.0,We provide Big Data solutions and consulting services to help companies exploit the full potential of their data. Our specialists choose the optimal architecture for customer needs.,181,1.0,Big data development services,1,1.0,10.0,1140,Answer;BreadcrumbList;EntryPoint;FAQPage;ImageObject;ListItem;LocalBusiness;Organization;PostalAddress;Question;ReadAction;SearchAction;WebPage;WebSite,False,,2026-09-17T14:45:33+00:00,1.0,812,68,336,0,0,4.05,2.729,big data,0.177,https://diceus.com/expertise/professional-business-intelligence-services/,132,308,0.0,x-default,en,False,False,False
https://diceus.com/expertise/data-science-consulting-services-and-solutions/,/expertise/data-science-consulting-services-and-solutions/,200,,True,expertise-sitemap.xml,2026-09-17T14:46:03+00:00,sitemap/seed,expertise_service,L3 Generic services,data_analytics_dwh,True,1.7,True,False,https://diceus.com/expertise/data-science-consulting-services-and-solutions/,True,Data Science Consulting Services | DICEUS,41,1.0,Let our data science consulting firm help you make data-driven decisions in real-time using predictive data analytics and machine learning – Diceus.,148,1.0,Data science consulting services and solutions,1,1.0,10.0,1160,Answer;BreadcrumbList;EntryPoint;FAQPage;ImageObject;ListItem;LocalBusiness;Organization;PostalAddress;Question;ReadAction;SearchAction;WebPage;WebSite,False,,2026-09-17T14:46:03+00:00,1.0,812,56,336,0,0,4.05,2.409,data science,0.179,https://diceus.com/expertise/oracle-application-development-services-and-solutions/,262,305,0.0,x-default,en,False,False,False
https://diceus.com/expertise/develop-cloud-applications-and-services/,/expertise/develop-cloud-applications-and-services/,200,,True,expertise-sitemap.xml,2026-09-17T14:46:21+00:00,sitemap/seed,expertise_service,L3 Generic services,,False,2.8,True,False,https://diceus.com/expertise/develop-cloud-applications-and-services/,True,Cloud Application Development Services & Custom Solutions | DICEUS,66,1.0,Cloud Application Development Services & Custom Solutions for big business. We know how to design and build cloud applications the right way and help clients prepare for the transition to the cloud – DICEUS,206,1.0,Develop cloud applications and services,1,1.0,10.0,1060,Answer;BreadcrumbList;EntryPoint;FAQPage;ImageObject;ListItem;LocalBusiness;Organization;PostalAddress;Question;ReadAction;SearchAction;WebPage;WebSite,False,,2026-09-17T14:46:21+00:00,1.0,812,108,336,0,0,4.05,4.767,"cloud solutions, cloud computing, our cloud solutions",0.166,https://diceus.com/expertise/cloud-data-warehouse/,132,306,0.0,x-default,en,False,False,False
https://diceus.com/expertise/embedded-software-development-services-and-solutions/,/expertise/embedded-software-development-services-and-solutions/,200,,True,expertise-sitemap.xml,2026-09-17T14:46:39+00:00,sitemap/seed,expertise_service,L3 Generic services,,False,3.6,True,False,https://diceus.com/expertise/embedded-software-development-services-and-solutions/,True,Embedded Software Development Company | DICEUS,46,1.0,"As a leading embedded software development company, we offer top embedded software solutions – DICEUS",101,1.0,Embedded software development services and solutions,1,1.0,10.0,1126,Answer;BreadcrumbList;EntryPoint;FAQPage;ImageObject;ListItem;LocalBusiness;Organization;PostalAddress;Question;ReadAction;SearchAction;WebPage;WebSite,False,,2026-09-17T14:46:39+00:00,1.0,764,45,336,0,0,2.946,1.992,embedded systems,0.184,https://diceus.com/expertise/internet-of-things-development-services-and-solutions/,153,306,0.0,x-default,en,False,False,False
https://diceus.com/expertise/oracle-application-development-services-and-solutions/,/expertise/oracle-application-development-services-and-solutions/,200,,True,expertise-sitemap.xml,2026-09-17T14:46:56+00:00,sitemap/seed,expertise_service,L3 Generic services,,False,2.1,True,False,https://diceus.com/expertise/oracle-application-development-services-and-solutions/,True,Oracle Development Services & Solutions | DICEUS,48,1.0,"Oracle application development services by DICEUS, a leading custom software solutions company with more than a decade of experience in Oracle development tools and environments.",178,1.0,Oracle application development services and solutions,1,1.0,10.0,954,Answer;BreadcrumbList;EntryPoint;FAQPage;ImageObject;ListItem;LocalBusiness;Organization;PostalAddress;Question;ReadAction;SearchAction;WebPage;WebSite,False,,2026-09-17T14:46:56+00:00,1.0,812,49,336,0,0,4.05,2.469,oracle,0.198,https://diceus.com/case-studies/expertise/data-science/,961,304,0.0,x-default,en,False,False,False
https://diceus.com/expertise/robotics-process-automation-services/,/expertise/robotics-process-automation-services/,200,,True,expertise-sitemap.xml,2026-09-17T14:47:16+00:00,sitemap/seed,expertise_service,L3 Generic services,,False,3.6,True,False,https://diceus.com/expertise/robotics-process-automation-services/,True,RPA Services | Robotic Process Automation Consulting | DICEUS,61,1.0,"We provide robotics process automation (RPA) development services. We can also create software that automates workflows, processes and other automation solutions to transform your business – DICEUS",197,1.0,Robotics process automation services,1,1.0,10.0,1120,Answer;BreadcrumbList;EntryPoint;FAQPage;ImageObject;ListItem;LocalBusiness;Organization;PostalAddress;Question;ReadAction;SearchAction;WebPage;WebSite,False,,2026-09-17T14:47:16+00:00,1.0,769,53,334,0,0,2.984,2.243,"robotics process automation, robotic process automation, robotic process automation (rpa)",0.253,https://diceus.com/industry/banking/robotic-process-automation/,191,304,0.0,x-default,en,False,False,False
https://diceus.com/expertise/wearable-app-development-services-and-solutions/,/expertise/wearable-app-development-services-and-solutions/,200,,True,expertise-sitemap.xml,2026-09-17T14:47:34+00:00,sitemap/seed,expertise_service,L3 Generic services,,False,3.9,True,False,https://diceus.com/expertise/wearable-app-development-services-and-solutions/,True,Wearable App Development Company | DICEUS,41,1.0,"As a leading wearable app development company, Diceus offers top wearable app developers to hire in a cost-efficient way – DICEUS",129,1.0,Wearable app development services and solutions,1,1.0,10.0,1025,Answer;BreadcrumbList;EntryPoint;FAQPage;ImageObject;ListItem;LocalBusiness;Organization;PostalAddress;Question;ReadAction;SearchAction;WebPage;WebSite,False,,2026-09-17T14:47:34+00:00,1.0,764,44,334,0,0,2.946,1.889,wearables,0.18,https://diceus.com/expertise/internet-of-things-development-services-and-solutions/,134,302,0.0,x-default,en,False,False,False
https://diceus.com/media/,/media/,200,,True,media_posts-sitemap.xml,2026-09-24T13:49:09+00:00,sitemap/seed,media_hub,Company news,,True,23.3,True,False,https://diceus.com/media/,True,DICEUS Media Page: Latest News and Updates |,44,1.0,"Stay updated about DICEUS! Read our latest news, updates, and articles in various media.",88,1.0,We're making headlines,1,1.0,90.0,1976,BreadcrumbList;CollectionPage;EntryPoint;ImageObject;ListItem;Organization;SearchAction;WebSite,False,,,1.0,765,99,368,0,0,2.971,3.022,media explore our media space,0.984,https://diceus.com/media/page/8/,98,373,0.0,x-default,en,False,False,False
https://diceus.com/media/diceus-is-becoming-a-trusted-microsoft-partner/,/media/diceus-is-becoming-a-trusted-microsoft-partner/,200,,True,media_posts-sitemap.xml,2023-11-13T21:17:36+00:00,sitemap/seed,media_news,Company news,,True,9.6,True,False,https://diceus.com/media/diceus-is-becoming-a-trusted-microsoft-partner/,True,DICEUS is Becoming a Trusted Microsoft Partner | News,53,1.0,"DICEUS is happy to announce that we signed a Cloud Partner Program with Microsoft. As a result, we are an official Microsoft Partner.",133,1.0,DICEUS is becoming a trusted Microsoft Partner,1,1.0,0.0,417,BreadcrumbList;EntryPoint;ImageObject;ListItem;Organization;ReadAction;SearchAction;WebPage;WebSite,False,,2023-11-13T21:17:36+00:00,2.0,14,14,296,0,0,0.216,0.347,"diceus is becoming a trusted microsoft partner, microsoft",0.481,https://diceus.com/media/diceus-is-becoming-an-oracle-partner/,158,268,0.0,x-default,en,False,False,False
https://diceus.com/media/diceus-top-b2b-software-development-firms-2021-by-clutch/,/media/diceus-top-b2b-software-development-firms-2021-by-clutch/,200,,True,media_posts-sitemap.xml,2023-11-13T21:30:05+00:00,sitemap/seed,media_news,Company news,,True,10.2,True,False,https://diceus.com/media/diceus-top-b2b-software-development-firms-2021-by-clutch/,True,DICEUS Featured as Top B2B Development Companies by Clutch,58,1.0,"DICEUS is named one of Top B2B Development Companies by Clutch. For more than ten years, we deliver high-quality software for our clients worldwide. Get free consulting.",169,1.0,DICEUS is named among the Top B2B Software Development Firms 2021 by Clutch,1,1.0,0.0,591,BreadcrumbList;EntryPoint;ImageObject;ListItem;Organization;ReadAction;SearchAction;WebPage;WebSite,False,,2023-11-13T21:30:05+00:00,2.0,13,13,296,0,0,0.215,0.315,"diceus is named among the top b2b software development firms, clutch top b2b companies western europe 2021",0.423,https://diceus.com/media/best-software-development-firm-by-top-design-firms/,105,270,0.0,x-default,en,False,False,False
https://diceus.com/media/diceus-japan-partnership/,/media/diceus-japan-partnership/,200,,True,media_posts-sitemap.xml,2023-11-13T21:31:56+00:00,sitemap/seed,media_news,Company news,,False,6.1,True,False,https://diceus.com/media/diceus-japan-partnership/,True,Beneficial Cooperation between Diceus and the Japanese IT Sector,64,1.0,DICEUS is expanding to Japan. The company started working with the local enterprise and participated in the remote meeting with Japanese IT leaders.,148,1.0,"DICEUS enters the Japanese market, sets new partnerships",1,1.0,3.0,822,BreadcrumbList;EntryPoint;ImageObject;ListItem;Organization;ReadAction;SearchAction;WebPage;WebSite,False,,2023-11-13T21:31:56+00:00,2.0,12,12,298,0,0,0.201,0.301,"diceus enters the japanese market, sets new partnerships",0.344,https://diceus.com/media/diceus-partnered-with-blink-payment/,91,272,0.0,x-default,en,False,False,False
https://diceus.com/media/osce-parliamentary-assembly-diceus-partnership/,/media/osce-parliamentary-assembly-diceus-partnership/,200,,True,media_posts-sitemap.xml,2023-12-14T10:32:11+00:00,sitemap/seed,media_news,Company news,,True,12.2,True,False,https://diceus.com/media/osce-parliamentary-assembly-diceus-partnership/,True,OSCE Parliamentary Assembly and DICEUS Partnership,50,1.0,The OSCE Parliamentary Assembly started collaborating with DICEUS to migrate its website from CMS Joomla version 3 to the latest version.,137,1.0,OSCE Parliamentary Assembly and DICEUS established a partnership for website advancement,1,1.0,0.0,492,BreadcrumbList;EntryPoint;ImageObject;ListItem;Organization;ReadAction;SearchAction;WebPage;WebSite,False,,2023-12-14T10:32:11+00:00,3.0,7,7,295,0,0,0.192,0.418,osce parliamentary assembly and diceus established a partner,0.371,https://diceus.com/media/diceus-became-google-cloud-partner-in-uk/,136,269,0.0,x-default,en,False,False,False
https://diceus.com/media/diceus-joined-memorandum-cooperation-political-violence-insurance/,/media/diceus-joined-memorandum-cooperation-political-violence-insurance/,200,,True,media_posts-sitemap.xml,2023-12-19T13:05:34+00:00,sitemap/seed,media_news,Company news,,True,42.5,True,False,https://diceus.com/media/diceus-joined-memorandum-cooperation-political-violence-insurance/,True,"DICEUS Signed a Memorandum ""Political Violence Insurance""",57,1.0,DICEUS signed a memorandum of understanding and cooperation in the area of political violence insurance in Ukraine.,115,1.0,DICEUS joined a Memorandum of Cooperation in the Field of Political Violence Insurance in Ukraine,1,1.0,0.0,518,BreadcrumbList;EntryPoint;ImageObject;ListItem;Organization;ReadAction;SearchAction;WebPage;WebSite,False,,2023-12-19T13:05:34+00:00,2.0,15,15,295,0,0,0.204,0.409,diceus joined a memorandum of cooperation in the field of po,0.416,https://diceus.com/media/diceus-at-embedded-insurance-symposium-in-zurich/,145,269,0.0,x-default,en,False,False,False
https://diceus.com/media/diceus-visited-tonik-2024-in-torshavn-faroe-islands/,/media/diceus-visited-tonik-2024-in-torshavn-faroe-islands/,200,,True,media_posts-sitemap.xml,2024-05-16T12:28:27+00:00,sitemap/seed,media_news,Company news,,False,7.3,True,False,https://diceus.com/media/diceus-visited-tonik-2024-in-torshavn-faroe-islands/,True,"DICEUS Attended Tonik 2024 in Torshavn, Faroe Islands",53,1.0,"DICEUS visited Tonik 2024 (Mixtech, Industry & Art) in Torshavn, Faroe Islands. Read more about the event and our activities there.",131,1.0,"DICEUS visited Tonik 2024 in Torshavn, Faroe Islands",1,1.0,0.0,409,BreadcrumbList;EntryPoint;ImageObject;ListItem;Organization;ReadAction;SearchAction;WebPage;WebSite,False,,2024-05-16T12:28:27+00:00,3.0,5,5,295,0,0,0.19,0.383,"diceus visited tonik 2024 in torshavn, faroe islands",0.544,https://diceus.com/media/diceus-nordics-visited-clients-in-the-faroe-islands/,164,274,0.0,x-default,en,False,False,False
https://diceus.com/media/manifest-names-diceus-wroclaws-most-reviewed-cloud-consulting-company/,/media/manifest-names-diceus-wroclaws-most-reviewed-cloud-consulting-company/,200,,True,media_posts-sitemap.xml,2024-08-01T12:37:58+00:00,sitemap/seed,media_news,Company news,,False,5.7,True,False,https://diceus.com/media/manifest-names-diceus-wroclaws-most-reviewed-cloud-consulting-company/,True,DICEUS Is Featured as Most Reviewed Cloud Consulting Firm,57,1.0,DICEUS was featured by The Manifest as one of the most reviewed cloud consulting companies in Wroclaw.,102,1.0,The Manifest Names DICEUS as Wroclaw’s Most Reviewed Cloud Consulting Company for 2024,1,1.0,0.0,524,BreadcrumbList;EntryPoint;ImageObject;ListItem;Organization;ReadAction;SearchAction;WebPage;WebSite,False,,2024-08-01T12:37:58+00:00,2.0,10,10,296,0,0,0.206,0.381,"the manifest names diceus as wroclaw’s most reviewed cloud c, the manifest awards",0.495,https://diceus.com/media/diceus-at-ibc-2024/,108,269,0.0,x-default,en,False,False,False
https://diceus.com/media/diceus-ceo-at-insurtech-uk-member-pitching/,/media/diceus-ceo-at-insurtech-uk-member-pitching/,200,,True,media_posts-sitemap.xml,2025-03-24T14:44:12+00:00,sitemap/seed,media_news,Company news,,True,28.6,True,False,https://diceus.com/media/diceus-ceo-at-insurtech-uk-member-pitching/,True,DICEUS CEO Was a Speaker at Insurtech UK Member Pitching,56,1.0,DICEUS CEO Illia Pinchuk spoke at Insurtech UK Member Pitching Session about our mobile app for insurance businesses.,117,1.0,DICEUS CEO Illia Pinchuk was a speaker at Insurtech UK Member Pitching Session,1,1.0,0.0,489,BreadcrumbList;EntryPoint;ImageObject;ListItem;Organization;ReadAction;SearchAction;WebPage;WebSite,False,,2025-03-24T14:44:12+00:00,2.0,6,6,296,0,0,0.191,0.408,diceus ceo illia pinchuk was a speaker at insurtech uk membe,0.459,https://diceus.com/media/diceus-insurtech-uk-christmas-pitching-session/,135,273,0.0,x-default,en,False,False,False
https://diceus.com/media/diceus-became-google-cloud-partner-in-uk/,/media/diceus-became-google-cloud-partner-in-uk/,200,,True,media_posts-sitemap.xml,2025-04-01T11:36:35+00:00,sitemap/seed,media_news,Company news,,True,10.7,True,False,https://diceus.com/media/diceus-became-google-cloud-partner-in-uk/,True,DICEUS Became a Google Cloud Partner in UK & Ireland,52,1.0,DICEUS Became a Google Cloud Partner in UK and Ireland to offer its customers a wide range of Google Cloud related services.,124,1.0,DICEUS became a Google Cloud Partner in the Partner Advantage Region UK and Ireland,1,1.0,0.0,469,BreadcrumbList;EntryPoint;ImageObject;ListItem;Organization;ReadAction;SearchAction;WebPage;WebSite,False,,2025-04-01T11:36:35+00:00,3.0,13,13,296,0,0,0.196,0.519,"diceus became a google cloud partner in the partner advantag, google cloud partner, diceus became a google cloud partner",0.478,https://diceus.com/media/diceus-joins-google-cloud-partner-advantage/,144,268,0.0,x-default,en,False,False,False
https://diceus.com/media/diceus-attended-the-cee-forum-in-vienna/,/media/diceus-attended-the-cee-forum-in-vienna/,200,,True,media_posts-sitemap.xml,2025-04-08T23:06:58+00:00,sitemap/seed,media_news,Company news,,True,17.3,True,False,https://diceus.com/media/diceus-attended-the-cee-forum-in-vienna/,True,DICEUS visited The Central & Eastern European Form in Vienna,60,1.0,Our team attended The Central & Eastern European Forum in Vienna in January 2025. Read more about the event on our media page.,126,1.0,DICEUS attended the CEE Forum in Vienna,1,1.0,0.0,346,BreadcrumbList;EntryPoint;ImageObject;ListItem;Organization;ReadAction;SearchAction;WebPage;WebSite,False,,2025-04-08T23:06:58+00:00,3.0,9,9,295,0,0,0.193,0.441,diceus attended the cee forum in vienna,0.635,https://diceus.com/media/diceus-team-were-at-cee-forum-in-vienna/,140,269,0.0,x-default,en,False,False,False
https://diceus.com/media/diceus-developed-chatbot-for-kniazha-vig-insurance-company/,/media/diceus-developed-chatbot-for-kniazha-vig-insurance-company/,200,,True,media_posts-sitemap.xml,2025-04-08T23:58:30+00:00,sitemap/seed,media_news,Company news,,True,19.3,True,False,https://diceus.com/media/diceus-developed-chatbot-for-kniazha-vig-insurance-company/,True,DICEUS Developed a Chatbot for Kniazha VIG,42,1.0,"DICEUS developed a chatbot for the insurance company Kniazha VIG. The chatbot is available on Telegram, Viber, and WhatsApp.",124,1.0,DICEUS developed a chatbot for Kniazha Vienna Insurance Group,1,1.0,0.0,569,BreadcrumbList;EntryPoint;ImageObject;ListItem;Organization;ReadAction;SearchAction;WebPage;WebSite,False,,2025-04-08T23:58:30+00:00,2.0,11,11,296,0,0,0.195,0.498,diceus developed a chatbot for kniazha vienna insurance grou,0.425,https://diceus.com/media/business-review-in-diceus-vienna-office/,128,271,0.0,x-default,en,False,False,False
https://diceus.com/media/diceus-visited-customers-in-amman-jordan/,/media/diceus-visited-customers-in-amman-jordan/,200,,True,media_posts-sitemap.xml,2025-04-09T00:24:31+00:00,sitemap/seed,media_news,Company news,,False,4.5,True,False,https://diceus.com/media/diceus-visited-customers-in-amman-jordan/,True,DICEUS's Visit to Customers in Amman,36,1.0,"Sharing exciting news about our team's trip to Amman, Jordan. We met one of. our customers for the QBR session.",111,1.0,"DICEUS visited customers in Amman, Jordan",1,1.0,0.0,446,BreadcrumbList;EntryPoint;ImageObject;ListItem;Organization;ReadAction;SearchAction;WebPage;WebSite,False,,2025-04-09T00:24:31+00:00,5.0,1,1,295,0,0,0.187,0.222,"diceus visited customers in amman, jordan",0.524,https://diceus.com/media/diceus-visited-the-central-bank-of-jordan/,208,273,0.0,x-default,en,False,False,False
https://diceus.com/media/diceus-visited-our-client-avelalaw-in-zurich/,/media/diceus-visited-our-client-avelalaw-in-zurich/,200,,True,media_posts-sitemap.xml,2025-04-09T00:42:49+00:00,sitemap/seed,media_news,Company news,,True,8.3,True,False,https://diceus.com/media/diceus-visited-our-client-avelalaw-in-zurich/,True,DICEUS's Visit to AvelaLaw in Zurich,36,1.0,"Good news! Recently, DICEUS Team visited one of our customers in Switzerland. Read more about AvelaLaw and our collaboration.",125,1.0,DICEUS visited our client AvelaLaw in Zurich,1,1.0,0.0,360,BreadcrumbList;EntryPoint;ImageObject;ListItem;Organization;ReadAction;SearchAction;WebPage;WebSite,False,,2025-04-09T00:42:49+00:00,2.0,30,30,295,0,0,0.214,0.812,diceus visited our client avelalaw in zurich,0.509,https://diceus.com/media/diceus-visited-avelalaw-for-qbr-session/,165,269,0.0,x-default,en,False,False,False
https://diceus.com/media/diceus-visited-swiss-insurtech-hub-summit-awards/,/media/diceus-visited-swiss-insurtech-hub-summit-awards/,200,,True,media_posts-sitemap.xml,2025-04-09T07:47:55+00:00,sitemap/seed,media_news,Company news,,True,28.9,True,False,https://diceus.com/media/diceus-visited-swiss-insurtech-hub-summit-awards/,True,DICEUS Attended Swiss InsurTech Hub Summit & Awards in Zurich,61,1.0,DICEUS CEO Illia Pinchuk visited the event organized by our partner Swiss InsurTech Hub Summit and Awards in Zurich.,116,1.0,DICEUS visited Swiss InsurTech Hub Summit and Awards 2024,1,1.0,0.0,484,BreadcrumbList;EntryPoint;ImageObject;ListItem;Organization;ReadAction;SearchAction;WebPage;WebSite,False,,2025-04-09T07:47:55+00:00,2.0,31,31,295,0,0,0.215,0.903,diceus visited swiss insurtech hub summit and awards 2024,0.482,https://diceus.com/media/diceus-insurtech-uk-christmas-pitching-session/,119,274,0.0,x-default,en,False,False,False
https://diceus.com/media/diceus-is-changing-the-logo/,/media/diceus-is-changing-the-logo/,200,,True,media_posts-sitemap.xml,2025-04-09T08:08:23+00:00,sitemap/seed,media_news,Company news,,False,3.2,True,False,https://diceus.com/media/diceus-is-changing-the-logo/,True,DICEUS Is Changing Its Logo | The Wings of Digital Evolution,60,1.0,"DICEUS is changing its digital look. Here you can read about our new logotype. And we've got a new slogan as well. It sounds ""The wings of digital evolution"".",158,1.0,DICEUS is changing the logo,1,1.0,5.0,927,BreadcrumbList;EntryPoint;ImageObject;ListItem;Organization;ReadAction;SearchAction;WebPage;WebSite,False,,2025-04-09T08:08:23+00:00,2.0,12,12,297,0,0,0.201,0.304,diceus is changing the logo,0.326,https://diceus.com/media/diceus-team-visited-cern/,120,280,0.0,x-default,en,False,False,False
https://diceus.com/media/diceus-ceo-attended-wtw-airport-conference/,/media/diceus-ceo-attended-wtw-airport-conference/,200,,True,media_posts-sitemap.xml,2025-04-09T08:24:40+00:00,sitemap/seed,media_news,Company news,,True,18.3,True,False,https://diceus.com/media/diceus-ceo-attended-wtw-airport-conference/,True,DICEUS CEO Visited WTW Airport Conference and Lloyd's,53,1.0,DICEUS CEO Illia Pinchuk was lucky to visit the WTW Airport Conference and Lloyd's building in London in November 2023.,119,1.0,DICEUS CEO attended the WTW Airport Conference and visited the Lloyd’s building,1,1.0,0.0,491,BreadcrumbList;EntryPoint;ImageObject;ListItem;Organization;ReadAction;SearchAction;WebPage;WebSite,False,,2025-04-09T08:24:40+00:00,2.0,34,34,295,0,0,0.217,0.915,diceus ceo attended the wtw airport conference and visited t,0.451,https://diceus.com/media/diceus-visited-event-insurtech-uk-deloitte/,86,276,0.0,x-default,en,False,False,False
https://diceus.com/media/diceus-team-visited-cern/,/media/diceus-team-visited-cern/,200,,True,media_posts-sitemap.xml,2025-04-09T08:30:07+00:00,sitemap/seed,media_news,Company news,,True,9.7,True,False,https://diceus.com/media/diceus-team-visited-cern/,True,DICEUS Visited CERN in Switzerland,34,1.0,Sharing good news! DICEUS Team visited the European Organization for Nuclear Research CERN in Switzerland.,106,1.0,"DICEUS Team visited CERN, the European Organization for Nuclear Research",1,1.0,0.0,413,BreadcrumbList;EntryPoint;ImageObject;ListItem;Organization;ReadAction;SearchAction;WebPage;WebSite,False,,2025-04-09T08:30:07+00:00,2.0,24,24,295,0,0,0.21,0.614,"diceus team visited cern, the european organization for nucl",0.557,https://diceus.com/media/diceuss-head-of-growth-visited-diceus-nordics/,142,274,0.0,x-default,en,False,False,False
https://diceus.com/media/diceus-nordics-visited-clients-in-the-faroe-islands/,/media/diceus-nordics-visited-clients-in-the-faroe-islands/,200,,True,media_posts-sitemap.xml,2025-04-09T08:43:31+00:00,sitemap/seed,media_news,Company news,,False,5.5,True,False,https://diceus.com/media/diceus-nordics-visited-clients-in-the-faroe-islands/,True,DICEUS Nordics Visited Customers in the Faroe Islands,53,1.0,Happy to share that DICEUS Nordics Team visited our clients in the Faroe Islands to discuss potential cooperation.,114,1.0,DICEUS Nordics visited clients in the Faroe Islands,1,1.0,0.0,547,BreadcrumbList;EntryPoint;ImageObject;ListItem;Organization;ReadAction;SearchAction;WebPage;WebSite,False,,2025-04-09T08:43:31+00:00,2.0,30,30,295,0,0,0.214,0.776,diceus nordics visited clients in the faroe islands,0.559,https://diceus.com/media/diceuss-head-of-growth-visited-diceus-nordics/,134,275,0.0,x-default,en,False,False,False
https://diceus.com/media/diceuss-head-of-growth-visited-diceus-nordics/,/media/diceuss-head-of-growth-visited-diceus-nordics/,200,,True,media_posts-sitemap.xml,2025-04-09T08:48:15+00:00,sitemap/seed,media_news,Company news,,True,9.5,True,False,https://diceus.com/media/diceuss-head-of-growth-visited-diceus-nordics/,True,DICEUS Head of Growth Visited DICEUS Nordics Office,51,1.0,"DICEUS Head of Growth Dmytro Kazymir visited our office in Copenhagen. There, he met his colleagues and communicated with potential clients.",140,1.0,DICEUS’s Head of Growth visited DICEUS Nordics,1,1.0,0.0,419,BreadcrumbList;EntryPoint;ImageObject;ListItem;Organization;ReadAction;SearchAction;WebPage;WebSite,False,,2025-04-09T08:48:15+00:00,2.0,43,43,295,0,0,0.223,1.057,diceus's head of growth visited diceus nordics,0.559,https://diceus.com/media/diceus-nordics-visited-clients-in-the-faroe-islands/,110,275,0.0,x-default,en,False,False,False
https://diceus.com/media/diceus-visited-avelalaw-for-qbr-session/,/media/diceus-visited-avelalaw-for-qbr-session/,200,,True,media_posts-sitemap.xml,2025-04-09T08:57:22+00:00,sitemap/seed,media_news,Company news,,True,12.9,True,False,https://diceus.com/media/diceus-visited-avelalaw-for-qbr-session/,True,DICEUS visited AvelaLaw in Zurich for QBR session,49,1.0,DICEUS Team visited our Swiss customer AvelaLaw in Zurich for QBR session. Learn more news on our media page.,109,1.0,DICEUS visited our Swiss client AvelaLaw in Zurich for QBR session,1,1.0,0.0,464,BreadcrumbList;EntryPoint;ImageObject;ListItem;Organization;ReadAction;SearchAction;WebPage;WebSite,False,,2025-04-09T08:57:22+00:00,2.0,21,21,295,0,0,0.208,0.642,diceus visited our swiss client avelalaw in zurich for qbr s,0.509,https://diceus.com/media/diceus-visited-our-client-avelalaw-in-zurich/,110,277,0.0,x-default,en,False,False,False
https://diceus.com/media/diceus-at-insurtech-uk-agm/,/media/diceus-at-insurtech-uk-agm/,200,,True,media_posts-sitemap.xml,2025-04-09T09:21:12+00:00,sitemap/seed,media_news,Company news,,True,38.5,True,False,https://diceus.com/media/diceus-at-insurtech-uk-agm/,True,DICEUS Attended Insurtech UK AGM 2024 in London,47,1.0,DICEUS Head of Growth attended Insurtech UK Annual General Meeting and was happy to communicate with members of Insurtech UK.,125,1.0,DICEUS visited Insurtech UK AGM in London,1,1.0,0.0,416,BreadcrumbList;EntryPoint;ImageObject;ListItem;Organization;ReadAction;SearchAction;WebPage;WebSite,False,,2025-04-09T09:21:12+00:00,2.0,19,19,295,0,0,0.206,0.577,diceus visited insurtech uk agm in london,0.616,https://diceus.com/media/diceus-head-of-growth-visited-insurtech-events/,93,274,0.0,x-default,en,False,False,False
https://diceus.com/media/diceus-attended-the-fadata-community-forum/,/media/diceus-attended-the-fadata-community-forum/,200,,True,media_posts-sitemap.xml,2025-04-09T09:31:11+00:00,sitemap/seed,media_news,Company news,,True,16.2,True,False,https://diceus.com/media/diceus-attended-the-fadata-community-forum/,True,DICEUS Team at the Fadata Community Forum 2023,46,1.0,Share great news about the DICEUS's participation in the Fadata Community Forum 2023 in Madrid. Read the post for more details.,127,1.0,DICEUS attended the Fadata Community Forum,1,1.0,0.0,431,BreadcrumbList;EntryPoint;ImageObject;ListItem;Organization;ReadAction;SearchAction;WebPage;WebSite,False,,2025-04-09T09:31:11+00:00,5.0,1,1,295,0,0,0.187,0.222,diceus attended the fadata community forum,0.52,https://diceus.com/media/diceus-attended-the-cee-forum-in-vienna/,105,275,0.0,x-default,en,False,False,False
https://diceus.com/media/diceus-at-ibc-2024/,/media/diceus-at-ibc-2024/,200,,True,media_posts-sitemap.xml,2025-04-11T12:53:13+00:00,sitemap/seed,media_news,Company news,,True,8.9,True,False,https://diceus.com/media/diceus-at-ibc-2024/,True,DICEUS Head of Growth Visited IBC 2024 in Amsterdam,51,1.0,DICEUS at IBC 2024: DICEUS Head of Growth Dmytro Kazymir discovered innovations in broadcasting and technology during the International Broadcasting Convention.,160,1.0,DICEUS at IBC 2024: Exploring innovations in broadcasting and technology,1,1.0,0.0,451,BreadcrumbList;EntryPoint;ImageObject;ListItem;Organization;ReadAction;SearchAction;WebPage;WebSite,False,,2025-04-11T12:53:13+00:00,3.0,7,7,295,0,0,0.192,0.405,diceus at ibc 2024: exploring innovations in broadcasting an,0.495,https://diceus.com/media/manifest-names-diceus-wroclaws-most-reviewed-cloud-consulting-company/,192,282,0.0,x-default,en,False,False,False
https://diceus.com/media/diceus-partnered-with-blink-payment/,/media/diceus-partnered-with-blink-payment/,200,,True,media_posts-sitemap.xml,2025-05-22T13:42:23+00:00,sitemap/seed,media_news,Company news,,True,22.8,True,False,https://diceus.com/media/diceus-partnered-with-blink-payment/,True,DICEUS Partnership with Blink Payment,37,1.0,DICEUS partnered with Blink Payment to integrate it with its AI-powered chatbot for insurance companies. Read the news to learn more.,133,1.0,DICEUS partnered with Blink Payment,1,1.0,0.0,394,BreadcrumbList;EntryPoint;ImageObject;ListItem;Organization;ReadAction;SearchAction;WebPage;WebSite,False,,2025-05-22T13:42:23+00:00,2.0,14,14,295,0,0,0.251,0.444,"diceus partnered with blink payment, about the partnership, blink payment",0.468,https://diceus.com/media/diceus-team-visited-cern/,149,267,0.0,x-default,en,False,False,False
https://diceus.com/media/diceus-recognized-by-microsoft-founders-hub/,/media/diceus-recognized-by-microsoft-founders-hub/,200,,True,media_posts-sitemap.xml,2025-06-26T14:00:48+00:00,sitemap/seed,media_news,Company news,,True,10.7,True,False,https://diceus.com/media/diceus-recognized-by-microsoft-founders-hub/,True,DICEUS Recognized by Microsoft Founders Hub,43,1.0,DICEUS has been officially recognized by Microsoft and accepted into the Microsoft Startups Founders Hub.,105,1.0,DICEUS has been recognized by Microsoft and accepted into the Founders Hub,1,1.0,0.0,563,BreadcrumbList;EntryPoint;ImageObject;ListItem;Organization;ReadAction;SearchAction;WebPage;WebSite,False,,2025-06-26T14:00:48+00:00,2.0,20,20,295,0,0,0.233,0.53,"diceus has been recognized by microsoft and accepted into th, microsoft founders hub, microsoft",0.362,https://diceus.com/media/diceus-has-been-recognized-by-atlassian-and-accepted-into-the-atlassian-program/,124,269,0.0,x-default,en,False,False,False
https://diceus.com/media/vela-mvp-released-for-avelalaw/,/media/vela-mvp-released-for-avelalaw/,200,,True,media_posts-sitemap.xml,2025-08-06T13:25:47+00:00,sitemap/seed,media_news,Company news,,False,6.8,True,False,https://diceus.com/media/vela-mvp-released-for-avelalaw/,True,VELA 2.0 MVP released for our client AvelaLaw,45,1.0,VELA 2.0 MVP released for our client AvelaLaw and presented to the client by our Business Analyst Khrystyna Kantor and PM Nataliia Zazymko. ,140,1.0,VELA 2.0 MVP released for our client AvelaLaw: Key milestone achieved,1,1.0,0.0,294,BreadcrumbList;EntryPoint;ImageObject;ListItem;Organization;ReadAction;SearchAction;WebPage;WebSite,False,,2025-08-06T13:25:47+00:00,2.0,14,14,291,0,0,0.203,0.399,vela 2.0 mvp released for our client avelalaw: key milestone,0.501,https://diceus.com/media/diceus-visited-avelalaw-for-qbr-session/,88,264,0.0,x-default,en,False,False,False
https://diceus.com/media/diceus-visited-event-insurtech-uk-deloitte/,/media/diceus-visited-event-insurtech-uk-deloitte/,200,,True,media_posts-sitemap.xml,2025-08-07T11:04:41+00:00,sitemap/seed,media_news,Company news,,True,33.9,True,False,https://diceus.com/media/diceus-visited-event-insurtech-uk-deloitte/,True,DICEUS attended a discussion session organized by Insurtech UK,62,1.0,Our Head of Growth Dmytro Kazymir attended a discussion session organized by Insurtech UK and Deloitte in London. Learn more.,125,1.0,DICEUS visited an event organized by Insurtech UK and Deloitte,1,1.0,0.0,442,BreadcrumbList;EntryPoint;ImageObject;ListItem;Organization;ReadAction;SearchAction;WebPage;WebSite,False,,2025-08-07T11:04:41+00:00,2.0,15,15,296,0,0,0.203,0.485,diceus visited an event organized by insurtech uk and deloit,0.59,https://diceus.com/media/diceus-head-of-growth-visited-insurtech-events/,113,275,0.0,x-default,en,False,False,False
https://diceus.com/media/diceus-introduced-its-software-to-swiss-re/,/media/diceus-introduced-its-software-to-swiss-re/,200,,True,media_posts-sitemap.xml,2025-10-07T10:58:22+00:00,sitemap/seed,media_news,Company news,,True,31.5,True,False,https://diceus.com/media/diceus-introduced-its-software-to-swiss-re/,True,DICEUS Presented Its Insurance Software to Swiss Re,51,1.0,DICEUS introduced its Insurer-Reinsurer data exchange platform to Swiss Re at their office in London. Learn more.,113,1.0,DICEUS introduced its software products to Swiss Re,1,1.0,0.0,381,BreadcrumbList;EntryPoint;ImageObject;ListItem;Organization;ReadAction;SearchAction;WebPage;WebSite,False,,2025-10-07T10:58:22+00:00,3.0,9,9,297,0,0,0.194,0.455,diceus introduced its software products to swiss re,0.497,https://diceus.com/media/diceus-at-italian-insurtech-roadshow/,92,269,0.0,x-default,en,False,False,False
https://diceus.com/media/business-review-in-diceus-vienna-office/,/media/business-review-in-diceus-vienna-office/,200,,True,media_posts-sitemap.xml,2025-10-07T21:52:19+00:00,sitemap/seed,media_news,Company news,,True,8.8,True,False,https://diceus.com/media/business-review-in-diceus-vienna-office/,True,Quarterly Business Review at DICEUS's Office in Vienna,54,1.0,DICEUS's client from the banking industry visited our office in Vienna for quarterly business review.,101,1.0,Business review in DICEUS Vienna office,1,1.0,0.0,342,BreadcrumbList;EntryPoint;ImageObject;ListItem;Organization;ReadAction;SearchAction;WebPage;WebSite,False,,2025-10-07T21:52:19+00:00,3.0,10,10,295,0,0,0.194,0.413,business review in diceus vienna office,0.544,https://diceus.com/media/diceus-attended-the-cee-forum-in-vienna/,76,271,0.0,x-default,en,False,False,False
https://diceus.com/media/manifest-diceus-most-reviewed-it-services-provider-kyiv/,/media/manifest-diceus-most-reviewed-it-services-provider-kyiv/,200,,True,media_posts-sitemap.xml,2025-11-13T08:27:44+00:00,sitemap/seed,media_news,Company news,,False,5.3,True,False,https://diceus.com/media/manifest-diceus-most-reviewed-it-services-provider-kyiv/,True,DICEUS is Most Reviewed IT Services Provider in Kyiv by Manifest,64,1.0,"The Manifest featured DICEUS as one of the Most Reviewed IT Services Providers in Kyiv, Ukraine. Stay tuned for more news!",122,1.0,The Manifest hails DICEUS as one of the Most Reviewed IT Services Providers in Kyiv,1,1.0,0.0,561,BreadcrumbList;EntryPoint;ImageObject;ListItem;Organization;ReadAction;SearchAction;WebPage;WebSite,False,,2025-11-13T08:27:44+00:00,2.0,2,2,297,0,0,0.201,0.234,"the manifest awards, the manifest hails diceus as one of the most reviewed it ser",0.418,https://diceus.com/media/diceus-top-mobile-app-development-company-poland-techbehemoths/,123,270,0.0,x-default,en,False,False,False
https://diceus.com/media/diceus-top-mobile-app-development-company-poland-techbehemoths/,/media/diceus-top-mobile-app-development-company-poland-techbehemoths/,200,,True,media_posts-sitemap.xml,2025-12-03T13:51:52+00:00,sitemap/seed,media_news,Company news,,False,5.4,True,False,https://diceus.com/media/diceus-top-mobile-app-development-company-poland-techbehemoths/,True,DICEUS is a Top Mobile App Development Company in Poland,56,1.0,DICEUS is featured in the list of Top Mobile App Development Companies in Poland by TechBehemoths. Learn more.,110,1.0,DICEUS is a Top Mobile App Development Company in Poland: Award by TechBehemoths,1,1.0,0.0,552,BreadcrumbList;EntryPoint;ImageObject;ListItem;Organization;ReadAction;SearchAction;WebPage;WebSite,False,,2025-12-03T13:51:52+00:00,2.0,4,4,298,0,0,0.202,0.26,"techbehemoths awards 2022, 10 top mobile app development company in poland, check out",0.469,https://diceus.com/media/techbehemoths-featured-diceus-as-a-top-web-development-company-in-poland/,146,271,0.0,x-default,en,False,False,False
https://diceus.com/media/techbehemoths-featured-diceus-as-a-top-web-development-company-in-poland/,/media/techbehemoths-featured-diceus-as-a-top-web-development-company-in-poland/,200,,True,media_posts-sitemap.xml,2025-12-04T09:48:54+00:00,sitemap/seed,media_news,Company news,,False,5.9,True,False,https://diceus.com/media/techbehemoths-featured-diceus-as-a-top-web-development-company-in-poland/,True,Tech Behemoths Awarded DICEUS - Top Web Developer,49,1.0,Tech Behemoths featured DICEUS as one of the Top Web Development Companies in Poland. Check the post for more details.,118,1.0,TechBehemoths featured DICEUS as a Top Web Development Company in Poland,1,1.0,0.0,511,BreadcrumbList;EntryPoint;ImageObject;ListItem;Organization;ReadAction;SearchAction;WebPage;WebSite,False,,2025-12-04T09:48:54+00:00,2.0,2,2,299,0,0,0.201,0.234,"techbehemoths awards 2022, techbehemoths featured diceus as a top web development compa",0.469,https://diceus.com/media/diceus-top-mobile-app-development-company-poland-techbehemoths/,128,269,0.0,x-default,en,False,False,False
https://diceus.com/media/diceus-team-were-at-cee-forum-in-vienna/,/media/diceus-team-were-at-cee-forum-in-vienna/,200,,True,media_posts-sitemap.xml,2026-01-19T08:48:50+00:00,sitemap/seed,media_news,Company news,,True,23.6,True,False,https://diceus.com/media/diceus-team-were-at-cee-forum-in-vienna/,True,DICEUS CEO and Head of Insurtech Solutions at CEE Forum,55,1.0,DICEUS Team visited the CEE Forum in Vienna recently. It is one of the main regional events for insurance and banking leaders across Europe. ,141,1.0,DICEUS team attended the CEE Forum in Vienna,1,1.0,0.0,466,BreadcrumbList;EntryPoint;ImageObject;ListItem;Organization;ReadAction;SearchAction;WebPage;WebSite,False,,2026-01-19T08:48:50+00:00,3.0,10,10,296,0,0,0.194,0.485,diceus team attended the cee forum in vienna,0.635,https://diceus.com/media/diceus-attended-the-cee-forum-in-vienna/,117,271,0.0,x-default,en,False,False,False
https://diceus.com/media/diceus-at-embedded-insurance-symposium-in-zurich/,/media/diceus-at-embedded-insurance-symposium-in-zurich/,200,,True,media_posts-sitemap.xml,2026-01-26T14:36:36+00:00,sitemap/seed,media_news,Company news,,True,34.6,True,False,https://diceus.com/media/diceus-at-embedded-insurance-symposium-in-zurich/,True,DICEUS Team at Embedded Insurance Symposium in Zurich,53,1.0,"The DICEUS Team attended a one-day symposium “Embedded Insurance: Ecosystems, Innovation and Growth” hosted at ETH Zurich in Zurich.",132,1.0,DICEUS at Embedded Insurance Symposium in Zurich,1,1.0,0.0,492,BreadcrumbList;EntryPoint;ImageObject;ListItem;Organization;ReadAction;SearchAction;WebPage;WebSite,False,,2026-01-26T14:36:36+00:00,2.0,5,5,295,0,0,0.191,0.372,diceus at embedded insurance symposium in zurich,0.48,https://diceus.com/media/diceus-attended-risk-n-conference-in-zurich/,100,270,0.0,x-default,en,False,False,False
https://diceus.com/media/diceus-ceo-illia-pinchuk-pitched-at-itc-london-2026/,/media/diceus-ceo-illia-pinchuk-pitched-at-itc-london-2026/,200,,True,media_posts-sitemap.xml,2026-02-04T09:41:52+00:00,sitemap/seed,media_news,Company news,,True,27.2,True,False,https://diceus.com/media/diceus-ceo-illia-pinchuk-pitched-at-itc-london-2026/,True,DICEUS CEO Illia Pinchuk Delivered a Pitch at ITC London 2026,61,1.0,DICEUS CEO Illia Pinchuk gave a pitch at ITC London 2026. The key idea of the pitch was the importance of modernizing policy administration systems.,148,1.0,DICEUS CEO Illia Pinchuk pitched at ITC London 2026,1,1.0,0.0,515,BreadcrumbList;EntryPoint;ImageObject;ListItem;Organization;ReadAction;SearchAction;WebPage;WebSite,False,,2026-02-04T09:41:52+00:00,1.0,18,18,295,0,0,0.218,0.634,diceus ceo illia pinchuk pitched at itc london 2026,0.454,https://diceus.com/media/diceus-at-itc-london-2025/,168,277,4.0,x-default,en,False,False,False
https://diceus.com/media/diceus-visited-the-central-bank-of-jordan/,/media/diceus-visited-the-central-bank-of-jordan/,200,,True,media_posts-sitemap.xml,2026-02-12T12:53:05+00:00,sitemap/seed,media_news,Company news,,False,8.0,True,False,https://diceus.com/media/diceus-visited-the-central-bank-of-jordan/,True,DICEUS Team Visited the Central Bank of Jordan (CBJ),52,1.0,DICEUS representatives Ramzi Haddad and Diana Haddad visited the Central Bank of Jordan (CBJ) to discuss cooperation.,117,1.0,DICEUS visited the Central Bank of Jordan,1,1.0,0.0,376,BreadcrumbList;EntryPoint;ImageObject;ListItem;Organization;ReadAction;SearchAction;WebPage;WebSite,False,,2026-02-12T12:53:05+00:00,3.0,2,2,295,0,0,0.188,0.237,diceus visited the central bank of jordan,0.543,https://diceus.com/media/diceus-team-visited-cern/,144,270,1.0,x-default,en,False,False,False
https://diceus.com/media/super-app-global-insurtech-awards/,/media/super-app-global-insurtech-awards/,200,,True,media_posts-sitemap.xml,2026-02-19T12:23:53+00:00,sitemap/seed,media_news,Company news,customer_portal_cx,True,29.6,True,False,https://diceus.com/media/super-app-global-insurtech-awards/,True,Super App - Best Customer Engagement Software,45,1.0,Super App by DICEUS commended as one of the best customer engagement software at Global Insurtech Awards 2025.,110,1.0,Super App recognized as one of the Best Customer Engagement Software,1,1.0,0.0,473,BreadcrumbList;EntryPoint;ImageObject;ListItem;Organization;ReadAction;SearchAction;WebPage;WebSite,False,,2026-02-19T12:23:53+00:00,2.0,26,26,297,0,0,0.224,0.599,"super app recognized as one of the best customer engagement , global insurtech awards 2025",0.369,https://diceus.com/media/diceus-dwh-insurance-fintech-breakthrough-award-winners/,118,268,0.0,x-default,en,False,False,False
https://diceus.com/media/diceus-chatbot-in-fadata-ecosystem/,/media/diceus-chatbot-in-fadata-ecosystem/,200,,True,media_posts-sitemap.xml,2026-03-05T14:02:41+00:00,sitemap/seed,media_news,Company news,,True,25.2,True,False,https://diceus.com/media/diceus-chatbot-in-fadata-ecosystem/,True,DICEUS Chatbot for Insurers Is Available in Fadata Ecosystem,60,1.0,Happy to inform that DICEUS powerful Chatbot developed exclusively for insurance carriers is now available in Fadata Ecosystem. ,128,1.0,DICEUS powerful chatbot for carriers is now available through Fadata Ecosystem,1,1.0,2.0,954,BreadcrumbList;EntryPoint;ImageObject;ListItem;Organization;ReadAction;SearchAction;WebPage;WebSite,False,,2026-03-05T14:02:41+00:00,2.0,17,17,299,0,0,0.205,0.465,diceus powerful chatbot for carriers is now available throug,0.35,https://diceus.com/media/vitaminise-chatbot-integrated-customer-engagement-platform/,169,273,0.0,x-default,en,False,False,False
https://diceus.com/media/diceus-attended-insurance-innovators-fraud-claims/,/media/diceus-attended-insurance-innovators-fraud-claims/,200,,True,media_posts-sitemap.xml,2026-03-05T14:03:27+00:00,sitemap/seed,media_news,Company news,claims;fraud,True,45.7,True,False,https://diceus.com/media/diceus-attended-insurance-innovators-fraud-claims/,True,DICEUS Team attended Insurance Innovators Fraud & Claims,56,1.0,"DICEUS attended the ""Insurance Innovators Fraud & Claims"" event in London on February 27, 2024. Read the news for more information.",131,1.0,DICEUS Team attended the “Insurance Innovators Fraud & Claims” event in London,1,1.0,0.0,460,BreadcrumbList;EntryPoint;ImageObject;ListItem;Organization;ReadAction;SearchAction;WebPage;WebSite,False,,2026-03-05T14:03:27+00:00,2.0,16,16,295,0,0,0.198,0.701,"diceus team attended the ""insurance innovators fraud & claim",0.506,https://diceus.com/media/diceus-attended-insurance-innovators-summit/,108,275,0.0,x-default,en,False,False,False
https://diceus.com/media/diceus-visited-insurtech-insights-in-london/,/media/diceus-visited-insurtech-insights-in-london/,200,,True,media_posts-sitemap.xml,2026-03-05T14:04:05+00:00,sitemap/seed,media_news,Company news,,True,36.1,True,False,https://diceus.com/media/diceus-visited-insurtech-insights-in-london/,True,DICEUS visited InsurTech Insights Conference in London,54,1.0,DICEUS attended the Europe's largest insurtech conference Insurtech Insights held in London on March 20-21. Learn more in the post.,131,1.0,DICEUS visited InsurTech Insights in London,1,1.0,0.0,471,BreadcrumbList;EntryPoint;ImageObject;ListItem;Organization;ReadAction;SearchAction;WebPage;WebSite,False,,2026-03-05T14:04:05+00:00,3.0,17,17,295,0,0,0.199,0.787,diceus visited insurtech insights in london,0.47,https://diceus.com/media/diceus-visited-google-cloud-summit-london/,129,280,0.0,x-default,en,False,False,False
https://diceus.com/media/diceus-becomes-member-of-swiss-insurtech-hub/,/media/diceus-becomes-member-of-swiss-insurtech-hub/,200,,True,media_posts-sitemap.xml,2026-03-05T14:05:24+00:00,sitemap/seed,media_news,Company news,,True,44.1,True,False,https://diceus.com/media/diceus-becomes-member-of-swiss-insurtech-hub/,True,DICEUS Became a Member of the Swiss InsurTech Hub,49,1.0,"DICEUS has established a partnership with the Swiss InsurTech Hub, a non-profit association promoting the digitization of insurance.   ",135,1.0,DICEUS becomes a member of the Swiss InsurTech Hub,1,1.0,2.0,567,BreadcrumbList;EntryPoint;ImageObject;ListItem;Organization;ReadAction;SearchAction;WebPage;WebSite,False,,2026-03-05T14:05:24+00:00,2.0,22,22,295,0,0,0.257,0.726,"diceus becomes a member of the swiss insurtech hub, about the partnership, swiss insurtech hub",0.412,https://diceus.com/media/diceus-joined-insurtech-uk-as-an-associate-member/,148,269,0.0,x-default,en,False,False,False
https://diceus.com/media/diceus-joined-insurtech-uk-as-an-associate-member/,/media/diceus-joined-insurtech-uk-as-an-associate-member/,200,,True,media_posts-sitemap.xml,2026-03-05T14:06:24+00:00,sitemap/seed,media_news,Company news,,True,60.9,True,False,https://diceus.com/media/diceus-joined-insurtech-uk-as-an-associate-member/,True,DICEUS Became an Associate Member of Insurtech UK,49,1.0,DICEUS joined Insurtech UK to offer its Vitaminise products that automate key insurance processes and improve customer experience.,130,1.0,DICEUS joined Insurtech UK as an Associate Member,1,1.0,2.0,575,BreadcrumbList;EntryPoint;ImageObject;ListItem;Organization;ReadAction;SearchAction;WebPage;WebSite,False,,2026-03-05T14:06:24+00:00,2.0,19,19,295,0,0,0.255,0.598,"diceus joined insurtech uk as an associate member, about the partnership, insurtech uk",0.412,https://diceus.com/media/diceus-becomes-member-of-swiss-insurtech-hub/,101,269,0.0,x-default,en,False,False,False
https://diceus.com/media/diceus-established-partnership-with-claim-technology/,/media/diceus-established-partnership-with-claim-technology/,200,,True,media_posts-sitemap.xml,2026-03-05T14:07:36+00:00,sitemap/seed,media_news,Company news,claims,True,45.1,True,False,https://diceus.com/media/diceus-established-partnership-with-claim-technology/,True,DICEUS Established a Partnership with Claim Technology,54,1.0,Learn more about our partnership with Claim Technology and the first Vitaminise digital product that will be integrated.,120,1.0,DICEUS starts its partnership journey with Claim Technology,1,1.0,2.0,577,BreadcrumbList;EntryPoint;ImageObject;ListItem;Organization;ReadAction;SearchAction;WebPage;WebSite,False,,2026-03-05T14:07:36+00:00,2.0,22,22,295,0,0,0.257,0.69,"diceus starts its partnership journey with claim technology, about the partnership, claim technology",0.31,https://diceus.com/media/diceus-introduced-its-software-to-swiss-re/,155,269,0.0,x-default,en,False,False,False
https://diceus.com/media/diceus-visited-itc-dia-europe-in-amsterdam/,/media/diceus-visited-itc-dia-europe-in-amsterdam/,200,,True,media_posts-sitemap.xml,2026-03-05T14:09:31+00:00,sitemap/seed,media_news,Company news,,True,30.7,True,False,https://diceus.com/media/diceus-visited-itc-dia-europe-in-amsterdam/,True,DICEUS Attended ITC DIA Europe in Amsterdam,43,1.0,The DICEUS Team have visited Europe's thought-leading insurance and insurtech event ITC DIA in Amsterdam. Learn more.,117,1.0,DICEUS visited ITC DIA Europe in Amsterdam,1,1.0,0.0,423,BreadcrumbList;EntryPoint;ImageObject;ListItem;Organization;ReadAction;SearchAction;WebPage;WebSite,False,,2026-03-05T14:09:31+00:00,2.0,4,4,296,0,0,0.19,0.337,diceus visited itc dia europe in amsterdam,0.436,https://diceus.com/media/diceus-at-itc-london-2025/,87,278,0.0,x-default,en,False,False,False
https://diceus.com/media/vitaminise-chatbot-by-diceus-integrated-with-mindee/,/media/vitaminise-chatbot-by-diceus-integrated-with-mindee/,200,,True,media_posts-sitemap.xml,2026-03-05T14:10:53+00:00,sitemap/seed,media_news,Company news,,True,21.3,True,False,https://diceus.com/media/vitaminise-chatbot-by-diceus-integrated-with-mindee/,True,DICEUS Chatbot Was Integrated with Mindee | DICEUS,50,1.0,Good News! Now data in DICEUS Chatbot is extracted in a flash thanks to integration with OCR API Mindee.,104,1.0,DICEUS Chatbot developed by DICEUS was integrated with Mindee,1,1.0,0.0,423,BreadcrumbList;EntryPoint;ImageObject;ListItem;Organization;ReadAction;SearchAction;WebPage;WebSite,False,,2026-03-05T14:10:53+00:00,3.0,21,21,296,0,0,0.202,0.638,diceus chatbot developed by diceus was integrated with minde,0.501,https://diceus.com/media/vitaminise-chatbot-integrated-customer-engagement-platform/,154,268,0.0,x-default,en,False,False,False
https://diceus.com/media/diceus-attended-global-connect-2024/,/media/diceus-attended-global-connect-2024/,200,,True,media_posts-sitemap.xml,2026-03-05T14:12:11+00:00,sitemap/seed,media_news,Company news,,True,28.7,True,False,https://diceus.com/media/diceus-attended-global-connect-2024/,True,DICEUS Team Visited Global Connect 2024,39,1.0,DICEUS visited Global Connect 2024 in Zurich. Read the post for more details about the events and our innovative solutions for insurance.,137,1.0,DICEUS attended Global Connect 2024,1,1.0,2.0,593,BreadcrumbList;EntryPoint;ImageObject;ListItem;Organization;ReadAction;SearchAction;WebPage;WebSite,False,,2026-03-05T14:12:11+00:00,3.0,5,5,296,0,0,0.19,0.309,diceus attended global connect 2024,0.417,https://diceus.com/media/diceus-attended-banking-and-insurance-forum-in-warsaw/,134,279,0.0,x-default,en,False,False,False
https://diceus.com/media/vitaminise-chatbot-integrated-customer-engagement-platform/,/media/vitaminise-chatbot-integrated-customer-engagement-platform/,200,,True,media_posts-sitemap.xml,2026-03-05T14:14:10+00:00,sitemap/seed,media_news,Company news,,True,21.5,True,False,https://diceus.com/media/vitaminise-chatbot-integrated-customer-engagement-platform/,True,DICEUS Chatbot Integrated With Customer Engagement Platform,59,1.0,"DICEUS Chatbot was integrated with a customer engagement platform, allowing insurance company operators to join the chat between a bot and a customer. ",151,1.0,"Chatbot, developed by DICEUS, was integrated with a customer engagement platform",1,1.0,0.0,419,BreadcrumbList;EntryPoint;ImageObject;ListItem;Organization;ReadAction;SearchAction;WebPage;WebSite,False,,2026-03-05T14:14:10+00:00,3.0,6,6,296,0,0,0.191,0.378,"chatbot, developed by diceus, was integrated with a customer",0.618,https://diceus.com/media/vitaminise-chatbot-launches-autopilot-feature/,147,268,0.0,x-default,en,False,False,False
https://diceus.com/media/diceus-at-italian-insurtech-roadshow/,/media/diceus-at-italian-insurtech-roadshow/,200,,True,media_posts-sitemap.xml,2026-03-05T14:16:10+00:00,sitemap/seed,media_news,Company news,,True,37.5,True,False,https://diceus.com/media/diceus-at-italian-insurtech-roadshow/,True,DICEUS at Italian Insurtech Roadshow in Milan,45,1.0,The DICEUS Team participated in the Italian Insurtech Roadshow in Milan and introduced there its software products for insurance.,129,1.0,DICEUS presented its software products during Italian Insurtech Roadshow in Milan,1,1.0,0.0,506,BreadcrumbList;EntryPoint;ImageObject;ListItem;Organization;ReadAction;SearchAction;WebPage;WebSite,False,,2026-03-05T14:16:10+00:00,3.0,12,12,295,0,0,0.196,0.499,diceus presented its software products during italian insurt,0.497,https://diceus.com/media/diceus-introduced-its-software-to-swiss-re/,132,279,0.0,x-default,en,False,False,False
https://diceus.com/media/diceus-attended-insurtech-uk-partnership-day/,/media/diceus-attended-insurtech-uk-partnership-day/,200,,True,media_posts-sitemap.xml,2026-03-05T14:20:05+00:00,sitemap/seed,media_news,Company news,,True,36.9,True,False,https://diceus.com/media/diceus-attended-insurtech-uk-partnership-day/,True,DICEUS Visited Insurtech UK Partnership Day in London,53,1.0,"Recently, our team visited Insurtech UK Partnership Day in London to listen to industry leaders' pitches and present our digital products for insurance.",152,1.0,DICEUS attended Insurtech UK Partnership Day,1,1.0,0.0,461,BreadcrumbList;EntryPoint;ImageObject;ListItem;Organization;ReadAction;SearchAction;WebPage;WebSite,False,,2026-03-05T14:20:05+00:00,2.0,17,17,296,0,0,0.205,0.471,diceus attended insurtech uk partnership day,0.389,https://diceus.com/media/diceus-attended-insurtech-insights-europe/,136,269,0.0,x-default,en,False,False,False
https://diceus.com/media/vitaminise-chatbot-launches-autopilot-feature/,/media/vitaminise-chatbot-launches-autopilot-feature/,200,,True,media_posts-sitemap.xml,2026-03-05T14:22:10+00:00,sitemap/seed,media_news,Company news,,True,20.9,True,False,https://diceus.com/media/vitaminise-chatbot-launches-autopilot-feature/,True,New Autopilot Feature in DICEUS Chatbot Launched,48,1.0,Autopilot feature is now available in the customer engagement platform of DICEUS Chatbot for insurance companies and their clients.,131,1.0,DICEUS Chatbot launches Autopilot feature in a customer engagement platform,1,1.0,0.0,526,BreadcrumbList;EntryPoint;ImageObject;ListItem;Organization;ReadAction;SearchAction;WebPage;WebSite,False,,2026-03-05T14:22:10+00:00,2.0,15,15,296,0,0,0.203,0.412,diceus chatbot launches autopilot feature in a customer enga,0.618,https://diceus.com/media/vitaminise-chatbot-integrated-customer-engagement-platform/,81,270,0.0,x-default,en,False,False,False
https://diceus.com/media/diceus-insurtech-uk-christmas-pitching-session/,/media/diceus-insurtech-uk-christmas-pitching-session/,200,,True,media_posts-sitemap.xml,2026-03-05T14:25:58+00:00,sitemap/seed,media_news,Company news,,True,44.5,True,False,https://diceus.com/media/diceus-insurtech-uk-christmas-pitching-session/,True,DICEUS Attended Insurtech UK Christmas Pitching Session,55,1.0,Our team visited Insurtech UK Christmas Pitching and Drinks Session in London and introduced its Super App.,107,1.0,DICEUS visited Insurtech UK Christmas Pitching and Drinks Session,1,1.0,0.0,427,BreadcrumbList;EntryPoint;ImageObject;ListItem;Organization;ReadAction;SearchAction;WebPage;WebSite,False,,2026-03-05T14:25:58+00:00,2.0,17,17,296,0,0,0.205,0.544,diceus visited insurtech uk christmas pitching and drinks se,0.535,https://diceus.com/media/diceus-visited-event-insurtech-uk-deloitte/,161,276,0.0,x-default,en,False,False,False
https://diceus.com/media/diceus-at-itc-london-2025/,/media/diceus-at-itc-london-2025/,200,,True,media_posts-sitemap.xml,2026-03-05T14:26:57+00:00,sitemap/seed,media_news,Company news,,True,29.3,True,False,https://diceus.com/media/diceus-at-itc-london-2025/,True,DICEUS visited ITC London 2025 and presented software products,62,1.0,DICEUS visited ITC London 2025 and presented software products for the insurance industry. Learn more.,102,1.0,DICEUS visited ITC London 2025,1,1.0,0.0,443,BreadcrumbList;EntryPoint;ImageObject;ListItem;Organization;ReadAction;SearchAction;WebPage;WebSite,False,,2026-03-05T14:26:57+00:00,2.0,8,8,295,0,0,0.192,0.469,diceus visited itc london 2025,0.476,https://diceus.com/media/diceus-at-insurtech-uk-agm/,146,275,0.0,x-default,en,False,False,False
https://diceus.com/media/diceus-dwh-insurance-fintech-breakthrough-award-winners/,/media/diceus-dwh-insurance-fintech-breakthrough-award-winners/,200,,True,media_posts-sitemap.xml,2026-03-24T10:09:16+00:00,sitemap/seed,media_news,Company news,,True,21.4,True,False,https://diceus.com/media/diceus-dwh-insurance-fintech-breakthrough-award-winners/,True,DICEUS DWH Won FinTech Breakthrough Award,41,1.0,DICEUS DWH for Insurance is among one of the 2026 FinTech Breakthrough Award winners. Learn more in the post.,109,1.0,DICEUS DWH for Insurance has been named one of the 2026 FinTech Breakthrough Award winners,1,1.0,0.0,467,BreadcrumbList;EntryPoint;ImageObject;ListItem;Organization;ReadAction;SearchAction;WebPage;WebSite,False,,2026-03-24T10:09:16+00:00,2.0,22,22,295,0,0,0.221,0.537,"diceus dwh for insurance has been named one of the 2026 fint, 2026 fintech breakthrough award",0.437,https://diceus.com/media/diceus-among-finalists-claims-excellence-awards-2026/,128,269,0.0,x-default,en,False,False,False
https://diceus.com/media/diceus-visited-insurance-innovators-summit-london/,/media/diceus-visited-insurance-innovators-summit-london/,200,,True,media_posts-sitemap.xml,2026-04-08T09:50:10+00:00,sitemap/seed,media_news,Company news,,True,36.4,True,False,https://diceus.com/media/diceus-visited-insurance-innovators-summit-london/,True,DICEUS Visited Insurance Innovators Summit in London,52,1.0,DICEUS Team visited Insurance Innovators Summit in London to present its software products for the insurance industry.,118,1.0,DICEUS Team at Insurance Innovators Summit in London,1,1.0,0.0,549,BreadcrumbList;EntryPoint;ImageObject;ListItem;Organization;ReadAction;SearchAction;WebPage;WebSite,False,,2026-04-08T09:50:10+00:00,2.0,18,18,296,0,0,0.206,0.516,diceus team at insurance innovators summit in london,0.496,https://diceus.com/media/diceus-visited-google-cloud-summit-london/,133,284,0.0,x-default,en,False,False,False
https://diceus.com/media/diceus-and-insuremo-partner-for-insurance-modernization/,/media/diceus-and-insuremo-partner-for-insurance-modernization/,200,,True,media_posts-sitemap.xml,2026-04-30T09:23:14+00:00,sitemap/seed,media_news,Company news,,True,78.2,True,False,https://diceus.com/media/diceus-and-insuremo-partner-for-insurance-modernization/,True,DICEUS and InsureMO Partnership to Modernize Insurance,54,1.0,DICEUS and InsureMO partner to modernize insurance with ready-made software products available through InsureMO’s API-first platform.,133,1.0,"DICEUS and InsureMO partner to accelerate insurance modernization across Europe, Middle East, and Asia-Pacific",1,1.0,2.0,934,BreadcrumbList;EntryPoint;ImageObject;ListItem;Organization;ReadAction;SearchAction;WebPage;WebSite,False,,2026-04-30T09:23:14+00:00,2.0,23,23,295,0,0,0.258,0.657,"diceus and insuremo partner to accelerate insurance moderniz, about the partnership, insuremo",0.242,https://diceus.com/media/diceus-partners-with-kruzr/,121,273,0.0,x-default,en,False,False,False
https://diceus.com/media/diceus-among-finalists-claims-excellence-awards-2026/,/media/diceus-among-finalists-claims-excellence-awards-2026/,200,,True,media_posts-sitemap.xml,2026-05-25T13:14:53+00:00,sitemap/seed,media_news,Company news,claims,True,45.5,True,False,https://diceus.com/media/diceus-among-finalists-claims-excellence-awards-2026/,True,DICEUS is Shortlisted for Claims Excellence Awards 2026,55,1.0,One of DICEUS software products for insurance is among finalists of Claims Excellence Awards 2026 as Claim Product of the Year.,127,1.0,DICEUS is among finalists of Claims Excellence Awards 2026,1,1.0,0.0,396,BreadcrumbList;EntryPoint;ImageObject;ListItem;Organization;ReadAction;SearchAction;WebPage;WebSite,False,,2026-05-25T13:14:53+00:00,2.0,17,17,295,0,0,0.218,0.398,"diceus is among finalists of claims excellence awards 2026, claims excellence awards 2026",0.478,https://diceus.com/media/diceus-finalist-british-insurance-technology-awards-2026/,161,268,0.0,x-default,en,False,False,False
https://diceus.com/media/diceus-attended-risk-n-conference-in-zurich/,/media/diceus-attended-risk-n-conference-in-zurich/,200,,True,media_posts-sitemap.xml,2026-05-26T06:37:33+00:00,sitemap/seed,media_news,Company news,,True,36.1,True,False,https://diceus.com/media/diceus-attended-risk-n-conference-in-zurich/,True,DICEUS Visited Risk-In Conference in Zurich,43,1.0,DICEUS attended Risk-In Conference in Zurich to communicate with captive managers and risk management specialists and discuss their challenges.,143,1.0,DICEUS attended Risk-!n Conference in Zurich,1,1.0,0.0,415,BreadcrumbList;EntryPoint;ImageObject;ListItem;Organization;ReadAction;SearchAction;WebPage;WebSite,False,,2026-05-26T06:37:33+00:00,2.0,15,15,295,0,0,0.203,0.445,diceus attended risk-!n conference in zurich,0.48,https://diceus.com/media/diceus-at-embedded-insurance-symposium-in-zurich/,155,275,0.0,x-default,en,False,False,False
https://diceus.com/media/diceus-joins-vcia-as-a-technology-partner/,/media/diceus-joins-vcia-as-a-technology-partner/,200,,True,media_posts-sitemap.xml,2026-06-10T10:08:57+00:00,sitemap/seed,media_news,Company news,alternative_risk,True,59.9,True,False,https://diceus.com/media/diceus-joins-vcia-as-a-technology-partner/,True,DICEUS and Vermont Captive Insurance Association Partnership,60,1.0,DICEUS has established a partnership with the Vermont Captive Insurance Association (VCIA) to help captive managers implement the right technology solutions.,157,1.0,DICEUS joins VCIA as a technology partner,1,1.0,0.0,484,BreadcrumbList;EntryPoint;ImageObject;ListItem;Organization;ReadAction;SearchAction;WebPage;WebSite,False,,2026-06-10T10:08:57+00:00,2.0,22,22,297,0,0,0.257,0.679,"diceus joins vcia as a technology partner, about the partnership, vcia",0.353,https://diceus.com/media/diceus-is-becoming-an-oracle-partner/,110,269,0.0,x-default,en,False,False,False
https://diceus.com/media/diceus-has-been-recognized-by-atlassian-and-accepted-into-the-atlassian-program/,/media/diceus-has-been-recognized-by-atlassian-and-accepted-into-the-atlassian-program/,200,,True,media_posts-sitemap.xml,2026-06-16T14:36:54+00:00,sitemap/seed,media_news,Company news,,True,15.2,True,False,https://diceus.com/media/diceus-has-been-recognized-by-atlassian-and-accepted-into-the-atlassian-program/,True,DICEUS Was Accepted Into Atlassian Program,42,1.0,DICEUS has been accepted into the Atlassian Program. Read about the program more in our post and learn what it gives to our customers.,134,1.0,DICEUS has been recognized by Atlassian and accepted into the Atlassian program,1,1.0,0.0,525,BreadcrumbList;EntryPoint;ImageObject;ListItem;Organization;ReadAction;SearchAction;WebPage;WebSite,False,,2026-06-16T14:36:54+00:00,2.0,17,17,295,0,0,0.23,0.436,"diceus has been recognized by atlassian and accepted into th, atlassian",0.362,https://diceus.com/media/diceus-recognized-by-microsoft-founders-hub/,136,269,0.0,x-default,en,False,False,False
https://diceus.com/media/diceus-policy-administration-system-microsoft-marketplace/,/media/diceus-policy-administration-system-microsoft-marketplace/,200,,True,media_posts-sitemap.xml,2026-06-19T11:16:07+00:00,sitemap/seed,media_news,Company news,policy_administration,True,22.1,True,False,https://diceus.com/media/diceus-policy-administration-system-microsoft-marketplace/,True,DICEUS PAS Available on the Microsoft Marketplace,49,1.0,DICEUS PAS is now available on the Microsoft Marketplace for insurance businesses to explore the system and its key functionalities.,132,1.0,DICEUS Policy Administration System is now available on the Microsoft Marketplace,1,1.0,0.0,407,BreadcrumbList;EntryPoint;ImageObject;ListItem;Organization;ReadAction;SearchAction;WebPage;WebSite,False,,2026-06-19T11:16:07+00:00,2.0,16,16,296,0,0,0.24,0.512,diceus policy administration system is now available on the ,0.376,https://diceus.com/media/vitaminise-chatbot-by-diceus-integrated-with-mindee/,138,269,0.0,x-default,en,False,False,False
https://diceus.com/media/diceus-finalist-british-insurance-technology-awards-2026/,/media/diceus-finalist-british-insurance-technology-awards-2026/,200,,True,media_posts-sitemap.xml,2026-07-06T14:32:12+00:00,sitemap/seed,media_news,Company news,,True,40.9,True,False,https://diceus.com/media/diceus-finalist-british-insurance-technology-awards-2026/,True,DICEUS Shortlisted for British Insurance Technology Awards 2026,63,1.0,DICEUS AI-Powered Underwriting Workbench is shortlisted for the British Insurance Technology Awards 2026 in the Best Underwriting Solutions Provider category.,158,1.0,DICEUS named finalist for the British Insurance Technology Awards 2026,1,1.0,0.0,416,BreadcrumbList;EntryPoint;ImageObject;ListItem;Organization;ReadAction;SearchAction;WebPage;WebSite,False,,2026-07-06T14:32:12+00:00,2.0,20,20,297,0,0,0.256,0.592,"diceus named finalist for the british insurance technology a, british insurance technology awards 2026",0.478,https://diceus.com/media/diceus-among-finalists-claims-excellence-awards-2026/,183,270,0.0,x-default,en,False,False,False
https://diceus.com/media/diceus-partners-with-kruzr/,/media/diceus-partners-with-kruzr/,200,,True,media_posts-sitemap.xml,2026-07-13T10:44:02+00:00,sitemap/seed,media_news,Company news,,True,62.1,True,False,https://diceus.com/media/diceus-partners-with-kruzr/,True,DICEUS partners with Kruzr to power connected motor insurance | DICEUS,70,1.0,DICEUS partners with Kruzr to extend its motor insurance software ecosystem with telematics and offer more usage-based insurance possibilities to its customers.,160,1.0,DICEUS partners with Kruzr to power connected motor insurance,1,1.0,2.0,773,BreadcrumbList;EntryPoint;ImageObject;ListItem;Organization;ReadAction;SearchAction;WebPage;WebSite,False,,2026-07-13T10:44:02+00:00,1.0,15,15,295,0,0,0.265,0.625,"diceus partners with kruzr to power connected motor insuranc, about the partnership, kruzr",0.354,https://diceus.com/media/diceus-joined-memorandum-cooperation-political-violence-insurance/,200,271,0.0,x-default,en,False,False,False
https://diceus.com/media/diceus-attended-insurance-innovators-summit/,/media/diceus-attended-insurance-innovators-summit/,200,,True,media_posts-sitemap.xml,2026-09-02T10:04:58+00:00,sitemap/seed,media_news,Company news,,True,48.9,True,False,https://diceus.com/media/diceus-attended-insurance-innovators-summit/,True,DICEUS Team Visited Insurance Innovators Summit 2025 London,59,1.0,"DICEUS Team, Illia Pinchuk and Kateryna Monastyrska, visited Insurance Innovators Summit 2025 in London. Read more in our media post.",133,1.0,DICEUS attended Insurance Innovators Summit in London,1,1.0,0.0,409,BreadcrumbList;EntryPoint;ImageObject;ListItem;Organization;ReadAction;SearchAction;WebPage;WebSite,False,,2026-09-02T10:04:58+00:00,2.0,22,22,296,0,0,0.208,0.641,diceus attended insurance innovators summit in london,0.506,https://diceus.com/media/diceus-attended-insurance-innovators-fraud-claims/,145,268,0.0,x-default,en,False,False,False
https://diceus.com/media/diceus-at-european-captive-forum/,/media/diceus-at-european-captive-forum/,200,,True,media_posts-sitemap.xml,2026-09-04T12:21:59+00:00,sitemap/seed,media_news,Company news,alternative_risk,True,43.2,True,False,https://diceus.com/media/diceus-at-european-captive-forum/,True,DICEUS Attended European Captive Forum 2025 in Luxemburg,56,1.0,DICEUS Business Development Manager visited European Captive Forum 2025 in Luxemburg. Learn more about the event in the post.,125,1.0,DICEUS at European Captive Forum 2025,1,1.0,0.0,440,BreadcrumbList;EntryPoint;ImageObject;ListItem;Organization;ReadAction;SearchAction;WebPage;WebSite,False,,2026-09-04T12:21:59+00:00,2.0,15,15,297,0,0,0.203,0.403,diceus at european captive forum 2025,0.536,https://diceus.com/media/diceus-attended-the-cee-forum-in-vienna/,86,274,0.0,x-default,en,False,False,False
https://diceus.com/media/diceus-attended-airmic-captives-forum-london/,/media/diceus-attended-airmic-captives-forum-london/,200,,True,media_posts-sitemap.xml,2026-09-04T12:22:00+00:00,sitemap/seed,media_news,Company news,alternative_risk,True,45.3,True,False,https://diceus.com/media/diceus-attended-airmic-captives-forum-london/,True,DICEUS Attended The Airmic Captives Forum 2026 in London,56,1.0,"DICEUS visited the Airmic Captives Forum 2026 in London, discussing the future of captive insurance, global risk trends, and the evolving role of captives in resilience.",169,1.0,DICEUS attended the Airmic Captives Forum in London,1,1.0,0.0,530,BreadcrumbList;EntryPoint;ImageObject;ListItem;Organization;ReadAction;SearchAction;WebPage;WebSite,False,,2026-09-04T12:22:00+00:00,2.0,19,19,295,0,0,0.206,0.553,diceus attended the airmic captives forum in london,0.565,https://diceus.com/media/diceus-attended-banking-and-insurance-forum-in-warsaw/,187,278,0.0,x-default,en,False,False,False
https://diceus.com/media/diceus-attended-banking-and-insurance-forum-in-warsaw/,/media/diceus-attended-banking-and-insurance-forum-in-warsaw/,200,,True,media_posts-sitemap.xml,2026-09-04T12:22:02+00:00,sitemap/seed,media_news,Company news,,True,27.8,True,False,https://diceus.com/media/diceus-attended-banking-and-insurance-forum-in-warsaw/,True,DICEUS Visisted the Banking and Insurance Forum in Warsaw,57,1.0,DICEUS Team visited the Banking and Insurance Forum in Warsaw to showcase its ready-made software for insurance and services for banking.,137,1.0,DICEUS attended the Banking and Insurance Forum in Warsaw,1,1.0,0.0,432,BreadcrumbList;EntryPoint;ImageObject;ListItem;Organization;ReadAction;SearchAction;WebPage;WebSite,False,,2026-09-04T12:22:02+00:00,2.0,19,19,296,0,0,0.206,0.566,diceus attended the banking and insurance forum in warsaw,0.565,https://diceus.com/media/diceus-attended-airmic-captives-forum-london/,100,275,0.0,x-default,en,False,False,False
https://diceus.com/media/diceus-attended-insurtech-insights-europe-2026-london/,/media/diceus-attended-insurtech-insights-europe-2026-london/,200,,True,media_posts-sitemap.xml,2026-09-04T12:22:03+00:00,sitemap/seed,media_news,Company news,,True,50.9,True,False,https://diceus.com/media/diceus-attended-insurtech-insights-europe-2026-london/,True,DICEUS Team Visited Insurtech Insights Europe 2026 in London,60,1.0,"DICEUS attended Insurtech Insights Europe 2026 in London, a leading event for insurance and technology professionals.",117,1.0,DICEUS attended Insurtech Insights Europe 2026 in London,1,1.0,0.0,530,BreadcrumbList;EntryPoint;ImageObject;ListItem;Organization;ReadAction;SearchAction;WebPage;WebSite,False,,2026-09-04T12:22:03+00:00,2.0,21,21,296,0,0,0.208,0.658,diceus attended insurtech insights europe 2026 in london,0.46,https://diceus.com/media/diceus-attended-insurance-innovators-summit/,159,281,0.0,x-default,en,False,False,False
https://diceus.com/media/diceus-ceo-illia-pinchuk-pitched-sih-roadshow/,/media/diceus-ceo-illia-pinchuk-pitched-sih-roadshow/,200,,True,media_posts-sitemap.xml,2026-09-04T12:22:04+00:00,sitemap/seed,media_news,Company news,,True,32.8,True,False,https://diceus.com/media/diceus-ceo-illia-pinchuk-pitched-sih-roadshow/,True,"Illia Pinchuk, CEO of DICEUS, Pitched for Groupe Mutuel",55,1.0,DICEUS CEO Illia Pinchuk pitched at SIH Roadshow and presented our ready-made software products for insurance.,110,1.0,DICEUS CEO Illia Pinchuk pitched at SIH Roadshow,1,1.0,0.0,427,BreadcrumbList;EntryPoint;ImageObject;ListItem;Organization;ReadAction;SearchAction;WebPage;WebSite,False,,2026-09-04T12:22:04+00:00,2.0,14,14,296,0,0,0.203,0.388,diceus ceo illia pinchuk pitched at sih roadshow,0.419,https://diceus.com/media/diceus-at-italian-insurtech-roadshow/,190,275,0.0,x-default,en,False,False,False
https://diceus.com/media/diceus-head-of-growth-visited-insurtech-events/,/media/diceus-head-of-growth-visited-insurtech-events/,200,,True,media_posts-sitemap.xml,2026-09-04T12:22:06+00:00,sitemap/seed,media_news,Company news,,True,41.2,True,False,https://diceus.com/media/diceus-head-of-growth-visited-insurtech-events/,True,Dmytro Kazymir at Insurtech Events in London,44,1.0,"Dmytro Kazymir, Head of Growth at DICEUS, attended insurtech events in London in September 2025. Read more.",107,1.0,DICEUS’s Head of Growth visited insurtech events in London,1,1.0,0.0,437,BreadcrumbList;EntryPoint;ImageObject;ListItem;Organization;ReadAction;SearchAction;WebPage;WebSite,False,,2026-09-04T12:22:06+00:00,2.0,16,16,295,0,0,0.204,0.508,diceus's head of growth visited insurtech events in london,0.616,https://diceus.com/media/diceus-at-insurtech-uk-agm/,162,275,0.0,x-default,en,False,False,False
https://diceus.com/media/diceus-insurtech-uk-spring-conference/,/media/diceus-insurtech-uk-spring-conference/,200,,True,media_posts-sitemap.xml,2026-09-04T12:22:07+00:00,sitemap/seed,media_news,Company news,,True,39.3,True,False,https://diceus.com/media/diceus-insurtech-uk-spring-conference/,True,DICEUS Team Attended Insurtech UK Spring Conference,51,1.0,"Dmytro Kazymir, Head of Growth at DICEUS, was at S & W in central London on May 8 to participate in the Insurtech UK Spring Conference. ",136,1.0,DICEUS at Insurtech UK Spring Conference,1,1.0,0.0,458,BreadcrumbList;EntryPoint;ImageObject;ListItem;Organization;ReadAction;SearchAction;WebPage;WebSite,False,,2026-09-04T12:22:07+00:00,3.0,3,3,296,0,0,0.189,0.311,diceus at insurtech uk spring conference,0.422,https://diceus.com/media/diceus-visited-event-insurtech-uk-deloitte/,82,275,0.0,x-default,en,False,False,False
https://diceus.com/media/diceus-visited-google-cloud-summit-london/,/media/diceus-visited-google-cloud-summit-london/,200,,True,media_posts-sitemap.xml,2026-09-17T14:27:49+00:00,sitemap/seed,media_news,Company news,,True,16.2,True,False,https://diceus.com/media/diceus-visited-google-cloud-summit-london/,True,DICEUS Attended Google Cloud Summit London,42,1.0,"Recently, DICEUS Head of Growth attended Google Cloud Summit in London and presented our custom software development services.",126,1.0,DICEUS visited Google Cloud Summit London,1,1.0,0.0,433,BreadcrumbList;EntryPoint;ImageObject;ListItem;Organization;ReadAction;SearchAction;WebPage;WebSite,False,,2026-09-17T14:27:49+00:00,2.0,23,23,297,0,0,0.209,0.681,diceus visited google cloud summit london,0.52,https://diceus.com/media/diceus-at-insurtech-uk-agm/,161,279,0.0,x-default,en,False,False,False
https://diceus.com/media/4th-annual-retail-banking-technologies-summit-vienna/,/media/4th-annual-retail-banking-technologies-summit-vienna/,200,,True,media_posts-sitemap.xml,2026-09-24T13:28:06+00:00,sitemap/seed,media_news,Company news,,False,5.1,True,False,https://diceus.com/media/4th-annual-retail-banking-technologies-summit-vienna/,True,"Results of the 4th Annual Retail Banking Summit, Vienna - DICEUS",64,1.0,Find out how the DiICEUS team participated in a major retail banking conference in Vienna. Read about our impressions and insights into the banking sector.,155,1.0,Reflections on the 4th annual retail banking technologies summit in Vienna,1,1.0,3.0,1184,BreadcrumbList;EntryPoint;ImageObject;ListItem;Organization;ReadAction;SearchAction;WebPage;WebSite,False,,2026-09-24T13:28:06+00:00,2.0,12,12,300,0,0,0.201,0.306,reflections on the 4th annual retail banking technologies su,0.39,https://diceus.com/media/diceus-is-a-sponsoring-partner/,122,280,0.0,x-default,en,False,False,False
https://diceus.com/media/awards-diceus-most-reviewed-it-leaders/,/media/awards-diceus-most-reviewed-it-leaders/,200,,True,media_posts-sitemap.xml,2026-09-24T13:29:31+00:00,sitemap/seed,media_news,Company news,,True,11.7,True,False,https://diceus.com/media/awards-diceus-most-reviewed-it-leaders/,True,DICEUS Recognized One of the Most Reviewed IT Firms | The Manifest,66,1.0,🏆 DICEUS is named as one of the most reviewed IT companies on The Manifest. 40 client reviews are available on Clutch | 100 case studies on the website.,152,1.0,The Manifest awards DICEUS as one of the most reviewed global leaders in IT,1,1.0,0.0,597,BreadcrumbList;EntryPoint;ImageObject;ListItem;Organization;ReadAction;SearchAction;WebPage;WebSite,False,,2026-09-24T13:29:31+00:00,2.0,13,13,300,0,0,0.215,0.315,"the manifest awards diceus as one of the most reviewed globa, the manifest awards",0.365,https://diceus.com/media/diceus-among-finalists-claims-excellence-awards-2026/,151,270,0.0,x-default,en,False,False,False
https://diceus.com/media/best-software-development-firm-by-top-design-firms/,/media/best-software-development-firm-by-top-design-firms/,200,,True,media_posts-sitemap.xml,2026-09-24T13:31:03+00:00,sitemap/seed,media_news,Company news,,True,9.8,True,False,https://diceus.com/media/best-software-development-firm-by-top-design-firms/,True,DICEUS Named One of the Best Software Development Firms,55,1.0,DICEUS is ranked as one of the best solution providers for software development by Top Design Firms. Reviews on Clutch | Free strategy session for your project,159,1.0,DICEUS is named one of the best software development firms by Top Design Firms,1,1.0,0.0,509,BreadcrumbList;EntryPoint;ImageObject;ListItem;Organization;ReadAction;SearchAction;WebPage;WebSite,False,,2026-09-24T13:31:03+00:00,2.0,13,13,299,0,0,0.214,0.319,"diceus is named one of the best software development firms b, top design firms",0.423,https://diceus.com/media/diceus-top-b2b-software-development-firms-2021-by-clutch/,169,269,0.0,x-default,en,False,False,False
https://diceus.com/media/diceus-attended-insurtech-insights-europe/,/media/diceus-attended-insurtech-insights-europe/,200,,True,media_posts-sitemap.xml,2026-09-24T13:34:22+00:00,sitemap/seed,media_news,Company news,,True,47.2,True,False,https://diceus.com/media/diceus-attended-insurtech-insights-europe/,True,DICEUS visited Insurtech Insights Europe 2025 in London,55,1.0,"On March 19-20, the DICEUS team, Illia Pinchuk, Kateryna Monastyrska, and Dmytro Kazymir, attended Insurtech Insights Europe.",125,1.0,DICEUS attended Insurtech Insights Europe 2025,1,1.0,0.0,572,BreadcrumbList;EntryPoint;ImageObject;ListItem;Organization;ReadAction;SearchAction;WebPage;WebSite,False,,2026-09-24T13:34:22+00:00,3.0,5,5,300,0,0,0.19,0.39,diceus attended insurtech insights europe 2025,0.424,https://diceus.com/media/diceus-attended-insurtech-insights-europe-2026-london/,142,282,0.0,x-default,en,False,False,False
https://diceus.com/media/diceus-earns-client-review-on-clutch/,/media/diceus-earns-client-review-on-clutch/,200,,True,media_posts-sitemap.xml,2026-09-24T13:35:35+00:00,sitemap/seed,media_news,Company news,,False,3.0,True,False,https://diceus.com/media/diceus-earns-client-review-on-clutch/,True,DICEUS Gets a New Five-Star Client Review on Clutch,51,1.0,"Read a new client review of DICEUS on Clutch. Peter Rubenacker, Director of Special Initiatives, Counter Tools shares his feedback on DICEUS.",141,1.0,DICEUS earns another stellar client review on Clutch,1,1.0,1.0,672,BreadcrumbList;EntryPoint;ImageObject;ListItem;Organization;ReadAction;SearchAction;WebPage;WebSite,False,,2026-09-24T13:35:35+00:00,2.0,12,12,298,0,0,0.201,0.302,diceus earns another stellar client review on clutch,0.369,https://diceus.com/media/vela-mvp-released-for-avelalaw/,120,270,0.0,x-default,en,False,False,False
https://diceus.com/media/diceus-is-a-global-b2b-leader-development/,/media/diceus-is-a-global-b2b-leader-development/,200,,True,media_posts-sitemap.xml,2026-09-24T13:36:28+00:00,sitemap/seed,media_news,Company news,,True,9.9,True,False,https://diceus.com/media/diceus-is-a-global-b2b-leader-development/,True,"Global B2B Leader in Development, IT and Business Services by Clutch",68,1.0,"DICEUS has got a Clutch awards ""Top Developers"" and ""B2B Leader in IT and Business Services"". Learn more in this article.",121,1.0,"DICEUS is a Global B2B Leader in Development, IT and Business Services 2022 by Clutch",1,1.0,0.0,604,BreadcrumbList;EntryPoint;ImageObject;ListItem;Organization;ReadAction;SearchAction;WebPage;WebSite,False,,2026-09-24T13:36:28+00:00,2.0,13,13,297,0,0,0.215,0.315,"diceus is a global b2b leader in development, it and busines, clutch global b2b leader",0.374,https://diceus.com/media/diceus-became-google-cloud-partner-in-uk/,117,269,0.0,x-default,en,False,False,False
https://diceus.com/media/diceus-is-a-sponsoring-partner/,/media/diceus-is-a-sponsoring-partner/,200,,True,media_posts-sitemap.xml,2026-09-24T13:37:28+00:00,sitemap/seed,media_news,Company news,,True,8.7,True,False,https://diceus.com/media/diceus-is-a-sponsoring-partner/,True,DICEUS Sponsoring Partner at Banking Technological Summit,57,1.0,"We are visiting the 4th annual retail banking technologies summit in Vienna. See what’s interesting about the event: key topics, speakers, latest trends.",153,1.0,DICEUS is a sponsoring partner at the 4th annual retail banking technologies summit in Vienna,1,1.0,1.0,576,BreadcrumbList;EntryPoint;ImageObject;ListItem;Organization;ReadAction;SearchAction;WebPage;WebSite,False,,2026-09-24T13:37:28+00:00,2.0,14,14,298,0,0,0.203,0.332,"diceus is a sponsoring partner at the 4th annual retail bank, official sponsoring partner, diiceus is a sponsoring partner at the 4th annual retail ban",0.39,https://diceus.com/media/4th-annual-retail-banking-technologies-summit-vienna/,123,269,0.0,x-default,en,False,False,False
https://diceus.com/media/diceus-is-among-fastest-growing-500-software-developers/,/media/diceus-is-among-fastest-growing-500-software-developers/,200,,True,media_posts-sitemap.xml,2026-09-24T13:38:18+00:00,sitemap/seed,media_news,Company news,,True,14.9,True,False,https://diceus.com/media/diceus-is-among-fastest-growing-500-software-developers/,True,DICEUS is among Fastest Growing 500 Software Developers,55,1.0,We are proud to have been featured in the Top Developer's List of Fastest Growing 500 Software Developers | Get a free consultation,131,1.0,DICEUS is listed among Fastest Growing 500 Software Developers 2022 by Top Developers,1,1.0,0.0,471,BreadcrumbList;EntryPoint;ImageObject;ListItem;Organization;ReadAction;SearchAction;WebPage;WebSite,False,,2026-09-24T13:38:18+00:00,2.0,13,13,298,0,0,0.215,0.314,"diceus is listed among fastest growing 500 software develope, topdevelopers 2022",0.432,https://diceus.com/media/diceus-top-custom-software-development-company-in-poland/,126,269,0.0,x-default,en,False,False,False
https://diceus.com/media/diceus-is-becoming-an-oracle-partner/,/media/diceus-is-becoming-an-oracle-partner/,200,,True,media_posts-sitemap.xml,2026-09-24T13:39:32+00:00,sitemap/seed,media_news,Company news,,True,9.5,True,False,https://diceus.com/media/diceus-is-becoming-an-oracle-partner/,True,DICEUS Is an Official Oracle Partner | Oracle Partnership,57,1.0,DICEUS has become an official Oracle partner. We have a wide range of Oracle-related services. Contact us for more information.,127,1.0,DICEUS is becoming an Oracle Partner,1,1.0,0.0,421,BreadcrumbList;EntryPoint;ImageObject;ListItem;Organization;ReadAction;SearchAction;WebPage;WebSite,False,,2026-09-24T13:39:32+00:00,2.0,13,13,299,0,0,0.215,0.331,"diceus is becoming an oracle partner, oracle",0.481,https://diceus.com/media/diceus-is-becoming-a-trusted-microsoft-partner/,130,268,0.0,x-default,en,False,False,False
https://diceus.com/media/diceus-is-opening-a-new-office-in-poland/,/media/diceus-is-opening-a-new-office-in-poland/,200,,True,media_posts-sitemap.xml,2026-09-24T13:41:23+00:00,sitemap/seed,media_news,Company news,,False,6.1,True,False,https://diceus.com/media/diceus-is-opening-a-new-office-in-poland/,True,"DICEUS Is Opening a New Office in Poland, Wroclaw",49,1.0,"DICEUS Is Opening a New Office in Poland, Wroclaw. Book a free consultation on your software project or use our IT staff augmentation services.",143,1.0,DICEUS is opening a new office in Poland,1,1.0,2.0,493,BreadcrumbList;EntryPoint;ImageObject;ListItem;Organization;ReadAction;SearchAction;WebPage;WebSite,False,,2026-09-24T13:41:23+00:00,2.0,12,12,298,0,0,0.201,0.299,"diceus is opening a new office in poland, more details",0.543,https://diceus.com/media/diceus-is-opening-new-nordics-office-denmark/,160,268,0.0,x-default,en,False,False,False
https://diceus.com/media/diceus-is-opening-new-nordics-office-denmark/,/media/diceus-is-opening-new-nordics-office-denmark/,200,,True,media_posts-sitemap.xml,2026-09-24T13:42:29+00:00,sitemap/seed,media_news,Company news,,True,8.2,True,False,https://diceus.com/media/diceus-is-opening-new-nordics-office-denmark/,True,DICEUS is Opening a DICEUS Nordics Office in Denmark,52,1.0,"We're opening a new DICEUS Nordics office to serve our customers from Denmark, Sweden, Norway, Finland, and Iceland more efficiently.",133,1.0,DICEUS is opening a new DICEUS Nordics office in Denmark,1,1.0,2.0,610,BreadcrumbList;EntryPoint;ImageObject;ListItem;Organization;ReadAction;SearchAction;WebPage;WebSite,False,,2026-09-24T13:42:29+00:00,2.0,12,12,298,0,0,0.201,0.304,diceus is opening a new diceus nordics office in denmark,0.543,https://diceus.com/media/diceus-is-opening-a-new-office-in-poland/,133,269,0.0,x-default,en,False,False,False
https://diceus.com/media/diceus-joins-google-cloud-partner-advantage/,/media/diceus-joins-google-cloud-partner-advantage/,200,,True,media_posts-sitemap.xml,2026-09-24T13:44:27+00:00,sitemap/seed,media_news,Company news,,True,9.3,True,False,https://diceus.com/media/diceus-joins-google-cloud-partner-advantage/,True,DICEUS joins Google Cloud Partner Advantage | Partnership,57,1.0,DICEUS is a Google Cloud Partner. Check out our partnerships and the services we offer to our customers—custom software development.,132,1.0,DICEUS joins Google Cloud Partner Advantage,1,1.0,1.0,538,BreadcrumbList;EntryPoint;ImageObject;ListItem;Organization;ReadAction;SearchAction;WebPage;WebSite,False,,2026-09-24T13:44:27+00:00,2.0,3,3,297,0,0,0.202,0.252,"diceus joins google cloud partner advantage, google cloud",0.478,https://diceus.com/media/diceus-became-google-cloud-partner-in-uk/,118,269,0.0,x-default,en,False,False,False
https://diceus.com/media/diceus-recognized-top-software-development-company-ukraine/,/media/diceus-recognized-top-software-development-company-ukraine/,200,,True,media_posts-sitemap.xml,2026-09-24T13:45:46+00:00,sitemap/seed,media_news,Company news,,False,5.9,True,False,https://diceus.com/media/diceus-recognized-top-software-development-company-ukraine/,True,DICEUS - Ukraine’s Most Recommended Software Development Company,64,1.0,"DICEUS is recognized as the most reviewed software development company in Ukraine for 2021 for mobile, web, software development, staff augmentation.",149,1.0,DICEUS recognized as Ukraine’s most recommended software development company,1,1.0,2.0,679,BreadcrumbList;EntryPoint;ImageObject;ListItem;Organization;ReadAction;SearchAction;WebPage;WebSite,False,,2026-09-24T13:45:46+00:00,2.0,13,13,298,0,0,0.215,0.314,"diceus recognized as ukraine’s most recommended software dev, the manifest awards",0.302,https://diceus.com/media/super-app-global-insurtech-awards/,166,273,0.0,x-default,en,False,False,False
https://diceus.com/media/diceus-saudi-arabia-partnership/,/media/diceus-saudi-arabia-partnership/,200,,True,media_posts-sitemap.xml,2026-09-24T13:46:57+00:00,sitemap/seed,media_news,Company news,,False,7.6,True,False,https://diceus.com/media/diceus-saudi-arabia-partnership/,True,DICEUS Strategic Partnerships with Saudi Arabia,47,1.0,Explore how DICEUS cooperates with private and governmental companies from Saudi Arabia. Check out the results of work in Q1 2020 and future plans.,147,1.0,Saudi Arabia and innovations: DICEUS contributes to the region development,1,1.0,4.0,919,BreadcrumbList;EntryPoint;ImageObject;ListItem;Organization;ReadAction;SearchAction;WebPage;WebSite,False,,2026-09-24T13:46:57+00:00,2.0,12,12,301,0,0,0.201,0.303,saudi arabia and innovations: diceus contributes to the regi,0.305,https://diceus.com/media/diceus-became-google-cloud-partner-in-uk/,263,276,0.0,x-default,en,False,False,False
https://diceus.com/media/diceus-top-custom-software-development-company-in-poland/,/media/diceus-top-custom-software-development-company-in-poland/,200,,True,media_posts-sitemap.xml,2026-09-24T13:47:46+00:00,sitemap/seed,media_news,Company news,,True,10.1,True,False,https://diceus.com/media/diceus-top-custom-software-development-company-in-poland/,True,DICEUS is a Top Custom Software Development Company in Poland,61,1.0,DICEUS is happy to have been listed among the 20 Top Custom Software Development Companies in Poland by TechBehemoths.,118,1.0,DICEUS is listed among the 20 Top Custom Software Development Companies in Poland by TechBehemoths,1,1.0,0.0,493,BreadcrumbList;EntryPoint;ImageObject;ListItem;Organization;ReadAction;SearchAction;WebPage;WebSite,False,,2026-09-24T13:47:46+00:00,2.0,5,5,299,0,0,0.203,0.276,"high-profile software vendor, techbehemoths awards 2022, techbehemoths recognized diceus",0.432,https://diceus.com/media/diceus-is-among-fastest-growing-500-software-developers/,183,269,0.0,x-default,en,False,False,False
https://diceus.com/media/fadata-announces-strategic-partnership-with-diceus/,/media/fadata-announces-strategic-partnership-with-diceus/,200,,True,media_posts-sitemap.xml,2026-09-24T13:49:09+00:00,sitemap/seed,media_news,Company news,,True,26.9,True,False,https://diceus.com/media/fadata-announces-strategic-partnership-with-diceus/,True,Fadata and DICEUS Strategic Partnership Announced,49,1.0,"Fadata, INSIS insurance process platform provider, announces strategic partnership with DICEUS. DICEUS is a partner for INSIS implementation.",141,1.0,Fadata announces strategic partnership with DICEUS,1,1.0,2.0,781,BreadcrumbList;EntryPoint;ImageObject;ListItem;Organization;ReadAction;SearchAction;WebPage;WebSite,False,,2026-09-24T13:49:09+00:00,2.0,16,16,298,0,0,0.256,0.514,"fadata announces strategic partnership with diceus, about the partnership, official insis implementation provider",0.336,https://diceus.com/media/diceus-chatbot-in-fadata-ecosystem/,203,271,0.0,x-default,en,False,False,False
https://diceus.com/insurance/,/insurance/,200,,True,insurance-sitemap.xml,2026-10-05T12:47:16+00:00,sitemap/seed,insurance_hub,L1 Products (hub),,True,61.4,True,False,https://diceus.com/insurance/,True,Insurance Software Development and Ready-Made Solutions | DICEUS,64,1.0,"Custom software development for insurance businesses and ready-made solutions for underwriting, claim and policy management, data warehousing, customer engagement, and more.",173,1.0,Insurance software solutions and development services,1,1.0,14.0,2297,Answer;BreadcrumbList;CollectionPage;EntryPoint;FAQPage;ImageObject;ListItem;LocalBusiness;Organization;PostalAddress;Question;SearchAction;WebSite,False,,,1.0,813,191,200,0,0,4.044,7.007,"go to diceus insurance, discover services, insurance",0.456,https://diceus.com/about/,163,359,0.0,,en,False,False,False
https://diceus.com/insurance/contact/,/insurance/contact/,200,,True,insurance-sitemap.xml,2024-02-26T08:09:10+00:00,sitemap/seed,conversion,Conversion,,True,7.9,True,False,https://diceus.com/insurance/contact/,True,Contact Our Insurance Software Experts | DICEUS,47,1.0,"Contact DICEUS experts in insurance software development. Send your request, and we'll get back to you soon.",108,1.0,Get started,1,1.0,1.0,126,BreadcrumbList;EntryPoint;ImageObject;ListItem;LocalBusiness;Organization;PostalAddress;ReadAction;SearchAction;WebPage;WebSite,False,,2024-02-26T08:09:10+00:00,2.0,123,119,139,0,0,1.549,8.176,"contact us, let's talk, book a demo",0.759,https://diceus.com/contact/,198,185,0.0,,en,False,False,False
https://diceus.com/insurance/digital-channels/,/insurance/digital-channels/,200,,True,insurance-sitemap.xml,2024-02-27T07:56:40+00:00,sitemap/seed,insurance_service,L2/L3 Insurance solutions & services,broker_distribution;customer_portal_cx,True,28.1,True,False,https://diceus.com/insurance/digital-channels/,True,Insurance Digital Channels for Omnichannel Customer Experience,62,1.0,"Insurance digital channels: custom mobile apps, web portals, chatbots, and messengers for insurance companies to improve customer experience and engagement. Check our offer here ⏩",179,1.0,Insurance digital channels,1,1.0,8.0,1033,BreadcrumbList;EntryPoint;ImageObject;ListItem;LocalBusiness;Organization;PostalAddress;ReadAction;SearchAction;WebPage;WebSite,False,,2024-02-27T07:56:40+00:00,1.0,809,85,157,0,0,4.029,2.304,"insurance digital channels, digital channels, digital channels — mobile apps, web apps, and chatbots",0.189,https://diceus.com/insurance-improve-customer-experience-mobile-app/,395,1223,0.0,,en,False,False,False
https://diceus.com/insurance/agency-management/,/insurance/agency-management/,200,,True,insurance-sitemap.xml,2024-07-26T09:18:17+00:00,sitemap/seed,insurance_service,L2/L3 Insurance solutions & services,broker_distribution,True,21.1,True,False,https://diceus.com/insurance/agency-management/,True,Custom Insurance Agency Management Software | DICEUS,52,1.0,"Since 2011, DICEUS specializes in insurance agency management software development. 130 projects accomplished.",110,1.0,Insurance agency management software development services,1,1.0,15.0,1898,Answer;BreadcrumbList;EntryPoint;FAQPage;ImageObject;ListItem;LocalBusiness;Organization;PostalAddress;Question;ReadAction;SearchAction;WebPage;WebSite,False,,2024-07-26T09:18:17+00:00,1.0,809,80,174,0,0,4.029,2.161,"insurance agency management software development services, agency management",0.34,https://diceus.com/insurance/customer-experience/,121,313,0.0,,en,False,False,False
https://diceus.com/insurance/contact-management/,/insurance/contact-management/,200,,True,insurance-sitemap.xml,2024-07-26T09:35:11+00:00,sitemap/seed,insurance_service,L2/L3 Insurance solutions & services,,True,36.2,True,False,https://diceus.com/insurance/contact-management/,True,Custom Insurance Contact Management Software Development,56,1.0,DICEUS offers first-class custom insurance contact management software development services for the implementation of a robust CRM platform.,140,1.0,Insurance contact management software development services,1,1.0,11.0,1464,Answer;BreadcrumbList;EntryPoint;FAQPage;ImageObject;ListItem;LocalBusiness;Organization;PostalAddress;Question;ReadAction;SearchAction;WebPage;WebSite,False,,2024-07-26T09:35:11+00:00,1.0,809,75,169,0,0,4.029,2.004,"insurance contact management software development services, contact management",0.251,https://diceus.com/insurance/portal/,174,300,0.0,,en,False,False,False
https://diceus.com/insurance/fraud-detection-software/,/insurance/fraud-detection-software/,200,,True,insurance-sitemap.xml,2024-07-26T09:38:29+00:00,sitemap/seed,insurance_service,L2/L3 Insurance solutions & services,fraud,True,40.7,True,False,https://diceus.com/insurance/fraud-detection-software/,True,Custom Insurance Fraud Detection Software Development,53,1.0,DICEUS provides top-notch custom insurance fraud detection software development services for the implementation of a robust platform to safeguard your business.,160,1.0,Insurance fraud detection software development services,1,1.0,8.0,1524,Answer;BreadcrumbList;EntryPoint;FAQPage;ImageObject;ListItem;LocalBusiness;Organization;PostalAddress;Question;ReadAction;SearchAction;WebPage;WebSite,False,,2024-07-26T09:38:29+00:00,1.0,809,76,169,0,0,4.029,2.042,"insurance fraud detection software development services, fraud detection",0.247,https://diceus.com/ai-in-insurance-fraud-detection/,149,277,0.0,,en,False,False,False
https://diceus.com/insurance/testing-and-qa/,/insurance/testing-and-qa/,200,,True,insurance-sitemap.xml,2024-07-26T09:53:21+00:00,sitemap/seed,insurance_service,L2/L3 Insurance solutions & services,,True,19.3,True,False,https://diceus.com/insurance/testing-and-qa/,True,Software Testing and QA Services for Insurance Domain | DICEUS,62,1.0,DICEUS offers insurance software testing services a qualified team provides leveraging cutting-edge QA solutions.,113,1.0,Insurance software testing and QA services,1,1.0,11.0,1922,Answer;BreadcrumbList;EntryPoint;FAQPage;ImageObject;ListItem;LocalBusiness;Organization;PostalAddress;Question;ReadAction;SearchAction;WebPage;WebSite,False,,2024-07-26T09:53:21+00:00,1.0,809,77,173,0,0,4.03,2.054,"insurance software testing and qa services, testing and qa",0.188,https://diceus.com/services/software-testing-and-qa/,111,293,0.0,,en,False,False,False
https://diceus.com/insurance/underwriting/,/insurance/underwriting/,200,,True,insurance-sitemap.xml,2024-07-26T09:54:42+00:00,sitemap/seed,insurance_service,L2/L3 Insurance solutions & services,underwriting,True,53.1,True,False,https://diceus.com/insurance/underwriting/,True,Custom Insurance Underwriting Software Development | DICEUS,59,1.0,Opt for a custom platform implementation with insurance underwriting software development and automation by DICEUS,114,1.0,Insurance underwriting software development services,1,1.0,11.0,1468,Answer;BreadcrumbList;EntryPoint;FAQPage;ImageObject;ListItem;LocalBusiness;Organization;PostalAddress;Question;ReadAction;SearchAction;WebPage;WebSite,False,,2024-07-26T09:54:42+00:00,1.0,809,76,170,0,0,4.029,2.037,"insurance underwriting software development services, underwriting, insurance underwriting software development",0.206,https://diceus.com/insurance/property-casualty/,124,293,0.0,,en,False,False,False
https://diceus.com/insurance/property-casualty/,/insurance/property-casualty/,200,,True,insurance-sitemap.xml,2025-04-08T07:50:32+00:00,sitemap/seed,insurance_service,L2/L3 Insurance solutions & services,,True,52.1,True,False,https://diceus.com/insurance/property-casualty/,True,Custom P&C Insurance Software Development | DICEUS,50,1.0,"Discover property and casualty insurance software development, automation, and implementation services provided by DICEUS",121,1.0,P&C insurance software development services,1,1.0,12.0,1402,Answer;BreadcrumbList;EntryPoint;FAQPage;ImageObject;ListItem;LocalBusiness;Organization;PostalAddress;Question;ReadAction;SearchAction;WebPage;WebSite,False,,2025-04-08T07:50:32+00:00,1.0,809,73,175,0,0,4.029,1.968,"p&c insurance software development services, p&c",0.206,https://diceus.com/insurance/underwriting/,135,320,0.0,,en,False,False,False
https://diceus.com/insurance/solutions/broker-web-portal/,/insurance/solutions/broker-web-portal/,200,,True,insurance-sitemap.xml,2025-11-18T09:52:18+00:00,sitemap/seed,insurance_product,L1 Products,broker_distribution;customer_portal_cx,True,59.7,True,False,https://diceus.com/insurance/solutions/broker-web-portal/,True,Insurance Broker Portal Software - DICEUS,41,1.0,Insurance portal software for brokers,37,1.0,Insurance portal software for brokers,1,1.0,8.0,1976,Answer;BreadcrumbList;EntryPoint;FAQPage;ImageObject;ListItem;LocalBusiness;Organization;PostalAddress;Question;ReadAction;SearchAction;WebPage;WebSite,False,,2025-11-18T09:52:18+00:00,1.0,809,29,165,0,0,4.028,3.147,broker portal automate key broker tasks with an innovative p,0.283,https://diceus.com/insurance/solutions/customer-portal/,89,265,0.0,,en,False,False,False
https://diceus.com/insurance/solutions/insurance-underwriting-platform/,/insurance/solutions/insurance-underwriting-platform/,200,,True,insurance-sitemap.xml,2025-11-18T10:17:15+00:00,sitemap/seed,insurance_product,L1 Products,underwriting,True,59.5,True,False,https://diceus.com/insurance/solutions/insurance-underwriting-platform/,True,Commercial Insurance Underwriting Platform Powered with AI,58,1.0,Insurance Underwriting Workbench fueled by AI – Discover our software product with intelligent decision support for underwriters | DICEUS,137,1.0,AI-Powered Underwriting Workbench with Intelligent Decision Support,1,1.0,14.0,2624,Answer;BreadcrumbList;EntryPoint;FAQPage;ImageObject;ListItem;LocalBusiness;Organization;PostalAddress;Question;ReadAction;SearchAction;WebPage;WebSite,False,,2025-11-18T10:17:15+00:00,1.0,809,35,163,0,0,4.028,3.34,commercial underwriting workbench risk selection with intell,0.247,https://diceus.com/insurance/solutions/underwriting-workbench-for-life-insurance/,97,294,0.0,,en,False,False,False
https://diceus.com/insurance/solutions/insurance-data-warehouse/,/insurance/solutions/insurance-data-warehouse/,200,,True,insurance-sitemap.xml,2025-11-18T10:24:07+00:00,sitemap/seed,insurance_product,L1 Products,data_analytics_dwh,True,20.7,True,False,https://diceus.com/insurance/solutions/insurance-data-warehouse/,True,Data Warehouse for Insurance Company | DICEUS DWH solutions,59,1.0,Enterprise data warehouse for insurance—a digital solution for insurance businesses designed for seamless implementation and further maintenance.,145,1.0,Data Warehouse for Insurance Company,1,1.0,12.0,2170,Answer;BreadcrumbList;EntryPoint;FAQPage;ImageObject;ListItem;LocalBusiness;Organization;PostalAddress;Question;ReadAction;SearchAction;WebPage;WebSite,False,,2025-11-18T10:24:07+00:00,1.0,809,35,161,0,0,4.028,3.329,"data warehouse for insurance use insurance data for actionab, data warehouse for insurance businesses, data analytics and data warehouse",0.162,https://diceus.com/bi-in-insurance/,187,351,0.0,,en,False,False,False
https://diceus.com/insurance/solutions/group-insurance-management-platform/,/insurance/solutions/group-insurance-management-platform/,200,,True,insurance-sitemap.xml,2025-11-18T10:28:18+00:00,sitemap/seed,insurance_product,L1 Products,group_insurance,True,68.7,True,False,https://diceus.com/insurance/solutions/group-insurance-management-platform/,True,Individual and Group Insurance Management Platform | DICEUS,59,1.0,"Ready-made group insurance management platform for insurers, brokers, TPAs, employers, HR managers, and employees. Book a demo →",128,1.0,Individual and Group Insurance Management Platform,1,1.0,13.0,1731,Answer;BreadcrumbList;EntryPoint;FAQPage;ImageObject;ListItem;LocalBusiness;Organization;PostalAddress;Question;ReadAction;SearchAction;WebPage;WebSite,False,,2025-11-18T10:28:18+00:00,1.0,809,32,163,0,0,4.028,3.217,group insurance management platform streamline group insuran,0.258,https://diceus.com/insurance/solutions/,173,261,0.0,,en,False,False,False
https://diceus.com/insurance/solutions/policy-administration-system/,/insurance/solutions/policy-administration-system/,200,,True,insurance-sitemap.xml,2025-11-18T10:31:11+00:00,sitemap/seed,insurance_product,L1 Products,policy_administration,True,54.7,True,False,https://diceus.com/insurance/solutions/policy-administration-system/,True,Policy Administration System | Ready-Made Insurance Software,60,1.0,"Policy Administration System in Insurance: Check out our ready-made software for effective insurance policy and claim management, billing, and invoicing.",153,1.0,Policy Administration System,1,1.0,5.0,1737,Answer;BreadcrumbList;EntryPoint;FAQPage;ImageObject;ListItem;LocalBusiness;Organization;PostalAddress;Question;ReadAction;SearchAction;WebPage;WebSite,False,,2025-11-18T10:31:11+00:00,1.0,809,38,161,0,0,4.028,3.491,"policy administration system manage policies with speed, vis",0.254,https://diceus.com/insurance/solutions/captive-insurance/captive-insurance-software/,93,269,0.0,,en,False,False,False
https://diceus.com/insurance/app-development/,/insurance/app-development/,200,,True,insurance-sitemap.xml,2025-12-01T14:47:24+00:00,sitemap/seed,insurance_service,L2/L3 Insurance solutions & services,,True,36.6,True,False,https://diceus.com/insurance/app-development/,True,Insurance App Development Services | DICEUS,43,1.0,Insurance app development company DICEUS offers custom mobile and web application engineering services.,103,1.0,Insurance app development services,1,1.0,16.0,2298,Answer;BreadcrumbList;EntryPoint;FAQPage;ImageObject;ListItem;LocalBusiness;Organization;PostalAddress;Question;ReadAction;SearchAction;WebPage;WebSite,False,,2025-12-01T14:47:24+00:00,1.0,809,77,174,0,0,4.029,2.063,"insurance app development services, mobile app",0.186,https://diceus.com/insurance/policy-management/,84,316,0.0,,en,False,False,False
https://diceus.com/insurance/solutions/chatbot/,/insurance/solutions/chatbot/,200,,True,insurance-sitemap.xml,2026-01-28T11:25:39+00:00,sitemap/seed,insurance_product,L1 Products,,True,50.4,True,False,https://diceus.com/insurance/solutions/chatbot/,True,Chatbot for Insurance Industry | AI-Powered,43,1.0,"Chatbot for insurance industry, developed by DICEUS and powered by AI, is a perfect fit for customer engagement and omnichannel customer experience.",148,1.0,Chatbot for insurance industry,1,1.0,12.0,1567,BreadcrumbList;EntryPoint;ImageObject;ListItem;LocalBusiness;Organization;PostalAddress;ReadAction;SearchAction;WebPage;WebSite,False,,2026-01-28T11:25:39+00:00,1.0,809,46,161,0,0,4.028,3.671,"ai-powered chatbot build effective user journeys and convers, ai-powered chatbot",0.235,https://diceus.com/insurance/solutions/super-app/,146,315,0.0,,en,False,False,False
https://diceus.com/insurance/policy-management/,/insurance/policy-management/,200,,True,insurance-sitemap.xml,2026-01-28T12:00:18+00:00,sitemap/seed,insurance_service,L2/L3 Insurance solutions & services,policy_administration,True,34.7,True,False,https://diceus.com/insurance/policy-management/,True,Policy Management Software Development Services for Insurance,61,1.0,"Insurance policy management software development services: We build custom solutions to support health, life, travel, and other policies.",137,1.0,Insurance policy management software development services,1,1.0,19.0,2680,Answer;BreadcrumbList;EntryPoint;FAQPage;ImageObject;ListItem;LocalBusiness;Organization;PostalAddress;Question;ReadAction;SearchAction;WebPage;WebSite,False,,2026-01-28T12:00:18+00:00,1.0,809,77,180,0,0,4.029,2.085,policy management,0.198,https://diceus.com/insurance/customer-experience/,174,335,0.0,,en,False,False,False
https://diceus.com/insurance/policy-administration/,/insurance/policy-administration/,200,,True,insurance-sitemap.xml,2026-01-28T12:11:29+00:00,sitemap/seed,insurance_service,L2/L3 Insurance solutions & services,policy_administration,True,30.4,True,False,https://diceus.com/insurance/policy-administration/,True,Insurance Policy Administration Software Development | DICEUS,61,1.0,Looking for a custom platform for your insurance business? Use insurance policy administration software development services from DICEUS.,137,1.0,Insurance policy administration software development services,1,1.0,11.0,2202,Answer;BreadcrumbList;EntryPoint;FAQPage;ImageObject;ListItem;LocalBusiness;Organization;PostalAddress;Question;ReadAction;SearchAction;WebPage;WebSite,False,,2026-01-28T12:11:29+00:00,1.0,809,74,172,0,0,4.029,2.002,"insurance policy administration software development service, policy administration, insurance policy administration software development",0.197,https://diceus.com/insurance/policy-management/,105,281,0.0,,en,False,False,False
https://diceus.com/insurance/automation-software/,/insurance/automation-software/,200,,True,insurance-sitemap.xml,2026-01-28T12:32:26+00:00,sitemap/seed,insurance_service,L2/L3 Insurance solutions & services,,True,51.9,True,False,https://diceus.com/insurance/automation-software/,True,Insurance Automation Software Development Services | DICEUS,59,1.0,"Insurance automation software engineering services by DICEUS: Consulting, discovery phase, development, and implementation.",123,1.0,Insurance automation software development services,1,1.0,18.0,2429,Answer;BreadcrumbList;EntryPoint;FAQPage;ImageObject;ListItem;LocalBusiness;Organization;PostalAddress;Question;ReadAction;SearchAction;WebPage;WebSite,False,,2026-01-28T12:32:26+00:00,1.0,809,73,180,0,0,4.029,1.978,"insurance automation software development services, automation",0.213,https://diceus.com/insurance/health-claims-management/,148,337,0.0,,en,False,False,False
https://diceus.com/insurance/solutions/captive-insurance/,/insurance/solutions/captive-insurance/,200,,True,insurance-sitemap.xml,2026-02-06T15:25:12+00:00,sitemap/seed,insurance_product,L1 Products,alternative_risk,True,117.2,True,False,https://diceus.com/insurance/solutions/captive-insurance/,True,"Captive Insurance Company: Examples, Benefits, and Software",59,1.0,"What is a captive insurance company? Learn the meaning, types, and benefits of captives, how they work, and what software they use.",131,1.0,What is a captive insurance company?,1,1.0,8.0,964,BreadcrumbList;EntryPoint;ImageObject;ListItem;LocalBusiness;Organization;PostalAddress;ReadAction;SearchAction;WebPage;WebSite,False,,2026-02-06T15:25:12+00:00,1.0,809,0,162,0,0,4.028,0.219,,0.231,https://diceus.com/insurance/solutions/captive-insurance/captive-insurance-software/,130,238,0.0,,en,True,False,False
https://diceus.com/insurance/portal/,/insurance/portal/,200,,True,insurance-sitemap.xml,2026-03-06T08:42:52+00:00,sitemap/seed,insurance_service,L2/L3 Insurance solutions & services,customer_portal_cx,True,44.0,True,False,https://diceus.com/insurance/portal/,True,Insurance Web Portal Development & Ready-Made Solutions,55,1.0,Insurance web portal software development and implementation services. Check out our ready-made portals for customers and brokers.,130,1.0,Insurance web portal development services,1,1.0,14.0,2252,Answer;BreadcrumbList;EntryPoint;FAQPage;ImageObject;ListItem;LocalBusiness;Organization;PostalAddress;Question;ReadAction;SearchAction;WebPage;WebSite,False,,2026-03-06T08:42:52+00:00,1.0,809,73,179,0,0,4.029,1.972,"insurance web portal development services, portal",0.251,https://diceus.com/insurance/contact-management/,160,326,0.0,,en,False,False,False
https://diceus.com/insurance/solutions/reinsurance-platform/,/insurance/solutions/reinsurance-platform/,200,,True,insurance-sitemap.xml,2026-03-30T15:41:10+00:00,sitemap/seed,insurance_product,L1 Products,reinsurance;data_analytics_dwh,True,62.3,True,False,https://diceus.com/insurance/solutions/reinsurance-platform/,True,Reinsurance Financial and Data Exchange Platform by DICEUS,58,1.0,"Reinsurance Financial and Data Exchange Platform developed by DICEUS for effective interaction between cedents, brokers, and reinsurers.",136,1.0,Reinsurance Financial and Data Exchange Platform,1,1.0,13.0,1092,BreadcrumbList;EntryPoint;ImageObject;ListItem;LocalBusiness;Organization;PostalAddress;ReadAction;SearchAction;WebPage;WebSite,False,,2026-03-30T15:41:10+00:00,1.0,809,23,161,0,0,4.028,2.674,"reinsurance platform connect сedents, brokers, and reinsurer",0.285,https://diceus.com/insurance/solutions/general-ledger-platform/,318,268,0.0,,en,False,False,False
https://diceus.com/insurance/solutions/underwriting-workbench-for-health-insurance/,/insurance/solutions/underwriting-workbench-for-health-insurance/,200,,True,insurance-sitemap.xml,2026-04-15T14:37:13+00:00,sitemap/seed,insurance_product,L1 Products,underwriting,True,42.8,True,False,https://diceus.com/insurance/solutions/underwriting-workbench-for-health-insurance/,True,AI-Powered Underwriting Workbench | Health Insurance,52,1.0,"AI-Powered Underwriting Workbench designed for health insurance companies and underwriting teams, providing intelligent decision-making support.",144,1.0,AI-Powered Underwriting Workbench for Health Insurance,1,1.0,7.0,912,BreadcrumbList;EntryPoint;ImageObject;ListItem;LocalBusiness;Organization;PostalAddress;ReadAction;SearchAction;WebPage;WebSite,False,,2026-04-15T14:37:13+00:00,1.0,809,22,161,0,0,4.028,2.622,health underwriting workbench,0.293,https://diceus.com/insurance/solutions/underwriting-workbench-for-life-insurance/,139,242,0.0,,en,False,False,False
https://diceus.com/insurance/solutions/underwriting-workbench-for-life-insurance/,/insurance/solutions/underwriting-workbench-for-life-insurance/,200,,True,insurance-sitemap.xml,2026-04-20T12:08:28+00:00,sitemap/seed,insurance_product,L1 Products,underwriting,True,53.9,True,False,https://diceus.com/insurance/solutions/underwriting-workbench-for-life-insurance/,True,AI-Powered Underwriting Workbench | Life Insurance,50,1.0,"AI-Powered Underwriting Workbench built for life insurance companies and underwriters, configurable dashboards and workflows.",125,1.0,AI-Powered Underwriting Platform for Life Insurance,1,1.0,5.0,1076,BreadcrumbList;EntryPoint;ImageObject;ListItem;LocalBusiness;Organization;PostalAddress;ReadAction;SearchAction;WebPage;WebSite,False,,2026-04-20T12:08:28+00:00,1.0,809,24,161,0,0,4.028,2.705,life underwriting workbench,0.293,https://diceus.com/insurance/solutions/underwriting-workbench-for-health-insurance/,65,245,0.0,,en,False,False,False
https://diceus.com/insurance/solutions/group-insurance-management-platform/life-and-pensions/,/insurance/solutions/group-insurance-management-platform/life-and-pensions/,200,,True,insurance-sitemap.xml,2026-04-30T12:23:04+00:00,sitemap/seed,insurance_product,L1 Products,group_insurance,True,44.8,True,False,https://diceus.com/insurance/solutions/group-insurance-management-platform/life-and-pensions/,True,Group Insurance Management Platform | Life & Pensions,53,1.0,Group Insurance Management Platform developed by DICEUS – a ready-made software product to manage group life insurance and pensions.,132,1.0,Group Insurance Management Platform for Life & Pensions,1,1.0,5.0,983,BreadcrumbList;EntryPoint;ImageObject;ListItem;LocalBusiness;Organization;PostalAddress;ReadAction;SearchAction;WebPage;WebSite,False,,2026-04-30T12:23:04+00:00,1.0,809,23,161,0,0,4.028,2.64,group life & pensions platform,0.398,https://diceus.com/insurance/solutions/group-insurance-management-platform/health/,101,253,0.0,,en,False,False,False
https://diceus.com/insurance/solutions/general-ledger-platform/,/insurance/solutions/general-ledger-platform/,200,,True,insurance-sitemap.xml,2026-05-11T17:14:34+00:00,sitemap/seed,insurance_product,L1 Products,general_ledger_finance,True,49.1,True,False,https://diceus.com/insurance/solutions/general-ledger-platform/,True,Insurance General Ledger Platform | DICEUS,42,1.0,"General Ledger for insurance companies developed by DICEUS is a financial core system that includes subledgers, regulatory reporting, reserves, audit, and many other features.",175,1.0,General Ledger Platform for Insurance,1,1.0,5.0,1222,BreadcrumbList;EntryPoint;ImageObject;ListItem;LocalBusiness;Organization;PostalAddress;ReadAction;SearchAction;WebPage;WebSite,False,,2026-05-11T17:14:34+00:00,1.0,809,24,161,0,0,4.028,2.734,insurance general ledger platform,0.285,https://diceus.com/insurance/solutions/reinsurance-platform/,132,256,0.0,,en,False,False,False
https://diceus.com/insurance/solutions/super-app/car-insurance/,/insurance/solutions/super-app/car-insurance/,200,,True,insurance-sitemap.xml,2026-05-13T12:53:29+00:00,sitemap/seed,insurance_product,L1 Products,customer_portal_cx,True,62.1,True,False,https://diceus.com/insurance/solutions/super-app/car-insurance/,True,Super App for Car Insurance Companies | DICEUS,46,1.0,Explore features of Super App for car insurance companies and their benefits for policyholders and insurers.,108,1.0,Auto insurance software,1,1.0,6.0,2061,Answer;BreadcrumbList;EntryPoint;FAQPage;ImageObject;ListItem;LocalBusiness;Organization;PostalAddress;Question;ReadAction;SearchAction;WebPage;WebSite,False,,2026-05-13T12:53:29+00:00,1.0,809,6,163,0,0,4.028,0.825,super app car,0.728,https://diceus.com/insurance/solutions/super-app/life-insurance/,269,314,0.0,,en,False,False,False
https://diceus.com/insurance/solutions/super-app/health-insurance/,/insurance/solutions/super-app/health-insurance/,200,,True,insurance-sitemap.xml,2026-05-13T12:53:31+00:00,sitemap/seed,insurance_product,L1 Products,customer_portal_cx,True,51.8,True,False,https://diceus.com/insurance/solutions/super-app/health-insurance/,True,Super App for Health Insurance Companies | DICEUS,49,1.0,"Super App for health insurance companies increases revenue, decreases cost of claims, and improves customer loyalty.",116,1.0,Software for health insurance companies,1,1.0,7.0,2219,Answer;BreadcrumbList;EntryPoint;FAQPage;ImageObject;ListItem;LocalBusiness;Organization;PostalAddress;Question;ReadAction;SearchAction;WebPage;WebSite,False,,2026-05-13T12:53:31+00:00,1.0,809,7,163,0,0,4.028,0.846,super app health,0.692,https://diceus.com/insurance/solutions/super-app/life-insurance/,368,339,0.0,,en,False,False,False
https://diceus.com/insurance/solutions/super-app/life-insurance/,/insurance/solutions/super-app/life-insurance/,200,,True,insurance-sitemap.xml,2026-05-13T12:53:33+00:00,sitemap/seed,insurance_product,L1 Products,customer_portal_cx,True,55.1,True,False,https://diceus.com/insurance/solutions/super-app/life-insurance/,True,Super App for Investment and Life Insurance Companies,53,1.0,Discover unique features of Super App for investment and life cover companies and its benefits for insurers and policyholders.,126,1.0,Super App for Investment and Life Cover Insurance Companies,1,1.0,8.0,1705,BreadcrumbList;EntryPoint;ImageObject;ListItem;LocalBusiness;Organization;PostalAddress;ReadAction;SearchAction;WebPage;WebSite,False,,2026-05-13T12:53:33+00:00,1.0,809,9,163,0,0,4.028,0.931,super app life and unit-linked products,0.728,https://diceus.com/insurance/solutions/super-app/car-insurance/,145,338,0.0,,en,False,False,False
https://diceus.com/insurance/solutions/super-app/,/insurance/solutions/super-app/,200,,True,insurance-sitemap.xml,2026-05-13T12:53:35+00:00,sitemap/seed,insurance_product,L1 Products,customer_portal_cx,True,53.8,True,False,https://diceus.com/insurance/solutions/super-app/,True,Mobile App for Insurance Companies | Customer-Facing Super App,62,1.0,"Mobile app for insurers that supports digital self-services for health, life and unit-linked, car, travel, and other types of insurance.",136,1.0,Customer-facing Super App for insurance companies,1,1.0,7.0,1300,Answer;BreadcrumbList;EntryPoint;FAQPage;ImageObject;ListItem;LocalBusiness;Organization;PostalAddress;Question;ReadAction;SearchAction;WebPage;WebSite,False,,2026-05-13T12:53:35+00:00,1.0,809,42,164,0,0,4.028,3.623,insurance super app improve customer engagement with advance,0.316,https://diceus.com/insurance/solutions/super-app/car-insurance/,138,280,0.0,,en,False,False,False
https://diceus.com/insurance/solutions/customer-portal/,/insurance/solutions/customer-portal/,200,,True,insurance-sitemap.xml,2026-07-01T16:48:32+00:00,sitemap/seed,insurance_product,L1 Products,customer_portal_cx,True,55.6,True,False,https://diceus.com/insurance/solutions/customer-portal/,True,Insurance Web Portal Development,32,1.0,"Insurance self-service portal development and ready-made portals with functionalities allowing users to purchase insurance, file claims, and manage information.",160,1.0,Insurance web portal development and ready-made portals,1,1.0,8.0,2196,Answer;BreadcrumbList;EntryPoint;FAQPage;ImageObject;ListItem;LocalBusiness;Organization;PostalAddress;Question;ReadAction;SearchAction;WebPage;WebSite,False,,2026-07-01T16:48:32+00:00,1.0,809,34,163,0,0,4.028,3.403,customer web portal create omnichannel customer experiences ,0.283,https://diceus.com/insurance/solutions/broker-web-portal/,114,287,0.0,,en,False,False,False
https://diceus.com/insurance/solutions/captive-insurance/captive-management-platform/,/insurance/solutions/captive-insurance/captive-management-platform/,200,,True,insurance-sitemap.xml,2026-07-09T10:28:52+00:00,sitemap/seed,insurance_product,L1 Products,alternative_risk,True,59.5,False,True,https://diceus.com/insurance/solutions/captive-insurance/captive-management-platform/,True,Captive Management Platform | Insurance Software,48,1.0,Captive Management Platform for captive managers with all key modules and functionalities. Request a demo.,106,1.0,Captive Management Platform,1,1.0,3.0,1243,BreadcrumbList;EntryPoint;ImageObject;ListItem;LocalBusiness;Organization;PostalAddress;ReadAction;SearchAction;WebPage;WebSite,False,,2026-07-09T10:28:52+00:00,1.0,809,25,161,0,0,4.028,2.738,"captive management platform, explore",0.346,https://diceus.com/why-captive-managers-are-moving-away-from-spreadsheets/,190,252,0.0,,en,False,False,True
https://diceus.com/insurance/solutions/group-insurance-management-platform/health/,/insurance/solutions/group-insurance-management-platform/health/,200,,True,insurance-sitemap.xml,2026-07-09T10:29:16+00:00,sitemap/seed,insurance_product,L1 Products,group_insurance,True,54.8,False,True,https://diceus.com/insurance/solutions/group-insurance-management-platform/health/,True,Group Health Insurance Management Platform | DICEUS,51,1.0,"Explore a ready-made group insurance management platform for corporate health insurance, HR and member self-service portals included.",133,1.0,Group Health Insurance Management Platform,1,1.0,6.0,1131,BreadcrumbList;EntryPoint;ImageObject;ListItem;LocalBusiness;Organization;PostalAddress;ReadAction;SearchAction;WebPage;WebSite,False,,2026-07-09T10:29:16+00:00,1.0,809,22,161,0,0,4.028,2.622,group health insurance platform,0.398,https://diceus.com/insurance/solutions/group-insurance-management-platform/life-and-pensions/,158,255,0.0,,en,False,False,True
https://diceus.com/insurance/solutions/risk-retention-group-management-platform/,/insurance/solutions/risk-retention-group-management-platform/,200,,True,insurance-sitemap.xml,2026-07-09T10:29:36+00:00,sitemap/seed,insurance_product,L1 Products,alternative_risk,True,55.9,False,True,https://diceus.com/insurance/solutions/risk-retention-group-management-platform/,True,Risk Retention Group Management Platform | DICEUS,49,1.0,"Explore a ready-made Risk Retention Group Management Platform from DICEUS to handle policy admin, underwriting, and financials in one system.",141,1.0,Risk Retention Group Management Platform,1,1.0,11.0,1591,BreadcrumbList;EntryPoint;ImageObject;ListItem;LocalBusiness;Organization;PostalAddress;ReadAction;SearchAction;WebPage;WebSite,False,,2026-07-09T10:29:36+00:00,1.0,809,23,161,0,0,4.028,2.674,"risk retention group platform, explore",0.32,https://diceus.com/insurance/solutions/alternative-risk-platform/,130,274,0.0,,en,False,False,True
https://diceus.com/insurance/solutions/alternative-risk-platform/,/insurance/solutions/alternative-risk-platform/,200,,True,insurance-sitemap.xml,2026-08-05T10:37:46+00:00,sitemap/seed,insurance_product,L1 Products,alternative_risk,True,47.5,True,False,https://diceus.com/insurance/solutions/alternative-risk-platform/,True,Alternative Risk Solutions: Ready-Made Operating Platform,57,1.0,"Alternative risk transfer solutions: explore DICEUS ready-made platform for captive managers, RRGs, MGAs, self-insurance, program, and ART administrators.",154,1.0,Alternative Risk Platform,1,1.0,11.0,1558,BreadcrumbList;EntryPoint;ImageObject;ListItem;LocalBusiness;Organization;PostalAddress;ReadAction;SearchAction;WebPage;WebSite,False,,2026-08-05T10:37:46+00:00,1.0,809,24,165,0,0,4.028,2.764,alternative risk platform,0.32,https://diceus.com/insurance/solutions/risk-retention-group-management-platform/,143,280,0.0,,en,False,False,False
https://diceus.com/insurance/free-strategy-session/,/insurance/free-strategy-session/,200,,True,insurance-sitemap.xml,2026-08-26T15:28:20+00:00,sitemap/seed,conversion,Conversion,,True,30.3,True,False,https://diceus.com/insurance/free-strategy-session/,True,Free Strategy Consulting on Your Insurance Software Project,59,1.0,"Get free IT consultation on the development of your insurance software project, and we'll provide you a swift, trouble-free plan.",129,1.0,Let's talk!,1,1.0,0.0,33,BreadcrumbList;EntryPoint;ImageObject;ListItem;LocalBusiness;Organization;PostalAddress;ReadAction;SearchAction;WebPage;WebSite,False,,2026-08-26T15:28:20+00:00,2.0,15,15,106,0,0,0.558,1.226,"send request, book a call, estimate project",0.538,https://diceus.com/free-strategy-session/,121,178,0.0,,en,False,False,False
https://diceus.com/insurance/risk-management-development/,/insurance/risk-management-development/,200,,True,insurance-sitemap.xml,2026-08-31T11:54:42+00:00,sitemap/seed,insurance_service,L2/L3 Insurance solutions & services,,True,34.0,True,False,https://diceus.com/insurance/risk-management-development/,True,Custom Insurance Risk Management Software Development,53,1.0,Insurance risk management software development services: DICEUS builds custom solutions and offers ready-made products for insurers.,132,1.0,Insurance risk management software development services,1,1.0,15.0,2503,Answer;BreadcrumbList;EntryPoint;FAQPage;ImageObject;ListItem;LocalBusiness;Organization;PostalAddress;Question;ReadAction;SearchAction;WebPage;WebSite,False,,2026-08-31T11:54:42+00:00,1.0,809,80,182,0,0,4.029,2.168,"insurance risk management software development services, risk management",0.185,https://diceus.com/insurance/agency-management/,151,335,0.0,,en,False,False,False
https://diceus.com/insurance/solutions/captive-insurance/captive-owner-portal/,/insurance/solutions/captive-insurance/captive-owner-portal/,200,,True,insurance-sitemap.xml,2026-09-02T10:01:46+00:00,sitemap/seed,insurance_product,L1 Products,customer_portal_cx;alternative_risk,True,80.2,True,False,https://diceus.com/insurance/solutions/captive-insurance/captive-owner-portal/,True,Captive Owner Portal - Your Portfolio in One Place | DICEUS,59,1.0,"Captive Owner Portal by DICEUS gives captive owners real-time visibility into premiums, policies, claims, financials, solvency, compliance, and reinsurance across all captives in one place.",189,1.0,Captive Owner Portal,1,1.0,4.0,1259,BreadcrumbList;EntryPoint;ImageObject;ListItem;LocalBusiness;Organization;PostalAddress;ReadAction;SearchAction;WebPage;WebSite,False,,2026-09-02T10:01:46+00:00,1.0,809,25,161,0,0,4.028,2.738,"captive owner platform, explore",0.29,https://diceus.com/insurance/solutions/captive-insurance/captive-management-platform/,258,271,0.0,,en,False,False,False
https://diceus.com/insurance/solutions/captive-insurance/captive-insurance-software/,/insurance/solutions/captive-insurance/captive-insurance-software/,200,,True,insurance-sitemap.xml,2026-09-02T10:03:57+00:00,sitemap/seed,insurance_product,L1 Products,alternative_risk,True,64.6,True,False,https://diceus.com/insurance/solutions/captive-insurance/captive-insurance-software/,True,Captive Insurance Software - Automate Operations | DICEUS,57,1.0,"Captive insurance solutions from DICEUS: A modular, ready-made Policy Administration System for captives and captive managers to automate and customize your workflows the way you need them.",189,1.0,Captive insurance software for captives and captive managers,1,1.0,10.0,2274,BreadcrumbList;EntryPoint;ImageObject;ListItem;LocalBusiness;Organization;PostalAddress;ReadAction;SearchAction;WebPage;WebSite,False,,2026-09-02T10:03:57+00:00,1.0,809,27,161,0,0,4.028,3.014,"for captives and captive managers, learn more",0.254,https://diceus.com/insurance/solutions/policy-administration-system/,98,283,0.0,,en,False,False,False
https://diceus.com/insurance/customer-experience/,/insurance/customer-experience/,200,,True,insurance-sitemap.xml,2026-09-24T07:44:53+00:00,sitemap/seed,insurance_service,L2/L3 Insurance solutions & services,customer_portal_cx,True,34.3,True,False,https://diceus.com/insurance/customer-experience/,True,Insurance Customer Experience | DICEUS,38,1.0,DICEUS specializes in the insurance customer experience. Our developers provide robust and customized software solutions for companies around the world.,152,1.0,Insurance customer experience,1,1.0,12.0,1664,Answer;BreadcrumbList;EntryPoint;FAQPage;ImageObject;ListItem;LocalBusiness;Organization;PostalAddress;Question;ReadAction;SearchAction;WebPage;WebSite,False,,2026-09-24T07:44:53+00:00,1.0,809,73,171,0,0,4.029,1.966,"insurance customer experience, customer experience",0.34,https://diceus.com/insurance/agency-management/,144,295,0.0,,en,False,False,False
https://diceus.com/insurance/health-claims-management/,/insurance/health-claims-management/,200,,True,insurance-sitemap.xml,2026-09-24T11:53:28+00:00,sitemap/seed,insurance_service,L2/L3 Insurance solutions & services,claims,True,58.6,True,False,https://diceus.com/insurance/health-claims-management/,True,Insurance Claims Management Software Development (Health),57,1.0,"Insurance claims management software development services by DICEUS: Wide tech stack, 15 years of experience, proven track record.",130,1.0,Health insurance claims management software development,1,1.0,11.0,2217,Answer;BreadcrumbList;EntryPoint;FAQPage;ImageObject;ListItem;LocalBusiness;Organization;PostalAddress;Question;ReadAction;SearchAction;WebPage;WebSite,False,,2026-09-24T11:53:28+00:00,1.0,809,75,176,0,0,4.029,2.032,"health insurance claims management software development, health claims management",0.213,https://diceus.com/insurance/automation-software/,104,297,0.0,,en,False,False,False
https://diceus.com/insurance/solutions/,/insurance/solutions/,200,,True,insurance-sitemap.xml,2026-09-28T16:14:38+00:00,sitemap/seed,insurance_products_hub,L1 Products (hub),,True,69.4,True,False,https://diceus.com/insurance/solutions/,True,Ready-made Insurance Software Products | Developed by DICEUS,60,1.0,"Insurance software products for underwriting, group insurance management, customer engagement, core operations. Ready-made and easy to implement | Developed by DICEUS",166,1.0,Ready-made software products for insurance,1,1.0,11.0,951,BreadcrumbList;EntryPoint;ImageObject;ListItem;LocalBusiness;Organization;PostalAddress;ReadAction;SearchAction;WebPage;WebSite,False,,2026-09-28T16:14:38+00:00,1.0,809,107,152,0,0,4.028,3.49,"explore now, solutions",0.284,https://diceus.com/insurance/,144,282,0.0,,en,False,False,False
https://diceus.com/insurance/data-analytics/,/insurance/data-analytics/,200,,True,insurance-sitemap.xml,2026-10-05T11:55:21+00:00,sitemap/seed,insurance_service,L2/L3 Insurance solutions & services,data_analytics_dwh,True,38.5,True,False,https://diceus.com/insurance/data-analytics/,True,Custom Insurance Data Analytics Software Development | DICEUS,61,1.0,Data analytics software for insurance: Custom development and ready-made solutions. Effective BI and user-friendly dashboards.,126,1.0,Insurance data analytics software development services,1,1.0,14.0,1975,Answer;BreadcrumbList;EntryPoint;FAQPage;ImageObject;ListItem;LocalBusiness;Organization;PostalAddress;Question;ReadAction;SearchAction;WebPage;WebSite,False,,2026-10-05T11:55:21+00:00,1.0,809,74,178,0,0,4.029,2.016,"insurance data analytics software development services, data analytics, insurance data analytics software development",0.197,https://diceus.com/insurance/fraud-detection-software/,222,300,0.0,,en,False,False,False
https://diceus.com/insurance/claims-analytics/,/insurance/claims-analytics/,200,,True,insurance-sitemap.xml,2026-10-05T12:37:21+00:00,sitemap/seed,insurance_service,L2/L3 Insurance solutions & services,claims;data_analytics_dwh,True,54.7,True,False,https://diceus.com/insurance/claims-analytics/,True,Claims analytics and dashboards for insurers | DICEUS,53,1.0,"Claims analytics for insurers: executive, financial, and adjuster dashboards that read the claims register directly, with leakage and recovery in the same view.",160,1.0,Claims analytics,1,1.0,18.0,2176,Answer;BreadcrumbList;EntryPoint;FAQPage;ImageObject;ListItem;LocalBusiness;Organization;PostalAddress;Question;ReadAction;SearchAction;WebPage;WebSite,False,,2026-10-05T12:37:21+00:00,1.0,809,75,174,0,0,4.028,2.032,"insurance claims analytics software development services, claims analytics, insurance claims analytics software development",0.357,https://diceus.com/insurance/claims-management-development/,140,304,0.0,,en,False,False,False
https://diceus.com/insurance/claims-management-development/,/insurance/claims-management-development/,200,,True,insurance-sitemap.xml,2026-10-05T12:47:16+00:00,sitemap/seed,insurance_service,L2/L3 Insurance solutions & services,claims,True,57.1,True,False,https://diceus.com/insurance/claims-management-development/,True,Insurance Claims Management Software | DICEUS,45,1.0,"Claims management software for carriers, TPAs, MGAs, and other insurance teams that need a modern configurable solution covering a full claim cycle.",148,1.0,Insurance claims management software,1,1.0,21.0,2435,Answer;BreadcrumbList;EntryPoint;FAQPage;ImageObject;ListItem;LocalBusiness;Organization;PostalAddress;Question;ReadAction;SearchAction;WebPage;WebSite,False,,2026-10-05T12:47:16+00:00,1.0,809,86,178,0,0,4.029,2.281,"claims management, claims management software",0.357,https://diceus.com/insurance/claims-analytics/,74,315,0.0,,en,False,False,False
https://diceus.com/case-studies/sap-erp-audit-for-major-retailer/,/case-studies/sap-erp-audit-for-major-retailer/,200,,True,case-sitemap.xml,2026-01-28T12:58:01+00:00,sitemap/seed,case_study,Proof,,False,0.0,True,False,https://diceus.com/case-studies/sap-erp-audit-for-major-retailer/,True,Audit of SAP ERP Modules for Fashion Brand,42,1.0,Read the story behind a complex SAP ERP audit for Palmers Textil. We've analyzed 8 core areas and suggested improvements of many internal modules with a potential saving of €1.5 million.,186,1.0,SAP ERP audit for Palmers Textil,1,1.0,11.0,1354,BreadcrumbList;EntryPoint;ImageObject;ListItem;Organization;ReadAction;SearchAction;WebPage;WebSite,False,,2026-01-28T12:58:01+00:00,2.0,18,18,296,0,0,0.256,1.062,"sap erp audit for palmers textil, discover",0.325,https://diceus.com/case-studies/e-commerce-platform-migration/,209,293,0.0,x-default,en,False,False,False
https://diceus.com/case-studies/pentaho-microstrategy-audit/,/case-studies/pentaho-microstrategy-audit/,200,,True,case-sitemap.xml,2026-01-28T12:58:18+00:00,sitemap/seed,case_study,Proof,,False,0.0,True,False,https://diceus.com/case-studies/pentaho-microstrategy-audit/,True,Palmers Textil Case: Pentaho and Microstrategy Audit,52,1.0,Check how DICEUS worked with Palmers - the fashion company from Austria. We analyzed the internal ETL and reporting processes based on Pentaho and MicroStrategy.,161,1.0,Pentaho and microstrategy audit for Palmers Textil,1,1.0,12.0,855,BreadcrumbList;EntryPoint;ImageObject;ListItem;Organization;ReadAction;SearchAction;WebPage;WebSite,False,,2026-01-28T12:58:18+00:00,2.0,11,11,294,0,0,0.242,0.335,pentaho and microstrategy audit for palmers textil,0.37,https://diceus.com/case-studies/infrastructure-technical-audit/,132,287,0.0,x-default,en,False,False,False
https://diceus.com/case-studies/crm-process-audit/,/case-studies/crm-process-audit/,200,,True,case-sitemap.xml,2026-01-28T12:58:20+00:00,sitemap/seed,case_study,Proof,,False,0.0,True,False,https://diceus.com/case-studies/crm-process-audit/,True,CRM Assessment for Palmers Textil,33,1.0,The detailed and well-though CRM process audit in nine areas. Our clients got much critical info about their internal processes and solutions. We suggested how to improve everything related to customer relations.,212,1.0,CRM process audit for Palmers Textil,1,1.0,11.0,1027,BreadcrumbList;EntryPoint;ImageObject;ListItem;Organization;ReadAction;SearchAction;WebPage;WebSite,False,,2026-01-28T12:58:20+00:00,3.0,7,7,296,0,0,0.191,0.271,crm process audit for palmers textil,0.365,https://diceus.com/case-studies/infrastructure-technical-audit/,141,287,0.0,x-default,en,False,False,False
https://diceus.com/case-studies/infrastructure-technical-audit/,/case-studies/infrastructure-technical-audit/,200,,True,case-sitemap.xml,2026-01-28T12:58:56+00:00,sitemap/seed,case_study,Proof,,False,0.0,True,False,https://diceus.com/case-studies/infrastructure-technical-audit/,True,Infrastructure Audit for Palmers Textil,39,1.0,"Find out how we performed an in-depth technical infrastructure audit for Palmers. The analysis of servers, migration processes, and licenses allowed the client to save up to 50% of the infrastructure budget per month.",217,1.0,Technical and infrastructure audit for Palmers Textil,1,1.0,11.0,1021,BreadcrumbList;EntryPoint;ImageObject;ListItem;Organization;ReadAction;SearchAction;WebPage;WebSite,False,,2026-01-28T12:58:56+00:00,3.0,7,7,295,0,0,0.191,0.271,technical and infrastructure audit for palmers textil,0.445,https://diceus.com/case-studies/pos-software-code-audit/,138,288,0.0,x-default,en,False,False,False
https://diceus.com/case-studies/software-audit-workshop-for-subc/,/case-studies/software-audit-workshop-for-subc/,200,,True,case-sitemap.xml,2026-01-28T12:59:20+00:00,sitemap/seed,case_study,Proof,,False,0.0,True,False,https://diceus.com/case-studies/software-audit-workshop-for-subc/,True,Software Audit During On-Site Enterprise Workshop,49,1.0,Look at how we analyzed and prepared detailed documentation after a two-day audit-focused on-site workshop. The project was focused on analysis of internal client software and ways to improve it.,195,1.0,On-site workshop with software audit in the oil & gas company,1,1.0,12.0,856,BreadcrumbList;EntryPoint;ImageObject;ListItem;Organization;ReadAction;SearchAction;WebPage;WebSite,False,,2026-01-28T12:59:20+00:00,2.0,10,10,296,0,0,0.203,0.942,"on-site workshop with software audit in the oil & gas compan, discover",0.199,https://diceus.com/discovery-phase/,205,287,0.0,x-default,en,False,False,False
https://diceus.com/case-studies/chatbot-for-insurance-company/,/case-studies/chatbot-for-insurance-company/,200,,True,case-sitemap.xml,2026-01-28T13:04:43+00:00,sitemap/seed,case_study,Proof,,True,50.5,True,False,https://diceus.com/case-studies/chatbot-for-insurance-company/,True,AI-Powered Chatbot Development for the Insurance Company,56,1.0,Chatbot development to be used by the insurance company. Read this case study about chatbot development and implementation DICEUS did for the needs of the insurance company.,173,1.0,Chatbot “Vitaminise” used by the insurance company,1,1.0,12.0,1010,BreadcrumbList;EntryPoint;ImageObject;ListItem;Organization;ReadAction;SearchAction;WebPage;WebSite,False,,2026-01-28T13:04:43+00:00,2.0,80,51,298,0,0,1.41,3.322,"chatbot “vitaminise” used by the insurance company, ai-powered chatbot for insurance company, integrating the chat",0.168,https://diceus.com/case-studies/discovery-phase-and-mobile-app-development-for-insurance-company-uniqa/,260,284,0.0,x-default,en,False,False,False
https://diceus.com/case-studies/discovery-phase-and-mobile-app-development-for-insurance-company-uniqa/,/case-studies/discovery-phase-and-mobile-app-development-for-insurance-company-uniqa/,200,,True,case-sitemap.xml,2026-01-28T13:04:58+00:00,sitemap/seed,case_study,Proof,,True,23.5,True,False,https://diceus.com/case-studies/discovery-phase-and-mobile-app-development-for-insurance-company-uniqa/,True,Mobile App Development for Insurance Company UNIQA,50,1.0,Case study: Mobile app development for insurance company UNIQA,62,1.0,Discovery phase and mobile app development for insurance company UNIQA,1,1.0,13.0,1278,BreadcrumbList;EntryPoint;ImageObject;ListItem;Organization;ReadAction;SearchAction;WebPage;WebSite,False,,2026-01-28T13:04:58+00:00,1.0,129,104,298,0,0,1.86,4.843,"view case, discovery phase and mobile app development for insurance com, mobile app development for uniqa",0.33,https://diceus.com/case-studies/mobile-app-development-for-insurance-company-uniqa/,260,290,1.0,x-default,en,False,False,False
https://diceus.com/case-studies/mobile-and-web-app-development-for-digital-healthcare-products/,/case-studies/mobile-and-web-app-development-for-digital-healthcare-products/,200,,True,case-sitemap.xml,2026-01-28T13:05:10+00:00,sitemap/seed,case_study,Proof,,False,0.0,True,False,https://diceus.com/case-studies/mobile-and-web-app-development-for-digital-healthcare-products/,True,Case Study: Mobile and Web App Development for Healthcare Digital Products,74,1.0,Learn how we developed mobile and web apps for digital healthcare solutions integrated with the UK governmental health system.,126,1.0,Mobile and web app development for digital healthcare products,1,1.0,12.0,727,BreadcrumbList;EntryPoint;ImageObject;ListItem;Organization;ReadAction;SearchAction;WebPage;WebSite,False,,2026-01-28T13:05:10+00:00,2.0,58,58,295,0,0,0.613,1.639,mobile and web app development for digital healthcare produc,0.174,https://diceus.com/case-studies/industry/healthcare/,927,286,0.0,x-default,en,False,False,False
https://diceus.com/case-studies/cloud-based-project-management-solution/,/case-studies/cloud-based-project-management-solution/,200,,True,case-sitemap.xml,2026-01-28T13:05:12+00:00,sitemap/seed,case_study,Proof,,False,2.8,True,False,https://diceus.com/case-studies/cloud-based-project-management-solution/,True,Development of the New ProChain Enterprise Software Version,59,1.0,Explore our work on upgrading the core ProChain Enterprise project management solution. We're working on the next version of this software that delivers more advanced features and values like CI/CD.,198,1.0,Cloud-based project management solution,1,1.0,12.0,717,BreadcrumbList;EntryPoint;ImageObject;ListItem;Organization;ReadAction;SearchAction;WebPage;WebSite,False,,2026-01-28T13:05:12+00:00,2.0,79,79,300,0,0,0.629,3.48,cloud-based project management solution,0.155,https://diceus.com/case-studies/industry/software-product/,319,286,0.0,x-default,en,False,False,False
https://diceus.com/case-studies/improvements-of-google-cloud-platform-environment/,/case-studies/improvements-of-google-cloud-platform-environment/,200,,True,case-sitemap.xml,2026-01-28T13:05:22+00:00,sitemap/seed,case_study,Proof,,False,0.0,True,False,https://diceus.com/case-studies/improvements-of-google-cloud-platform-environment/,True,GCP Platform Environment Improvements for Clear Labs,52,1.0,Case study: Improvements of Google Cloud Platform environment for Clear Labs,76,1.0,Improvements of Google Cloud Platform environment for Clear Labs,1,1.0,12.0,780,BreadcrumbList;EntryPoint;ImageObject;ListItem;Organization;ReadAction;SearchAction;WebPage;WebSite,False,,2026-01-28T13:05:22+00:00,2.0,44,44,293,0,0,0.544,1.539,"improvements of google cloud platform environment for clear , check the project",0.166,https://diceus.com/case-studies/industry/healthcare/,417,284,0.0,x-default,en,False,False,False
https://diceus.com/case-studies/web-app-development-for-the-telecom-company-nema/,/case-studies/web-app-development-for-the-telecom-company-nema/,200,,True,case-sitemap.xml,2026-01-28T13:05:24+00:00,sitemap/seed,case_study,Proof,,False,0.0,True,False,https://diceus.com/case-studies/web-app-development-for-the-telecom-company-nema/,True,Case Study: Web App Development for the Telecom Company,55,1.0,Explore our recent case study of a web app development from scratch for a telecommunications company.,101,1.0,Web app development for the telecom company Nema,1,1.0,12.0,794,BreadcrumbList;EntryPoint;ImageObject;ListItem;Organization;ReadAction;SearchAction;WebPage;WebSite,False,,2026-01-28T13:05:24+00:00,2.0,35,35,295,0,0,0.413,1.145,web app development for the telecom company nema,0.247,https://diceus.com/case-studies/industry/telecommunications/,208,288,0.0,x-default,en,False,False,False
https://diceus.com/case-studies/discovery-phase-and-mvp-development-of-the-tribe-fitness-mobile-app/,/case-studies/discovery-phase-and-mvp-development-of-the-tribe-fitness-mobile-app/,200,,True,case-sitemap.xml,2026-01-28T13:05:25+00:00,sitemap/seed,case_study,Proof,,False,0.0,True,False,https://diceus.com/case-studies/discovery-phase-and-mvp-development-of-the-tribe-fitness-mobile-app/,True,Tribe Fitness Mobile Application,32,1.0,"Case study: Tribe fitness mobile app for athletes, trainers, and businesses in the US",85,1.0,Discovery Phase and MVP development of the Tribe fitness mobile app,1,1.0,12.0,838,BreadcrumbList;EntryPoint;ImageObject;ListItem;Organization;ReadAction;SearchAction;WebPage;WebSite,False,,2026-01-28T13:05:25+00:00,2.0,87,87,299,0,0,0.939,2.559,discovery phase and mvp development of the tribe fitness mob,0.158,https://diceus.com/case-studies/industry/healthcare/,225,287,0.0,x-default,en,False,False,False
https://diceus.com/case-studies/chatbot-development-for-insurance-company-kniazha/,/case-studies/chatbot-development-for-insurance-company-kniazha/,200,,True,case-sitemap.xml,2026-01-28T13:05:31+00:00,sitemap/seed,case_study,Proof,,True,35.4,True,False,https://diceus.com/case-studies/chatbot-development-for-insurance-company-kniazha/,True,Chatbot Development Services for Insurance Company Kniazha VIG,62,1.0,Case study: Explore how DICEUS developed a chatbot for the insurance company Kniazha.,85,1.0,Chatbot development for insurance company Kniazha Vienna Insurance Group,1,1.0,13.0,1045,BreadcrumbList;EntryPoint;ImageObject;ListItem;Organization;ReadAction;SearchAction;WebPage;WebSite,False,,2026-01-28T13:05:31+00:00,1.0,91,65,293,0,0,1.544,4.1,"chatbot development for insurance company kniazha vienna ins, chatbot development for insurance company kniazha, view case",0.246,https://diceus.com/media/diceus-developed-chatbot-for-kniazha-vig-insurance-company/,622,289,0.0,x-default,en,False,False,False
https://diceus.com/case-studies/osce-pa-website-migration-from-joomla-3-to-version-4/,/case-studies/osce-pa-website-migration-from-joomla-3-to-version-4/,200,,True,case-sitemap.xml,2026-01-28T13:05:38+00:00,sitemap/seed,case_study,Proof,,False,0.0,True,False,https://diceus.com/case-studies/osce-pa-website-migration-from-joomla-3-to-version-4/,True,Case study: OSCE PA Website Migration from Joomla 3 to Version 4,64,1.0,"Read how DICEUS provided website migration services to OSCE PA, transitioning from Joomla version 3 to version 4.",113,1.0,OSCE PA website migration from Joomla 3 to version 4,1,1.0,12.0,575,BreadcrumbList;EntryPoint;ImageObject;ListItem;Organization;ReadAction;SearchAction;WebPage;WebSite,False,,2026-01-28T13:05:38+00:00,2.0,74,74,297,0,0,0.768,2.426,"osce pa website migration from joomla 3 to version 4, check the project",0.368,https://diceus.com/media/osce-parliamentary-assembly-diceus-partnership/,557,286,0.0,x-default,en,False,False,False
https://diceus.com/case-studies/data-governance-project-for-a-bank/,/case-studies/data-governance-project-for-a-bank/,200,,True,case-sitemap.xml,2026-01-28T13:05:40+00:00,sitemap/seed,case_study,Proof,data_analytics_dwh,True,0.0,True,False,https://diceus.com/case-studies/data-governance-project-for-a-bank/,True,Data Governance Project for Bank,32,1.0,"DICEUS delivered a Data Governance project for a bank, ensuring reliable banking data governance with effective BDW/BI/MIS policies. Our solution architecture, UI/UX design, and custom software development improved data quality and compliance.",243,1.0,Data governance project for a bank,1,1.0,12.0,643,BreadcrumbList;EntryPoint;ImageObject;ListItem;Organization;ReadAction;SearchAction;WebPage;WebSite,False,,2026-01-28T13:05:40+00:00,2.0,100,100,300,0,0,0.878,3.221,data governance project for a bank,0.158,https://diceus.com/case-studies/industry/banking/,498,286,0.0,x-default,en,False,False,False
https://diceus.com/case-studies/mobile-app-development-for-insurance-company-uniqa/,/case-studies/mobile-app-development-for-insurance-company-uniqa/,200,,True,case-sitemap.xml,2026-01-28T14:00:50+00:00,sitemap/seed,case_study,Proof,,True,28.7,True,False,https://diceus.com/case-studies/mobile-app-development-for-insurance-company-uniqa/,True,Native Mobile App Development for UNIQA Insurance Company,57,1.0,Case study: iOS and Android mobile app design and development for insurance company UNIQA,89,1.0,Mobile app development for insurance company UNIQA,1,1.0,11.0,1220,BreadcrumbList;EntryPoint;ImageObject;ListItem;Organization;ReadAction;SearchAction;WebPage;WebSite,False,,2026-01-28T14:00:50+00:00,2.0,86,86,295,0,0,1.093,4.179,mobile app development for insurance company uniqa,0.33,https://diceus.com/case-studies/discovery-phase-and-mobile-app-development-for-insurance-company-uniqa/,411,286,0.0,x-default,en,False,False,False
https://diceus.com/case-studies/oracle-flexcube-modification/,/case-studies/oracle-flexcube-modification/,200,,True,case-sitemap.xml,2026-01-29T10:04:01+00:00,sitemap/seed,case_study,Proof,,False,0.0,True,False,https://diceus.com/case-studies/oracle-flexcube-modification/,True,Update of the Credit Module on Oracle FLEXCUBE,46,1.0,DICEUS fulfilled an urgent change request related to the core banking system's credit module. Our team analyzed and tailored software solutions to make them meet new credit/loan regulatory requirements.,202,1.0,Oracle FLEXCUBE credit module modification,1,1.0,10.0,478,BreadcrumbList;EntryPoint;ImageObject;ListItem;Organization;ReadAction;SearchAction;WebPage;WebSite,False,,2026-01-29T10:04:01+00:00,3.0,9,9,297,0,0,0.193,0.365,oracle flexcube credit module modification,0.212,https://diceus.com/case-studies/industry/banking/,731,276,1.0,x-default,en,False,False,False
https://diceus.com/case-studies/customer-360-system-for-bank/,/case-studies/customer-360-system-for-bank/,200,,True,case-sitemap.xml,2026-01-29T10:05:47+00:00,sitemap/seed,case_study,Proof,,False,0.0,True,False,https://diceus.com/case-studies/customer-360-system-for-bank/,True,Case Study: Customer 360-Degree System for Bank,47,1.0,A complex integrated software solution for displaying all the information about each client of the bank in the front bank system. All the information about clients and products they use is processed and displayed in real-time.,226,1.0,Customer 360 system for bank,1,1.0,11.0,647,BreadcrumbList;EntryPoint;ImageObject;ListItem;Organization;ReadAction;SearchAction;WebPage;WebSite,False,,2026-01-29T10:05:47+00:00,3.0,10,10,297,0,0,0.193,0.324,"customer 360 system for bank, having considerable experience in the sphere, implementing edw projects",0.222,https://diceus.com/case-studies/data-warehouse-for-bank/,856,283,0.0,x-default,en,False,False,False
https://diceus.com/case-studies/penetration-testing-services-for-wired-quote/,/case-studies/penetration-testing-services-for-wired-quote/,200,,True,case-sitemap.xml,2026-01-30T11:12:56+00:00,sitemap/seed,case_study,Proof,,True,5.2,True,False,https://diceus.com/case-studies/penetration-testing-services-for-wired-quote/,True,Case Study: Pen Testing Services for Insurance Quoting Tool,59,1.0,Case study of penetration testing services for the insurance quoting tool.,74,1.0,Penetration testing services for Wired Quote,1,1.0,11.0,775,BreadcrumbList;EntryPoint;ImageObject;ListItem;Organization;ReadAction;SearchAction;WebPage;WebSite,False,,2026-01-30T11:12:56+00:00,2.0,61,61,293,0,0,0.531,2.688,penetration testing services for wired quote,0.144,https://diceus.com/case-studies/industry/software-product/,89,287,0.0,x-default,en,False,False,False
https://diceus.com/case-studies/web-based-lead-generation-platform-for-insurance-brokers/,/case-studies/web-based-lead-generation-platform-for-insurance-brokers/,200,,True,case-sitemap.xml,2026-04-09T11:13:16+00:00,sitemap/seed,case_study,Proof,broker_distribution,True,44.9,True,False,https://diceus.com/case-studies/web-based-lead-generation-platform-for-insurance-brokers/,True,Lead Generation Web Platform for Insurance Brokers,50,1.0,DICEUS case study: InsurcHives web-based lead generation and CRM platform for insurance brokers that serve small and mid-sized construction contractors.,152,1.0,Web-based lead generation platform for insurance brokers,1,1.0,11.0,690,BreadcrumbList;EntryPoint;ImageObject;ListItem;Organization;ReadAction;SearchAction;WebPage;WebSite,False,,2026-04-09T11:13:16+00:00,2.0,121,121,299,0,0,1.325,5.5,web-based lead generation platform for insurance brokers,0.142,https://diceus.com/case-studies/industry/insurance/,104,282,0.0,x-default,en,False,False,False
https://diceus.com/case-studies/vela-compliance-and-risk-management-system/,/case-studies/vela-compliance-and-risk-management-system/,200,,True,case-sitemap.xml,2026-04-09T11:54:05+00:00,sitemap/seed,case_study,Proof,,False,6.3,True,False,https://diceus.com/case-studies/vela-compliance-and-risk-management-system/,True,Risk and Compliance Management System Development,49,1.0,"Case study: DICEUS developed a next-gen risk and compliance management system VELA for Velaw and their clients, financial services providers.",141,1.0,VELA – Next-generation compliance and risk management system,1,1.0,13.0,792,BreadcrumbList;EntryPoint;ImageObject;ListItem;Organization;ReadAction;SearchAction;WebPage;WebSite,False,,2026-04-09T11:54:05+00:00,2.0,40,40,296,0,0,0.476,1.418,vela – next-generation compliance and risk management system,0.121,https://diceus.com/case-studies/digital-fingerprint-tool-for-lapin-international/,209,290,0.0,x-default,en,False,False,False
https://diceus.com/case-studies/software-audit-for-wilson-and-franco/,/case-studies/software-audit-for-wilson-and-franco/,200,,True,case-sitemap.xml,2026-06-22T11:59:36+00:00,sitemap/seed,case_study,Proof,,False,2.7,True,False,https://diceus.com/case-studies/software-audit-for-wilson-and-franco/,True,Software Audit for Property Tax Consulting and Management Company,65,1.0,"Software Audit for Wilson & Franco, a leading US-based property tax consulting and management company: infrastructure, frontend, backend and database, security, and operational maturity.",186,1.0,Software Audit for Wilson & Franco,1,1.0,11.0,746,BreadcrumbList;EntryPoint;ImageObject;ListItem;Organization;ReadAction;SearchAction;WebPage;WebSite,False,,2026-06-22T11:59:36+00:00,2.0,25,25,291,0,0,0.317,1.145,software audit for wilson & franco,0.137,https://diceus.com/case-studies/service/software-audit/,133,276,0.0,x-default,en,False,False,False
https://diceus.com/case-studies/pos-software-code-audit/,/case-studies/pos-software-code-audit/,200,,True,case-sitemap.xml,2026-09-02T10:09:54+00:00,sitemap/seed,case_study,Proof,,False,0.0,True,False,https://diceus.com/case-studies/pos-software-code-audit/,True,POS Software Code Audit for Palmers Textil | Case Study,55,1.0,"A detailed audit of Pcash - the POS system of the fashion brand Palmers Textil. Suggested solutions for 24 identified issues, proposed more efficient software tools for migration.",179,1.0,POS software code audit for Palmers Textil,1,1.0,12.0,962,BreadcrumbList;EntryPoint;ImageObject;ListItem;Organization;ReadAction;SearchAction;WebPage;WebSite,False,,2026-09-02T10:09:54+00:00,3.0,5,5,294,0,0,0.19,0.267,pos software code audit for palmers textil,0.445,https://diceus.com/case-studies/infrastructure-technical-audit/,146,288,0.0,x-default,en,False,False,False
https://diceus.com/case-studies/a-blockchain-solution/,/case-studies/a-blockchain-solution/,200,,True,case-sitemap.xml,2026-09-04T10:26:33+00:00,sitemap/seed,case_study,Proof,,False,0.0,True,False,https://diceus.com/case-studies/a-blockchain-solution/,True,Blockchain Logistics Platform for Vlantana,42,1.0,A case study of a blockchain-powered logistics platform for Vlantana.,69,1.0,A blockchain solution for Vlantana,1,1.0,12.0,624,BreadcrumbList;EntryPoint;ImageObject;ListItem;Organization;ReadAction;SearchAction;WebPage;WebSite,False,,2026-09-04T10:26:33+00:00,2.0,17,17,296,0,0,0.246,0.455,a blockchain solution for vlantana,0.224,https://diceus.com/case-studies/a-fleet-management-application/,129,286,0.0,x-default,en,False,False,False
https://diceus.com/case-studies/a-fleet-management-application/,/case-studies/a-fleet-management-application/,200,,True,case-sitemap.xml,2026-09-04T10:36:00+00:00,sitemap/seed,case_study,Proof,,False,0.0,True,False,https://diceus.com/case-studies/a-fleet-management-application/,True,A Fleet Management App for Soldier Trucking,43,1.0,A case study of a Soldiers Delivery app for Soldier Trucking.,61,1.0,A fleet management application for soldier trucking,1,1.0,12.0,717,BreadcrumbList;EntryPoint;ImageObject;ListItem;Organization;ReadAction;SearchAction;WebPage;WebSite,False,,2026-09-04T10:36:00+00:00,2.0,25,25,301,0,0,0.264,0.598,a fleet management application for soldier trucking,0.23,https://diceus.com/case-studies/industry/automotive/,186,287,0.0,x-default,en,False,False,False
https://diceus.com/case-studies/a-football-manager-mobile-game/,/case-studies/a-football-manager-mobile-game/,200,,True,case-sitemap.xml,2026-09-04T10:36:02+00:00,sitemap/seed,case_study,Proof,,False,6.7,True,False,https://diceus.com/case-studies/a-football-manager-mobile-game/,True,Goal One Mobile App,19,1.0,A case study of a mobile game for Aeria Games/Gamigo.,53,1.0,A football manager mobile game for Aeria Games,1,1.0,11.0,750,BreadcrumbList;EntryPoint;ImageObject;ListItem;Organization;ReadAction;SearchAction;WebPage;WebSite,False,,2026-09-04T10:36:02+00:00,3.0,7,7,294,0,0,0.192,0.34,a football manager mobile game for aeria games,0.215,https://diceus.com/case-studies/industry/entertainment/,148,279,0.0,x-default,en,False,False,False
https://diceus.com/case-studies/aggregated-reports/,/case-studies/aggregated-reports/,200,,True,case-sitemap.xml,2026-09-04T10:36:05+00:00,sitemap/seed,case_study,Proof,,False,1.5,True,False,https://diceus.com/case-studies/aggregated-reports/,True,Aggregated Reports for ApexSQL | DICEUS Case Study,50,1.0,A case study of the Aggregated Reports feature implemented for ApexSQL.,71,1.0,Aggregated reports for ApexSQL,1,1.0,12.0,668,BreadcrumbList;EntryPoint;ImageObject;ListItem;Organization;ReadAction;SearchAction;WebPage;WebSite,False,,2026-09-04T10:36:05+00:00,3.0,11,11,299,0,0,0.193,0.263,aggregated reports for apexsql,0.323,https://diceus.com/case-studies/extended-events-engine-integration/,595,284,0.0,x-default,en,False,False,False
https://diceus.com/case-studies/always-on-support-feature-integration/,/case-studies/always-on-support-feature-integration/,200,,True,case-sitemap.xml,2026-09-04T10:36:07+00:00,sitemap/seed,case_study,Proof,,False,1.5,True,False,https://diceus.com/case-studies/always-on-support-feature-integration/,True,Always on Support Integration for ApexSQL,41,1.0,A case study of the Always On support integration for ApexSQL.,62,1.0,Always on support feature integration for ApexSQL,1,1.0,12.0,669,BreadcrumbList;EntryPoint;ImageObject;ListItem;Organization;ReadAction;SearchAction;WebPage;WebSite,False,,2026-09-04T10:36:07+00:00,3.0,12,12,298,0,0,0.194,0.366,always on support feature integration for apexsql,0.373,https://diceus.com/case-studies/ssas-loader-upgrade/,590,284,0.0,x-default,en,False,False,False
https://diceus.com/case-studies/app-for-baseball-analytics/,/case-studies/app-for-baseball-analytics/,200,,True,case-sitemap.xml,2026-09-04T10:36:09+00:00,sitemap/seed,case_study,Proof,data_analytics_dwh,True,4.7,True,False,https://diceus.com/case-studies/app-for-baseball-analytics/,True,SynergySport Baseball Analytics Solution,40,1.0,A case study of a baseball analytics app with microservices architecture for SynergySport.,90,1.0,SynergySport app for baseball analytics,1,1.0,12.0,643,BreadcrumbList;EntryPoint;ImageObject;ListItem;Organization;ReadAction;SearchAction;WebPage;WebSite,False,,2026-09-04T10:36:09+00:00,3.0,13,13,300,0,0,0.195,0.361,synergysport app for baseball analytics,0.195,https://diceus.com/case-studies/industry/entertainment/,765,281,0.0,x-default,en,False,False,False
https://diceus.com/case-studies/b2b-application/,/case-studies/b2b-application/,200,,True,case-sitemap.xml,2026-09-04T10:42:15+00:00,sitemap/seed,case_study,Proof,,True,44.6,True,False,https://diceus.com/case-studies/b2b-application/,True,B2B Risk Point Application Case Study,37,1.0,A case study of a B2B solution for Risk Point.,46,1.0,A B2B application for Risk Point,1,1.0,12.0,650,BreadcrumbList;EntryPoint;ImageObject;ListItem;Organization;ReadAction;SearchAction;WebPage;WebSite,False,,2026-09-04T10:42:15+00:00,2.0,58,14,294,0,0,1.326,0.559,"a b2b application for risk point, insurance application for risk point",0.149,https://diceus.com/case-studies/insurance-broker-solution/,371,282,0.0,x-default,en,False,False,False
https://diceus.com/case-studies/bi-loaders-upgrade/,/case-studies/bi-loaders-upgrade/,200,,True,case-sitemap.xml,2026-09-04T10:42:17+00:00,sitemap/seed,case_study,Proof,,False,1.6,True,False,https://diceus.com/case-studies/bi-loaders-upgrade/,True,Upgraded BI Loaders for ApexSQL,31,1.0,A case study of extended BI Loaders improved for ApexSQL,56,1.0,BI loaders upgrade for ApexSQL,1,1.0,12.0,632,BreadcrumbList;EntryPoint;ImageObject;ListItem;Organization;ReadAction;SearchAction;WebPage;WebSite,False,,2026-09-04T10:42:17+00:00,3.0,11,11,299,0,0,0.193,0.263,bi loaders upgrade for apexsql,0.426,https://diceus.com/case-studies/ssas-loader-upgrade/,323,283,0.0,x-default,en,False,False,False
https://diceus.com/case-studies/bi-upgrade/,/case-studies/bi-upgrade/,200,,True,case-sitemap.xml,2026-09-04T10:42:18+00:00,sitemap/seed,case_study,Proof,,False,1.6,True,False,https://diceus.com/case-studies/bi-upgrade/,True,Business Intelligence Upgrade for ApexSQL: DICEUS Case Study,60,1.0,A case study of the BI upgrade for ApexSQL.,43,1.0,BI upgrade for ApexSQL,1,1.0,12.0,635,BreadcrumbList;EntryPoint;ImageObject;ListItem;Organization;ReadAction;SearchAction;WebPage;WebSite,False,,2026-09-04T10:42:18+00:00,3.0,12,12,298,0,0,0.195,0.382,bi upgrade for apexsql,0.293,https://diceus.com/case-studies/ci-cd-dashboard/,345,283,0.0,x-default,en,False,False,False
https://diceus.com/case-studies/blockchain-based-crypto-wallet/,/case-studies/blockchain-based-crypto-wallet/,200,,True,case-sitemap.xml,2026-09-04T10:42:19+00:00,sitemap/seed,case_study,Proof,,False,0.0,True,False,https://diceus.com/case-studies/blockchain-based-crypto-wallet/,True,Blockchain Crypto Wallet for ICO and Crowdsales,47,1.0,A case study of a blockchain-powered crypto wallet solution dedicated to ICO and crowdsales initiatives.,104,1.0,Blockchain-based crypto wallet for ICO and crowdsales,1,1.0,11.0,608,BreadcrumbList;EntryPoint;ImageObject;ListItem;Organization;ReadAction;SearchAction;WebPage;WebSite,False,,2026-09-04T10:42:19+00:00,2.0,21,21,300,0,0,0.273,0.813,blockchain-based crypto wallet for ico and crowdsales,0.203,https://diceus.com/case-studies/industry/banking/,710,280,0.0,x-default,en,False,False,False
https://diceus.com/case-studies/blockchain-real-estate-purchasing-platform/,/case-studies/blockchain-real-estate-purchasing-platform/,200,,True,case-sitemap.xml,2026-09-04T10:42:21+00:00,sitemap/seed,case_study,Proof,,True,11.3,True,False,https://diceus.com/case-studies/blockchain-real-estate-purchasing-platform/,True,Blockchain-Based Real Estate Purchasing Platform,48,1.0,A case study of a Blockchain-based real estate purchasing platform.,67,1.0,Blockchain real estate purchasing platform,1,1.0,11.0,531,BreadcrumbList;EntryPoint;ImageObject;ListItem;Organization;ReadAction;SearchAction;WebPage;WebSite,False,,2026-09-04T10:42:21+00:00,3.0,13,13,300,0,0,0.195,0.373,blockchain real estate purchasing platform,0.238,https://diceus.com/case-studies/business-analysis-of-a-spiky-property-management-system/,313,281,0.0,x-default,en,False,False,False
https://diceus.com/case-studies/blockchain-voting-app/,/case-studies/blockchain-voting-app/,200,,True,case-sitemap.xml,2026-09-04T10:43:38+00:00,sitemap/seed,case_study,Proof,,False,0.0,True,False,https://diceus.com/case-studies/blockchain-voting-app/,True,Blockchain-Based Voting App,27,1.0,A case study of a Blockchain-based voting app.,46,1.0,Blockchain voting app,1,1.0,11.0,563,BreadcrumbList;EntryPoint;ImageObject;ListItem;Organization;ReadAction;SearchAction;WebPage;WebSite,False,,2026-09-04T10:43:38+00:00,3.0,16,16,300,0,0,0.199,0.625,blockchain voting app,0.281,https://diceus.com/case-studies/industry/government/,312,280,0.0,x-default,en,False,False,False
https://diceus.com/case-studies/business-analysis-of-a-spiky-property-management-system/,/case-studies/business-analysis-of-a-spiky-property-management-system/,200,,True,case-sitemap.xml,2026-09-04T10:43:39+00:00,sitemap/seed,case_study,Proof,,False,0.0,True,False,https://diceus.com/case-studies/business-analysis-of-a-spiky-property-management-system/,True,Case Study: Business Analysis of a Spiky Property Management System for Kaizen,78,1.0,A case study of a Spiky property management system for Kaizen.,62,1.0,Business analysis of a spiky property management system for Kaizen,1,1.0,12.0,734,BreadcrumbList;EntryPoint;ImageObject;ListItem;Organization;ReadAction;SearchAction;WebPage;WebSite,False,,2026-09-04T10:43:39+00:00,3.0,8,8,294,0,0,0.192,0.339,business analysis of a spiky property management system for ,0.238,https://diceus.com/case-studies/blockchain-real-estate-purchasing-platform/,276,283,0.0,x-default,en,False,False,False
https://diceus.com/case-studies/business-networking-social-platform/,/case-studies/business-networking-social-platform/,200,,True,case-sitemap.xml,2026-09-04T10:43:40+00:00,sitemap/seed,case_study,Proof,,False,4.0,True,False,https://diceus.com/case-studies/business-networking-social-platform/,True,Wongleer - a Smart Business Networking Platform,47,1.0,A case study of a business networking social platform Wongleer.,63,1.0,Business networking social platform,1,1.0,13.0,749,BreadcrumbList;EntryPoint;ImageObject;ListItem;Organization;ReadAction;SearchAction;WebPage;WebSite,False,,2026-09-04T10:43:40+00:00,2.0,22,22,297,0,0,0.315,0.831,business networking social platform,0.202,https://diceus.com/case-studies/social-networking-solution-enhancement/,293,285,0.0,x-default,en,False,False,False
https://diceus.com/case-studies/cem-web-app/,/case-studies/cem-web-app/,200,,True,case-sitemap.xml,2026-09-04T10:43:42+00:00,sitemap/seed,case_study,Proof,,False,2.9,True,False,https://diceus.com/case-studies/cem-web-app/,True,CEM Web App for Ethos,21,1.0,A case study of a CEM web application for Ethos.,48,1.0,CEM web app for Ethos integrated solutions,1,1.0,12.0,700,BreadcrumbList;EntryPoint;ImageObject;ListItem;Organization;ReadAction;SearchAction;WebPage;WebSite,False,,2026-09-04T10:43:42+00:00,3.0,8,8,296,0,0,0.192,0.306,cem web app for ethos integrated solutions,0.179,https://diceus.com/case-studies/industry/software-product/,84,286,0.0,x-default,en,False,False,False
https://diceus.com/case-studies/ci-cd-dashboard/,/case-studies/ci-cd-dashboard/,200,,True,case-sitemap.xml,2026-09-04T10:43:43+00:00,sitemap/seed,case_study,Proof,,False,1.7,True,False,https://diceus.com/case-studies/ci-cd-dashboard/,True,CI/CD Dashboard for ApexSQL | DICEUS Case Study,47,1.0,A case study of the CI/CD dashboard implemented for ApexSQL.,60,1.0,CI/CD dashboard for ApexSQL,1,1.0,12.0,589,BreadcrumbList;EntryPoint;ImageObject;ListItem;Organization;ReadAction;SearchAction;WebPage;WebSite,False,,2026-09-04T10:43:43+00:00,3.0,10,10,298,0,0,0.192,0.261,ci/cd dashboard for apexsql,0.293,https://diceus.com/case-studies/bi-upgrade/,656,283,0.0,x-default,en,False,False,False
https://diceus.com/case-studies/claims-management-system/,/case-studies/claims-management-system/,200,,True,case-sitemap.xml,2026-09-04T10:45:22+00:00,sitemap/seed,case_study,Proof,claims,True,40.7,True,False,https://diceus.com/case-studies/claims-management-system/,True,Case Study: Claims Management System,36,1.0,How we developed a unique system that automates the work of insurance brokers and helps HR departments to efficiently manage employee benefits.,143,1.0,BenefitNet insurance solution,1,1.0,13.0,958,BreadcrumbList;EntryPoint;ImageObject;ListItem;Organization;ReadAction;SearchAction;WebPage;WebSite,False,,2026-09-04T10:45:22+00:00,1.0,65,21,296,0,0,1.384,0.873,"benefitnet insurance solution, benefitnet, benefitnet claim management solution",0.346,https://diceus.com/case-studies/hrm-solution/,159,290,0.0,x-default,en,False,False,False
https://diceus.com/case-studies/cloud-based-web-solution/,/case-studies/cloud-based-web-solution/,200,,True,case-sitemap.xml,2026-09-04T10:45:24+00:00,sitemap/seed,case_study,Proof,,False,2.8,True,False,https://diceus.com/case-studies/cloud-based-web-solution/,True,Terrabit Cloud Web App for TerraPoint Networks,46,1.0,A case study of a TerraPoint cloud-based web application for Terrabit.,70,1.0,TerraPoint cloud-based web solution for Terrabit,1,1.0,12.0,726,BreadcrumbList;EntryPoint;ImageObject;ListItem;Organization;ReadAction;SearchAction;WebPage;WebSite,False,,2026-09-04T10:45:24+00:00,3.0,12,12,300,0,0,0.194,0.317,terrapoint cloud-based web solution for terrabit,0.161,https://diceus.com/case-studies/industry/software-product/,605,285,0.0,x-default,en,False,False,False
https://diceus.com/case-studies/cloud-management-platform/,/case-studies/cloud-management-platform/,200,,True,case-sitemap.xml,2026-09-04T10:45:25+00:00,sitemap/seed,case_study,Proof,,False,2.5,True,False,https://diceus.com/case-studies/cloud-management-platform/,True,Advanced Enterprise e-Commerce Management Platform,50,1.0,"Check out how we developed the cloud solution that enables e-commerce, tracks progress, and ensures the online transcription company can operate efficiently through managing all customer requirements and fulfillment.",216,1.0,Cloud platform development for Take Note,1,1.0,13.0,807,BreadcrumbList;EntryPoint;ImageObject;ListItem;Organization;ReadAction;SearchAction;WebPage;WebSite,False,,2026-09-04T10:45:25+00:00,2.0,13,13,299,0,0,0.21,0.312,"cloud platform development for take note, se case, check the project",0.18,https://diceus.com/testimonials/,232,292,0.0,x-default,en,False,False,False
https://diceus.com/case-studies/cloud-sales-app/,/case-studies/cloud-sales-app/,200,,True,case-sitemap.xml,2026-09-04T10:45:26+00:00,sitemap/seed,case_study,Proof,,True,55.2,True,False,https://diceus.com/case-studies/cloud-sales-app/,True,Insly Coud-Based Insurance Platform,35,1.0,A case study of a cloud insurance platform for Insly.,53,1.0,Cloud sales app for Insly,1,1.0,12.0,707,BreadcrumbList;EntryPoint;ImageObject;ListItem;Organization;ReadAction;SearchAction;WebPage;WebSite,False,,2026-09-04T10:45:26+00:00,2.0,61,17,298,0,0,1.323,1.86,"cloud sales app for insly, insly",0.154,https://diceus.com/case-studies/industry/insurance/,138,281,0.0,x-default,en,False,False,False
https://diceus.com/case-studies/code-audit/,/case-studies/code-audit/,200,,True,case-sitemap.xml,2026-09-04T10:45:28+00:00,sitemap/seed,case_study,Proof,,False,0.0,True,False,https://diceus.com/case-studies/code-audit/,True,Code Audit for Propellant,25,1.0,"A case study of a technical audit for Propellant to measure code quality, define potential issues, and offer maintainability capabilities.",138,1.0,Code audit for Propellant ApS,1,1.0,12.0,657,BreadcrumbList;EntryPoint;ImageObject;ListItem;Organization;ReadAction;SearchAction;WebPage;WebSite,False,,2026-09-04T10:45:28+00:00,3.0,8,8,294,0,0,0.192,0.322,code audit for propellant aps,0.18,https://diceus.com/case-studies/industry/marketing-and-advertising/,417,284,0.0,x-default,en,False,False,False
https://diceus.com/case-studies/contactless-payment-solution/,/case-studies/contactless-payment-solution/,200,,True,case-sitemap.xml,2026-09-04T10:46:09+00:00,sitemap/seed,case_study,Proof,,False,0.0,True,False,https://diceus.com/case-studies/contactless-payment-solution/,True,Contactless Payment Solution: Case Study DICEUS,47,1.0,A case study of a contactless payment solution.,47,1.0,Contactless payment solution,1,1.0,11.0,560,BreadcrumbList;EntryPoint;ImageObject;ListItem;Organization;ReadAction;SearchAction;WebPage;WebSite,False,,2026-09-04T10:46:09+00:00,2.0,16,16,299,0,0,0.201,0.788,contactless payment solution,0.227,https://diceus.com/case-studies/ecommerce-payment-gateway/,137,281,0.0,x-default,en,False,False,False
https://diceus.com/case-studies/covid-19-monitoring-tool/,/case-studies/covid-19-monitoring-tool/,200,,True,case-sitemap.xml,2026-09-04T10:46:11+00:00,sitemap/seed,case_study,Proof,,False,0.0,True,False,https://diceus.com/case-studies/covid-19-monitoring-tool/,True,COVID-19 Monitoring in Saudi Arabia,35,1.0,A case study of a COVID-19 cases monitoring in Saudi Arabia.,60,1.0,COVID-19 monitoring tool for Saudi Arabia,1,1.0,11.0,628,BreadcrumbList;EntryPoint;ImageObject;ListItem;Organization;ReadAction;SearchAction;WebPage;WebSite,False,,2026-09-04T10:46:11+00:00,2.0,18,18,300,0,0,0.214,0.752,covid-19 monitoring tool for saudi arabia,0.271,https://diceus.com/case-studies/industry/government/,214,280,0.0,x-default,en,False,False,False
https://diceus.com/case-studies/crm-upgrade-and-integration/,/case-studies/crm-upgrade-and-integration/,200,,True,case-sitemap.xml,2026-09-04T10:46:13+00:00,sitemap/seed,case_study,Proof,,False,0.0,True,False,https://diceus.com/case-studies/crm-upgrade-and-integration/,True,CRM System Integration and Optimization,39,1.0,We're working with the CRM software developer to improve system integrations. We connect the product to end-users and their custom solutions.,141,1.0,CRM system for norwegian software provider,1,1.0,13.0,771,BreadcrumbList;EntryPoint;ImageObject;ListItem;Organization;ReadAction;SearchAction;WebPage;WebSite,False,,2026-09-04T10:46:13+00:00,2.0,14,14,298,0,0,0.237,0.41,"crm system for norwegian software provider, check the project",0.224,https://diceus.com/case-studies/industry/telecommunications/,1258,291,0.0,x-default,en,False,False,False
https://diceus.com/case-studies/custom-ms-office-toolbar/,/case-studies/custom-ms-office-toolbar/,200,,True,case-sitemap.xml,2026-09-04T10:46:15+00:00,sitemap/seed,case_study,Proof,,False,2.8,True,False,https://diceus.com/case-studies/custom-ms-office-toolbar/,True,MS Office Toolbar for Zola Media,32,1.0,A case study of a data management toolbar for Zola Media.,57,1.0,Custom MS office toolbar for Zola Media,1,1.0,12.0,726,BreadcrumbList;EntryPoint;ImageObject;ListItem;Organization;ReadAction;SearchAction;WebPage;WebSite,False,,2026-09-04T10:46:15+00:00,3.0,10,10,298,0,0,0.193,0.293,custom ms office toolbar for zola media,0.21,https://diceus.com/case-studies/industry/software-product/,720,285,0.0,x-default,en,False,False,False
https://diceus.com/case-studies/data-aggregation-hub-treasury/,/case-studies/data-aggregation-hub-treasury/,200,,True,case-sitemap.xml,2026-09-04T10:46:16+00:00,sitemap/seed,case_study,Proof,data_analytics_dwh,True,0.0,True,False,https://diceus.com/case-studies/data-aggregation-hub-treasury/,True,Case Study: Data Aggregation Hub for Treasury,45,1.0,"How we developed a data aggregation hub for treasury that allowed the bank to reduce data errors, eliminate duplicates, and get updates from the Golden Source dictionary faster.",177,1.0,Data aggregation hub for treasury,1,1.0,11.0,605,BreadcrumbList;EntryPoint;ImageObject;ListItem;Organization;ReadAction;SearchAction;WebPage;WebSite,False,,2026-09-04T10:46:16+00:00,3.0,10,10,297,0,0,0.193,0.347,"data aggregation hub for treasury, web-based system",0.157,https://diceus.com/case-studies/data-warehouse-for-bank/,161,284,0.0,x-default,en,False,False,False
https://diceus.com/case-studies/data-warehouse-for-bank/,/case-studies/data-warehouse-for-bank/,200,,True,case-sitemap.xml,2026-09-04T10:54:13+00:00,sitemap/seed,case_study,Proof,data_analytics_dwh,True,0.0,True,False,https://diceus.com/case-studies/data-warehouse-for-bank/,True,Data Warehouse Development for a Bank,37,1.0,"Check out how we designed a brand-new data warehouse for a large banking institution. We integrated 15 subsystems, included BI deliverables, reports, and optimized interfaces.",175,1.0,Data warehouse for bank,1,1.0,11.0,623,BreadcrumbList;EntryPoint;ImageObject;ListItem;Organization;ReadAction;SearchAction;WebPage;WebSite,False,,2026-09-04T10:54:13+00:00,2.0,18,18,299,0,0,0.222,0.571,"data warehouse for bank, data warehouse for a bank, data warehouse",0.242,https://diceus.com/best-data-warehouse-solutions/,111,284,0.0,x-default,en,False,False,False
https://diceus.com/case-studies/database-migration-estimation-module/,/case-studies/database-migration-estimation-module/,200,,True,case-sitemap.xml,2026-09-04T10:54:15+00:00,sitemap/seed,case_study,Proof,,False,4.2,True,False,https://diceus.com/case-studies/database-migration-estimation-module/,True,Database Migration Cost Assessment Software Solution for AWS,60,1.0,Read about the software module that can analyze database migration costs. It was planned to become a part of Amazon Web Services.,129,1.0,Database migration cost estimation module,1,1.0,11.0,479,BreadcrumbList;EntryPoint;ImageObject;ListItem;Organization;ReadAction;SearchAction;WebPage;WebSite,False,,2026-09-04T10:54:15+00:00,4.0,8,8,296,0,0,0.191,0.238,database migration cost estimation module,0.412,https://diceus.com/case-studies/database-migration-solution/,630,283,0.0,x-default,en,False,False,False
https://diceus.com/case-studies/database-migration-solution/,/case-studies/database-migration-solution/,200,,True,case-sitemap.xml,2026-09-04T10:54:16+00:00,sitemap/seed,case_study,Proof,data_analytics_dwh,True,3.0,True,False,https://diceus.com/case-studies/database-migration-solution/,True,Database Migration Tool with In-Depth Analytics,47,1.0,Read about our solution developed for a database management team. It analyzes databases and suggests the best migration ways.,125,1.0,Analytical database migration solution,1,1.0,12.0,665,BreadcrumbList;EntryPoint;ImageObject;ListItem;Organization;ReadAction;SearchAction;WebPage;WebSite,False,,2026-09-04T10:54:16+00:00,3.0,12,12,299,0,0,0.194,0.293,"analytical database migration solution, erp data migration",0.412,https://diceus.com/case-studies/database-migration-estimation-module/,663,286,0.0,x-default,en,False,False,False
https://diceus.com/case-studies/dental-booking-app/,/case-studies/dental-booking-app/,200,,True,case-sitemap.xml,2026-09-04T10:54:18+00:00,sitemap/seed,case_study,Proof,,False,0.0,True,False,https://diceus.com/case-studies/dental-booking-app/,True,Mobile App for Appointment Scheduling,37,1.0,Look at the mobile solution for dental clinics that we created. It helps patients schedule appointments and improve queueing in practices.,138,1.0,Dental booking app for major software provider,1,1.0,13.0,734,BreadcrumbList;EntryPoint;ImageObject;ListItem;Organization;ReadAction;SearchAction;WebPage;WebSite,False,,2026-09-04T10:54:18+00:00,3.0,18,18,299,0,0,0.205,0.869,"dental booking app for major software provider, booking app, booking apps",0.177,https://diceus.com/case-studies/net-application/,149,288,0.0,x-default,en,False,False,False
https://diceus.com/case-studies/discovery-phase-for-counter-tools/,/case-studies/discovery-phase-for-counter-tools/,200,,True,case-sitemap.xml,2026-09-04T10:54:20+00:00,sitemap/seed,case_study,Proof,,False,0.0,True,False,https://diceus.com/case-studies/discovery-phase-for-counter-tools/,True,Discovery Phase for Counter Tools by DICEUS,43,1.0,"Case study: Discovery phase for Counter Tools, software audit, DevOps, and testing services.",92,1.0,Discovery phase for Counter Tools,1,1.0,13.0,887,BreadcrumbList;EntryPoint;ImageObject;ListItem;Organization;ReadAction;SearchAction;WebPage;WebSite,False,,2026-09-04T10:54:20+00:00,2.0,16,16,296,0,0,0.219,0.746,"discovery phase for counter tools, read",0.207,https://diceus.com/case-studies/industry/government/,316,289,0.0,x-default,en,False,False,False
https://diceus.com/case-studies/e-commerce-platform-migration/,/case-studies/e-commerce-platform-migration/,200,,True,case-sitemap.xml,2026-09-04T11:20:25+00:00,sitemap/seed,case_study,Proof,,False,0.0,True,False,https://diceus.com/case-studies/e-commerce-platform-migration/,True,E-commerce Migration and SAP Integration,40,1.0,"Look at the redesign, upgrade, and integration of e-commerce solutions for a famous fashion brand. We moved the entire flow from Hybris to Magento 2 and integrated everything into SAP.",184,1.0,E-commerce migration from Hybris to Magento 2 for Palmers Textil,1,1.0,12.0,785,BreadcrumbList;EntryPoint;ImageObject;ListItem;Organization;ReadAction;SearchAction;WebPage;WebSite,False,,2026-09-04T11:20:25+00:00,1.0,19,19,300,0,0,0.288,0.827,e-commerce migration from hybris to magento 2 for palmers te,0.334,https://diceus.com/case-studies/infrastructure-technical-audit/,129,289,0.0,x-default,en,False,False,False
https://diceus.com/case-studies/e-murabaha-islamic-finance-project-on-blockchain/,/case-studies/e-murabaha-islamic-finance-project-on-blockchain/,200,,True,case-sitemap.xml,2026-09-04T11:20:27+00:00,sitemap/seed,case_study,Proof,,False,0.0,True,False,https://diceus.com/case-studies/e-murabaha-islamic-finance-project-on-blockchain/,True,Blockchain-based finance project for Sharia-compliant contracts,63,1.0,Check out how we developed an advanced digital solution for Islamic finance contracts called Murabahah. The tool helps buyers and sellers control transition of ownership rights.,177,1.0,E-Murabaha – Islamic finance project on blockchain,1,1.0,12.0,827,BreadcrumbList;EntryPoint;ImageObject;ListItem;Organization;ReadAction;SearchAction;WebPage;WebSite,False,,2026-09-04T11:20:27+00:00,2.0,84,84,300,0,0,0.655,2.62,e-murabaha – islamic finance project on blockchain,0.146,https://diceus.com/case-studies/blockchain-based-crypto-wallet/,334,286,0.0,x-default,en,False,False,False
https://diceus.com/case-studies/earth-observation-application-for-soil-moisture-drones/,/case-studies/earth-observation-application-for-soil-moisture-drones/,200,,True,case-sitemap.xml,2026-09-04T11:20:29+00:00,sitemap/seed,case_study,Proof,,False,5.3,True,False,https://diceus.com/case-studies/earth-observation-application-for-soil-moisture-drones/,True,Earth Observation App for Soil Moisture Drones | Case Study,59,1.0,A case study of the earth observation application for soil moisture drones.,75,1.0,Earth observation application for soil moisture drones,1,1.0,11.0,566,BreadcrumbList;EntryPoint;ImageObject;ListItem;Organization;ReadAction;SearchAction;WebPage;WebSite,False,,2026-09-04T11:20:29+00:00,3.0,14,14,300,0,0,0.196,0.391,earth observation application for soil moisture drones,0.527,https://diceus.com/case-studies/earth-observation-unique-algorithm/,134,278,0.0,x-default,en,False,False,False
https://diceus.com/case-studies/earth-observation-cloud-based-software/,/case-studies/earth-observation-cloud-based-software/,200,,True,case-sitemap.xml,2026-09-04T11:20:31+00:00,sitemap/seed,case_study,Proof,,False,5.3,True,False,https://diceus.com/case-studies/earth-observation-cloud-based-software/,True,Cloud-Based Software for Earth Observation,42,1.0,A case study of the Cloud-based Software for Earth Observation.,63,1.0,Earth observation cloud‑based software,1,1.0,11.0,561,BreadcrumbList;EntryPoint;ImageObject;ListItem;Organization;ReadAction;SearchAction;WebPage;WebSite,False,,2026-09-04T11:20:31+00:00,2.0,16,16,300,0,0,0.223,0.517,earth observation cloud‑based software,0.336,https://diceus.com/case-studies/earth-observation-application-for-soil-moisture-drones/,98,279,0.0,x-default,en,False,False,False
https://diceus.com/case-studies/earth-observation-cloud-based-software-for-oil-and-gas-company/,/case-studies/earth-observation-cloud-based-software-for-oil-and-gas-company/,200,,True,case-sitemap.xml,2026-09-04T11:20:33+00:00,sitemap/seed,case_study,Proof,,False,4.6,True,False,https://diceus.com/case-studies/earth-observation-cloud-based-software-for-oil-and-gas-company/,True,Cloud-Based Software for Oil and Gas Company,44,1.0,A case study of the earth observation cloud-based software for an oil and gas company.,86,1.0,Earth observation cloud‑based software for oil and gas company,1,1.0,11.0,657,BreadcrumbList;EntryPoint;ImageObject;ListItem;Organization;ReadAction;SearchAction;WebPage;WebSite,False,,2026-09-04T11:20:33+00:00,3.0,12,12,300,0,0,0.194,0.385,earth observation cloud‑based software for oil and gas compa,0.262,https://diceus.com/case-studies/earth-observation-cloud-based-software/,128,284,0.0,x-default,en,False,False,False
https://diceus.com/case-studies/earth-observation-crop-rotation-software/,/case-studies/earth-observation-crop-rotation-software/,200,,True,case-sitemap.xml,2026-09-04T11:21:23+00:00,sitemap/seed,case_study,Proof,,False,5.2,True,False,https://diceus.com/case-studies/earth-observation-crop-rotation-software/,True,Web-Based Earth Observation Crop Rotation Software,50,1.0,A case study of the Earth observation crop rotation software.,61,1.0,Earth observation crop rotation software,1,1.0,11.0,576,BreadcrumbList;EntryPoint;ImageObject;ListItem;Organization;ReadAction;SearchAction;WebPage;WebSite,False,,2026-09-04T11:21:23+00:00,2.0,18,18,300,0,0,0.257,0.65,earth observation crop rotation software,0.327,https://diceus.com/case-studies/earth-observation-unique-algorithm/,121,278,0.0,x-default,en,False,False,False
https://diceus.com/case-studies/earth-observation-software-for-insurance/,/case-studies/earth-observation-software-for-insurance/,200,,True,case-sitemap.xml,2026-09-04T11:21:24+00:00,sitemap/seed,case_study,Proof,,True,43.4,True,False,https://diceus.com/case-studies/earth-observation-software-for-insurance/,True,Case Study: Earth Observation Software for Insurance Niche,58,1.0,A case study of the earth observation software for the insurance niche.,71,1.0,Earth observation software for insurance niche,1,1.0,11.0,553,BreadcrumbList;EntryPoint;ImageObject;ListItem;Organization;ReadAction;SearchAction;WebPage;WebSite,False,,2026-09-04T11:21:24+00:00,2.0,58,14,300,0,0,1.321,0.537,"earth observation software for insurance niche, earth observation software",0.19,https://diceus.com/case-studies/earth-observation-cloud-based-software/,153,280,0.0,x-default,en,False,False,False
https://diceus.com/case-studies/earth-observation-unique-algorithm/,/case-studies/earth-observation-unique-algorithm/,200,,True,case-sitemap.xml,2026-09-04T11:21:26+00:00,sitemap/seed,case_study,Proof,,False,0.0,True,False,https://diceus.com/case-studies/earth-observation-unique-algorithm/,True,Earth Observation Algorithm for Soil Moisture Calculation,57,1.0,A case study on the unique Earth observation algorithm to calculate soil moisture Index.,88,1.0,Earth observation unique algorithm to calculate soil moisture index,1,1.0,11.0,539,BreadcrumbList;EntryPoint;ImageObject;ListItem;Organization;ReadAction;SearchAction;WebPage;WebSite,False,,2026-09-04T11:21:26+00:00,2.0,11,11,295,0,0,0.22,0.495,earth observation unique algorithm to calculate soil moistur,0.527,https://diceus.com/case-studies/earth-observation-application-for-soil-moisture-drones/,156,279,0.0,x-default,en,False,False,False
https://diceus.com/case-studies/ecommerce-payment-gateway/,/case-studies/ecommerce-payment-gateway/,200,,True,case-sitemap.xml,2026-09-04T11:21:27+00:00,sitemap/seed,case_study,Proof,,False,0.0,True,False,https://diceus.com/case-studies/ecommerce-payment-gateway/,True,eCommerce Payment Solution,26,1.0,A case study of an eCommerce payment solution.,46,1.0,eCommerce payment gateway,1,1.0,11.0,530,BreadcrumbList;EntryPoint;ImageObject;ListItem;Organization;ReadAction;SearchAction;WebPage;WebSite,False,,2026-09-04T11:21:27+00:00,3.0,11,11,300,0,0,0.193,0.311,ecommerce payment gateway,0.266,https://diceus.com/case-studies/secure-payment-gateway/,103,283,0.0,x-default,en,False,False,False
https://diceus.com/case-studies/ecommerce-project/,/case-studies/ecommerce-project/,200,,True,case-sitemap.xml,2026-09-04T11:21:29+00:00,sitemap/seed,case_study,Proof,,False,0.0,True,False,https://diceus.com/case-studies/ecommerce-project/,True,E-Commerce Project Total Image Group: Case Study DICEUS,55,1.0,A case study of an eCommerce project for Total Image Group.,59,1.0,eCommerce project for Total Image Group,1,1.0,12.0,695,BreadcrumbList;EntryPoint;ImageObject;ListItem;Organization;ReadAction;SearchAction;WebPage;WebSite,False,,2026-09-04T11:21:29+00:00,2.0,38,38,301,0,0,0.346,1.044,ecommerce project for total image group,0.42,https://diceus.com/case-studies/erp-project/,96,284,0.0,x-default,en,False,False,False
https://diceus.com/case-studies/erp-for-a-transport-company/,/case-studies/erp-for-a-transport-company/,200,,True,case-sitemap.xml,2026-09-04T11:22:04+00:00,sitemap/seed,case_study,Proof,,False,0.0,True,False,https://diceus.com/case-studies/erp-for-a-transport-company/,True,Enterprise Management Solution for Logistics,44,1.0,"Learn more about the all-in-one ERP for logistics company. Comprehensive management, analytics, role-based access, and VIN checks included.",139,1.0,Enterprise resource planning tool for a transport company,1,1.0,13.0,700,BreadcrumbList;EntryPoint;ImageObject;ListItem;Organization;ReadAction;SearchAction;WebPage;WebSite,False,,2026-09-04T11:22:04+00:00,2.0,22,22,300,0,0,0.249,0.489,enterprise resource planning tool for a transport company,0.501,https://diceus.com/case-studies/online-car-auction-system/,161,294,0.0,x-default,en,False,False,False
https://diceus.com/case-studies/erp-project/,/case-studies/erp-project/,200,,True,case-sitemap.xml,2026-09-04T11:22:06+00:00,sitemap/seed,case_study,Proof,,False,0.0,True,False,https://diceus.com/case-studies/erp-project/,True,Enterprise Resource Planning for Total Image Group,50,1.0,A case study of an ERP project for Total Image Group.,53,1.0,ERP project for Total Image Group,1,1.0,12.0,692,BreadcrumbList;EntryPoint;ImageObject;ListItem;Organization;ReadAction;SearchAction;WebPage;WebSite,False,,2026-09-04T11:22:06+00:00,2.0,35,35,300,0,0,0.342,0.837,erp project for total image group,0.42,https://diceus.com/case-studies/ecommerce-project/,86,284,0.0,x-default,en,False,False,False
https://diceus.com/case-studies/etl-processes-development-and-data-modeling-for-data-science-analytics-solution/,/case-studies/etl-processes-development-and-data-modeling-for-data-science-analytics-solution/,200,,True,case-sitemap.xml,2026-09-04T11:22:09+00:00,sitemap/seed,case_study,Proof,data_analytics_dwh,True,2.7,True,False,https://diceus.com/case-studies/etl-processes-development-and-data-modeling-for-data-science-analytics-solution/,True,ETL Processes Development and Data Modeling for Data Analytics,62,1.0,"ETL (Extract, Transform, Load) processes development and data modeling for data science analytics solution",106,1.0,ETL process development and data modeling for REsurity,1,1.0,12.0,738,BreadcrumbList;EntryPoint;ImageObject;ListItem;Organization;ReadAction;SearchAction;WebPage;WebSite,False,,2026-09-04T11:22:09+00:00,2.0,58,58,295,0,0,0.496,2.624,etl process development and data modeling for resurity,0.155,https://diceus.com/case-studies/industry/software-product/,301,285,0.0,x-default,en,False,False,False
https://diceus.com/case-studies/extended-events-engine-integration/,/case-studies/extended-events-engine-integration/,200,,True,case-sitemap.xml,2026-09-04T11:22:11+00:00,sitemap/seed,case_study,Proof,,False,1.5,True,False,https://diceus.com/case-studies/extended-events-engine-integration/,True,Extended Events Engine Integration for ApexSQL | Case Study,59,1.0,A case study of the Extended Events Engine integrated for ApexSQL.,66,1.0,Extended events engine integration for ApexSQL,1,1.0,12.0,662,BreadcrumbList;EntryPoint;ImageObject;ListItem;Organization;ReadAction;SearchAction;WebPage;WebSite,False,,2026-09-04T11:22:11+00:00,3.0,11,11,298,0,0,0.194,0.342,extended events engine integration for apexsql,0.332,https://diceus.com/case-studies/always-on-support-feature-integration/,436,284,0.0,x-default,en,False,False,False
https://diceus.com/case-studies/flexible-spending-account-system/,/case-studies/flexible-spending-account-system/,200,,True,case-sitemap.xml,2026-09-04T11:22:12+00:00,sitemap/seed,case_study,Proof,customer_portal_cx,True,27.9,True,False,https://diceus.com/case-studies/flexible-spending-account-system/,True,Enterprise Flexible Spending Account for Employee Benefits,58,1.0,FSA provides for flexible benefits and spending for employees. Read about how we designed a modern and powerful solution for enterprises that facilitates employee benefits management.,183,1.0,FSA – a self-service benefits management solution,1,1.0,13.0,896,BreadcrumbList;EntryPoint;ImageObject;ListItem;Organization;ReadAction;SearchAction;WebPage;WebSite,False,,2026-09-04T11:22:12+00:00,2.0,58,14,298,0,0,1.303,0.503,"fsa – a self-service benefits management solution, self-service tools, flexible spending account",0.303,https://diceus.com/case-studies/claims-management-system/,172,292,0.0,x-default,en,False,False,False
https://diceus.com/case-studies/hcm-data-management-system/,/case-studies/hcm-data-management-system/,200,,True,case-sitemap.xml,2026-09-04T11:37:44+00:00,sitemap/seed,case_study,Proof,data_analytics_dwh,True,1.3,True,False,https://diceus.com/case-studies/hcm-data-management-system/,True,Big Data Management System: Case Study DICEUS,45,1.0,A case study of a data management system for HCM.,49,1.0,HCM data management system,1,1.0,12.0,741,BreadcrumbList;EntryPoint;ImageObject;ListItem;Organization;ReadAction;SearchAction;WebPage;WebSite,False,,2026-09-04T11:37:44+00:00,2.0,16,16,297,0,0,0.24,0.535,hcm data management system,0.156,https://diceus.com/case-studies/vat-saas-app-for-accounting/,156,283,0.0,x-default,en,False,False,False
https://diceus.com/case-studies/health-system-solution/,/case-studies/health-system-solution/,200,,True,case-sitemap.xml,2026-09-04T11:37:46+00:00,sitemap/seed,case_study,Proof,,False,0.0,True,False,https://diceus.com/case-studies/health-system-solution/,True,Health System Development for ReStart Consulting: Case,54,1.0,A case study of the Health software solution for ReStart Consulting.,68,1.0,Health system solution for ReStart Consulting,1,1.0,13.0,759,BreadcrumbList;EntryPoint;ImageObject;ListItem;Organization;ReadAction;SearchAction;WebPage;WebSite,False,,2026-09-04T11:37:46+00:00,3.0,8,8,294,0,0,0.192,0.294,"health system solution for restart consulting, solution, applications that combine",0.183,https://diceus.com/case-studies/industry/healthcare/,693,288,0.0,x-default,en,False,False,False
https://diceus.com/case-studies/home-rental-platform-redevelopment/,/case-studies/home-rental-platform-redevelopment/,200,,True,case-sitemap.xml,2026-09-04T11:37:47+00:00,sitemap/seed,case_study,Proof,,False,4.0,True,False,https://diceus.com/case-studies/home-rental-platform-redevelopment/,True,Vacation Rental Pros Redevelopment,34,1.0,A case study of a home rental platform redevelopment project.,61,1.0,Home rental platform redevelopment,1,1.0,12.0,757,BreadcrumbList;EntryPoint;ImageObject;ListItem;Organization;ReadAction;SearchAction;WebPage;WebSite,False,,2026-09-04T11:37:47+00:00,2.0,17,17,299,0,0,0.24,0.587,home rental platform redevelopment,0.196,https://diceus.com/case-studies/industry/real-estate/,257,283,0.0,x-default,en,False,False,False
https://diceus.com/case-studies/hrm-solution/,/case-studies/hrm-solution/,200,,True,case-sitemap.xml,2026-09-04T11:37:49+00:00,sitemap/seed,case_study,Proof,,False,4.5,True,False,https://diceus.com/case-studies/hrm-solution/,True,Case Study: Human Resources Management System,45,1.0,A complete human resources management system with lots of features and user-friendly interface that can improve the entire workflow in any organization.,152,1.0,Teambase human resources management solution,1,1.0,13.0,897,BreadcrumbList;EntryPoint;ImageObject;ListItem;Organization;ReadAction;SearchAction;WebPage;WebSite,False,,2026-09-04T11:37:49+00:00,3.0,9,9,297,0,0,0.192,0.28,teambase human resources management solution,0.346,https://diceus.com/case-studies/claims-management-system/,147,295,0.0,x-default,en,False,False,False
https://diceus.com/case-studies/insis-modernized-claims-api-development/,/case-studies/insis-modernized-claims-api-development/,200,,True,case-sitemap.xml,2026-09-04T11:37:52+00:00,sitemap/seed,case_study,Proof,claims,True,14.4,True,False,https://diceus.com/case-studies/insis-modernized-claims-api-development/,True,Modernized Claims API development for Fadata,44,1.0,"Modernized Claims API development is one of the projects of Fadata, the company providing an insurance process platform for insurance businesses worldwide.",155,1.0,INSIS Modernized Claims API development for Fadata,1,1.0,12.0,694,BreadcrumbList;EntryPoint;ImageObject;ListItem;Organization;ReadAction;SearchAction;WebPage;WebSite,False,,2026-09-04T11:37:52+00:00,1.0,41,41,293,0,0,0.457,2.242,insis modernized claims api development for fadata,0.418,https://diceus.com/case-studies/it-staff-augmentation-for-fadatas-insurance-platform-insis-implementation/,220,284,0.0,x-default,en,False,False,False
https://diceus.com/case-studies/insurance-broker-solution/,/case-studies/insurance-broker-solution/,200,,True,case-sitemap.xml,2026-09-04T11:39:00+00:00,sitemap/seed,case_study,Proof,broker_distribution,True,55.2,True,False,https://diceus.com/case-studies/insurance-broker-solution/,True,Insurance Broker Solution KloonRisk for Klod-Soft,49,1.0,A case study of an Insurance Broker Solution KloonRisk for Kloud-Soft.,70,1.0,KloonRisk – an insurance broker solution for Kloud-Soft,1,1.0,12.0,743,BreadcrumbList;EntryPoint;ImageObject;ListItem;Organization;ReadAction;SearchAction;WebPage;WebSite,False,,2026-09-04T11:39:00+00:00,2.0,57,13,299,0,0,1.308,0.457,"kloonrisk – an insurance broker solution for kloud-soft, insurance broker solution for kloud-soft",0.169,https://diceus.com/case-studies/industry/insurance/,141,284,0.0,x-default,en,False,False,False
https://diceus.com/case-studies/insurance-management-system/,/case-studies/insurance-management-system/,200,,True,case-sitemap.xml,2026-09-04T11:39:02+00:00,sitemap/seed,case_study,Proof,,True,52.8,True,False,https://diceus.com/case-studies/insurance-management-system/,True,Case Study: Cloud Insurance Solution RiskVille,46,1.0,"How we developed a unified platform that helps manage customers and business records as well as track all the insured and self-insured assets. It is aimed to organize and streamline all the processes related to risks, claims, and insurance in one system.",254,1.0,RiskVille cloud solution for risk and insurance management,1,1.0,12.0,720,BreadcrumbList;EntryPoint;ImageObject;ListItem;Organization;ReadAction;SearchAction;WebPage;WebSite,False,,2026-09-04T11:39:02+00:00,2.0,57,13,296,0,0,1.315,0.478,"riskville cloud solution for risk and insurance management, cloud-based insurance software, riskville",0.153,https://diceus.com/case-studies/insurance-broker-solution/,86,284,0.0,x-default,en,False,False,False
https://diceus.com/case-studies/it-staff-augmentation-for-ekool-e-learning-platform/,/case-studies/it-staff-augmentation-for-ekool-e-learning-platform/,200,,True,case-sitemap.xml,2026-09-04T11:39:08+00:00,sitemap/seed,case_study,Proof,,False,2.5,True,False,https://diceus.com/case-studies/it-staff-augmentation-for-ekool-e-learning-platform/,True,IT Staff Augmentation Services for eKool E-learning Platform,60,1.0,Case study: IT staff augmentation services provided for the eKool school management platform | Java developers for hire.,120,1.0,IT staff augmentation for eKool e-learning platform,1,1.0,12.0,400,BreadcrumbList;EntryPoint;ImageObject;ListItem;Organization;ReadAction;SearchAction;WebPage;WebSite,False,,2026-09-04T11:39:08+00:00,2.0,8,8,292,0,0,0.202,0.386,it staff augmentation for ekool e-learning platform,0.198,https://diceus.com/case-studies/service/staff-augmentation/,120,274,0.0,x-default,en,False,False,False
https://diceus.com/case-studies/it-staff-augmentation-for-fadatas-insurance-platform-insis-implementation/,/case-studies/it-staff-augmentation-for-fadatas-insurance-platform-insis-implementation/,200,,True,case-sitemap.xml,2026-09-04T11:39:09+00:00,sitemap/seed,case_study,Proof,,True,13.9,True,False,https://diceus.com/case-studies/it-staff-augmentation-for-fadatas-insurance-platform-insis-implementation/,True,IT Consulting for Fadata,24,1.0,DICEUS IT consulting services for Fadata. Developers from our side work as a part of the INSIS implementation team.,115,1.0,IT consulting for Fadata’s insurance platform INSIS implementation,1,1.0,13.0,577,BreadcrumbList;EntryPoint;ImageObject;ListItem;Organization;ReadAction;SearchAction;WebPage;WebSite,False,,2026-09-04T11:39:09+00:00,1.0,108,108,294,0,0,1.199,4.12,"view case, it consulting for fadata’s insurance platform insis implemen, check the project",0.418,https://diceus.com/case-studies/insis-modernized-claims-api-development/,162,282,0.0,x-default,en,False,False,False
https://diceus.com/case-studies/it-staff-augmentation-for-raiffeisen-banks-it-projects/,/case-studies/it-staff-augmentation-for-raiffeisen-banks-it-projects/,200,,True,case-sitemap.xml,2026-09-04T11:43:48+00:00,sitemap/seed,case_study,Proof,,False,0.0,True,False,https://diceus.com/case-studies/it-staff-augmentation-for-raiffeisen-banks-it-projects/,True,IT Staff Augmentation for Raiffeisen Bank's Projects,52,1.0,DICEUS IT staff augmentation services for Raiffeisen Bank. Backend and frontend developers were provided as additional resources for the bank's IT projects.,156,1.0,IT staff augmentation for Raiffeisen Bank’s IT projects,1,1.0,12.0,779,BreadcrumbList;EntryPoint;ImageObject;ListItem;Organization;ReadAction;SearchAction;WebPage;WebSite,False,,2026-09-04T11:43:48+00:00,2.0,33,33,294,0,0,0.285,1.245,it staff augmentation for raiffeisen bank’s it projects,0.293,https://diceus.com/case-studies/poc-for-raiffeisen-banks-self-service-terminals-development/,143,282,0.0,x-default,en,False,False,False
https://diceus.com/case-studies/marketing-branding-solution/,/case-studies/marketing-branding-solution/,200,,True,case-sitemap.xml,2026-09-04T11:43:49+00:00,sitemap/seed,case_study,Proof,,False,0.0,True,False,https://diceus.com/case-studies/marketing-branding-solution/,True,Case Study: Marketing and Branding Solution,43,1.0,"How we designed a complete self-marketing, branding, and selling system for an automotive dealership that combines such tools as a connection builder, a review builder, and a social builder with multiple features for effective business relationships, sales, and marketing.",272,1.0,Build-a-brand marketing and branding software,1,1.0,12.0,822,BreadcrumbList;EntryPoint;ImageObject;ListItem;Organization;ReadAction;SearchAction;WebPage;WebSite,False,,2026-09-04T11:43:49+00:00,2.0,16,16,298,0,0,0.21,0.426,"build-a-brand marketing and branding software, check the project",0.19,https://diceus.com/case-studies/industry/marketing-and-advertising/,688,289,0.0,x-default,en,False,False,False
https://diceus.com/case-studies/medical-error-reporting-system/,/case-studies/medical-error-reporting-system/,200,,True,case-sitemap.xml,2026-09-04T11:43:51+00:00,sitemap/seed,case_study,Proof,,False,1.1,True,False,https://diceus.com/case-studies/medical-error-reporting-system/,True,Case Study: Medical Errors Reporting System,43,1.0,Medical Errors System provides an excellent opportunity for government and law entities to merge patients' complaints in one place and process them in the most efficient way.,174,1.0,Medical errors reporting system,1,1.0,12.0,872,BreadcrumbList;EntryPoint;ImageObject;ListItem;Organization;ReadAction;SearchAction;WebPage;WebSite,False,,2026-09-04T11:43:51+00:00,2.0,14,14,297,0,0,0.208,0.358,"medical errors reporting system, medical errors, effective medical data management systems",0.298,https://diceus.com/case-studies/medical-research-system/,126,286,0.0,x-default,en,False,False,False
https://diceus.com/case-studies/medical-research-system/,/case-studies/medical-research-system/,200,,True,case-sitemap.xml,2026-09-04T11:43:53+00:00,sitemap/seed,case_study,Proof,,False,0.0,True,False,https://diceus.com/case-studies/medical-research-system/,True,Case Study: Medical Research System,35,1.0,Medical research system aimed to facilitate a favourable public healthcare (PHC) research environment.,102,1.0,E-review system for healthcare research papers,1,1.0,12.0,706,BreadcrumbList;EntryPoint;ImageObject;ListItem;Organization;ReadAction;SearchAction;WebPage;WebSite,False,,2026-09-04T11:43:53+00:00,3.0,10,10,296,0,0,0.193,0.339,"e-review system for healthcare research papers, research software, medical research system",0.298,https://diceus.com/case-studies/medical-error-reporting-system/,172,282,0.0,x-default,en,False,False,False
https://diceus.com/case-studies/net-application/,/case-studies/net-application/,200,,True,case-sitemap.xml,2026-09-04T11:44:35+00:00,sitemap/seed,case_study,Proof,,False,0.0,True,False,https://diceus.com/case-studies/net-application/,True,A Web .NET-Based App for Dental Clinics,39,1.0,A case study of a web app for dental clinics | DICEUS.,54,1.0,.NET application for dental industry,1,1.0,13.0,751,BreadcrumbList;EntryPoint;ImageObject;ListItem;Organization;ReadAction;SearchAction;WebPage;WebSite,False,,2026-09-04T11:44:35+00:00,2.0,41,41,300,0,0,0.461,1.197,".net application for dental industry, software for dental clinics",0.177,https://diceus.com/case-studies/dental-booking-app/,144,289,0.0,x-default,en,False,False,False
https://diceus.com/case-studies/new-website-case/,/case-studies/new-website-case/,200,,True,case-sitemap.xml,2026-09-04T11:44:36+00:00,sitemap/seed,case_study,Proof,,False,1.6,True,False,https://diceus.com/case-studies/new-website-case/,True,TecTelik New Website,20,1.0,A case study of an updated website for TecTelik.,48,1.0,TekTelic new website case,1,1.0,12.0,640,BreadcrumbList;EntryPoint;ImageObject;ListItem;Organization;ReadAction;SearchAction;WebPage;WebSite,False,,2026-09-04T11:44:36+00:00,2.0,30,30,298,0,0,0.326,0.696,tektelic new website case,0.151,https://diceus.com/case-studies/cloud-based-web-solution/,170,283,0.0,x-default,en,False,False,False
https://diceus.com/case-studies/online-car-auction-system/,/case-studies/online-car-auction-system/,200,,True,case-sitemap.xml,2026-09-04T11:44:38+00:00,sitemap/seed,case_study,Proof,,False,2.7,True,False,https://diceus.com/case-studies/online-car-auction-system/,True,Car Auction Solution for Customers and Admins,45,1.0,"Check a unique car auction solution designed for the global transportation brand. We've added automated trading, verification of lots, and two apps: for users and admins.",170,1.0,Online car auction system,1,1.0,13.0,748,BreadcrumbList;EntryPoint;ImageObject;ListItem;Organization;ReadAction;SearchAction;WebPage;WebSite,False,,2026-09-04T11:44:38+00:00,2.0,16,16,300,0,0,0.21,0.401,"online car auction system, check the project",0.501,https://diceus.com/case-studies/erp-for-a-transport-company/,135,290,0.0,x-default,en,False,False,False
https://diceus.com/case-studies/outlook-plugin/,/case-studies/outlook-plugin/,200,,True,case-sitemap.xml,2026-09-04T11:44:39+00:00,sitemap/seed,case_study,Proof,,False,0.0,True,False,https://diceus.com/case-studies/outlook-plugin/,True,Outlook Add-in for the GBS platform,35,1.0,A case study of an Outlook plugin for the Gunnebo platform.,59,1.0,Outlook plugin for Gunnebo,1,1.0,12.0,636,BreadcrumbList;EntryPoint;ImageObject;ListItem;Organization;ReadAction;SearchAction;WebPage;WebSite,False,,2026-09-04T11:44:39+00:00,3.0,8,8,296,0,0,0.191,0.275,outlook plugin for gunnebo,0.167,https://diceus.com/case-studies/industry/retail/,79,284,0.0,x-default,en,False,False,False
https://diceus.com/case-studies/pinpoint-payment-plugin-optimization/,/case-studies/pinpoint-payment-plugin-optimization/,200,,True,case-sitemap.xml,2026-09-04T11:44:41+00:00,sitemap/seed,case_study,Proof,,False,2.8,True,False,https://diceus.com/case-studies/pinpoint-payment-plugin-optimization/,True,Payment Plugin Optimization for Pinpoint: Case Study DICEUS,59,1.0,A case study of a payment plugin optimization.,46,1.0,Pinpoint payment plugin optimization,1,1.0,12.0,707,BreadcrumbList;EntryPoint;ImageObject;ListItem;Organization;ReadAction;SearchAction;WebPage;WebSite,False,,2026-09-04T11:44:41+00:00,2.0,13,13,299,0,0,0.215,0.477,pinpoint payment plugin optimization,0.149,https://diceus.com/case-studies/industry/software-product/,116,284,0.0,x-default,en,False,False,False
https://diceus.com/case-studies/poc-for-raiffeisen-banks-self-service-terminals-development/,/case-studies/poc-for-raiffeisen-banks-self-service-terminals-development/,200,,True,case-sitemap.xml,2026-09-04T11:48:47+00:00,sitemap/seed,case_study,Proof,customer_portal_cx,True,1.1,True,False,https://diceus.com/case-studies/poc-for-raiffeisen-banks-self-service-terminals-development/,True,POC for Raiffeisen Self-Service Terminals Development,53,1.0,POC project for Raiffeisen Bank self-service terminals development based on the existing ATM NCR network.,105,1.0,POC for Raiffeisen Bank self‑service terminal development,1,1.0,12.0,893,BreadcrumbList;EntryPoint;ImageObject;ListItem;Organization;ReadAction;SearchAction;WebPage;WebSite,False,,2026-09-04T11:48:47+00:00,1.0,41,41,298,0,0,0.351,1.592,"poc for raiffeisen bank self‑service terminal development, poc for raiffeisen bank’s self-service terminals development",0.293,https://diceus.com/case-studies/it-staff-augmentation-for-raiffeisen-banks-it-projects/,143,284,0.0,x-default,en,False,False,False
https://diceus.com/case-studies/resolute-customer-web-portal-and-admin-web-portal/,/case-studies/resolute-customer-web-portal-and-admin-web-portal/,200,,True,case-sitemap.xml,2026-09-04T11:48:49+00:00,sitemap/seed,case_study,Proof,customer_portal_cx,True,0.0,True,False,https://diceus.com/case-studies/resolute-customer-web-portal-and-admin-web-portal/,True,Cloud-Based Customer Web Portal and Admin Web Portal for Resolute,65,1.0,Case study: Customer Web Portal and Admin Web Portal. Learn how we developed a custom web solution for the US-based company Resolute.,133,1.0,Resolute customer web portal and admin web portal,1,1.0,12.0,922,BreadcrumbList;EntryPoint;ImageObject;ListItem;Organization;ReadAction;SearchAction;WebPage;WebSite,False,,2026-09-04T11:48:49+00:00,2.0,15,15,295,0,0,0.209,0.708,resolute customer web portal and admin web portal,0.237,https://diceus.com/case-studies/industry/government/,147,284,0.0,x-default,en,False,False,False
https://diceus.com/case-studies/restaurant-apps-and-rewards-platform/,/case-studies/restaurant-apps-and-rewards-platform/,200,,True,case-sitemap.xml,2026-09-04T11:48:50+00:00,sitemap/seed,case_study,Proof,,False,0.0,True,False,https://diceus.com/case-studies/restaurant-apps-and-rewards-platform/,True,Online Shop and Rewards Functionality for Coffee Restaurants,60,1.0,"Explore the advanced online retail solution developed for a coffee manufacturer and distributor. It includes digitized rewards management, bonus points, discounts, online shopping, delivery, and payment integrations.",216,1.0,Restaurant rewards platform and apps,1,1.0,11.0,753,BreadcrumbList;EntryPoint;ImageObject;ListItem;Organization;ReadAction;SearchAction;WebPage;WebSite,False,,2026-09-04T11:48:50+00:00,3.0,9,9,299,0,0,0.192,0.258,restaurant rewards platform and apps,0.149,https://diceus.com/case-studies/industry/retail/,136,284,0.0,x-default,en,False,False,False
https://diceus.com/case-studies/rpa-for-aml/,/case-studies/rpa-for-aml/,200,,True,case-sitemap.xml,2026-09-04T11:48:52+00:00,sitemap/seed,case_study,Proof,,False,0.0,True,False,https://diceus.com/case-studies/rpa-for-aml/,True,RPA for Anti-Money Laundering in a Bank,39,1.0,Look at how we integrated the RPA solution for more effective anti-money laundering in the banking industry.,108,1.0,Robotics process automation for anti-money laundering,1,1.0,10.0,411,BreadcrumbList;EntryPoint;ImageObject;ListItem;Organization;ReadAction;SearchAction;WebPage;WebSite,False,,2026-09-04T11:48:52+00:00,3.0,9,9,296,0,0,0.192,0.315,"robotics process automation for anti-money laundering, our project for a german bank",0.345,https://diceus.com/case-studies/rpa-for-import-export-operations/,176,276,0.0,x-default,en,False,False,False
https://diceus.com/case-studies/rpa-for-cash-transactions/,/case-studies/rpa-for-cash-transactions/,200,,True,case-sitemap.xml,2026-09-04T11:48:54+00:00,sitemap/seed,case_study,Proof,,False,0.0,True,False,https://diceus.com/case-studies/rpa-for-cash-transactions/,True,RPA for Cash Transactions in a Bank,35,1.0,Look at how we integrated the RPA solution for unbiased cash transaction monitoring and investigation.,102,1.0,Robotics process automation for cash transactions,1,1.0,9.0,368,BreadcrumbList;EntryPoint;ImageObject;ListItem;Organization;ReadAction;SearchAction;WebPage;WebSite,False,,2026-09-04T11:48:54+00:00,3.0,9,9,296,0,0,0.192,0.298,"robotics process automation for cash transactions, automation for cash transactions for a major ukrainian bank",0.355,https://diceus.com/case-studies/rpa-for-payroll-processing/,89,276,0.0,x-default,en,False,False,False
https://diceus.com/case-studies/rpa-for-import-export-operations/,/case-studies/rpa-for-import-export-operations/,200,,True,case-sitemap.xml,2026-09-04T11:55:26+00:00,sitemap/seed,case_study,Proof,,False,0.0,True,False,https://diceus.com/case-studies/rpa-for-import-export-operations/,True,RPA for Import/Export Operations in a Bank,42,1.0,"Look at how we integrated the RPA solution for faster analysis, validation, and approval of import/export operational contracts.",128,1.0,Robotics process automation for import/export operations,1,1.0,9.0,333,BreadcrumbList;EntryPoint;ImageObject;ListItem;Organization;ReadAction;SearchAction;WebPage;WebSite,False,,2026-09-04T11:55:26+00:00,3.0,8,8,296,0,0,0.192,0.309,robotics process automation for import/export operations,0.4,https://diceus.com/case-studies/rpa-for-report-processing/,117,276,0.0,x-default,en,False,False,False
https://diceus.com/case-studies/rpa-for-payment-processing/,/case-studies/rpa-for-payment-processing/,200,,True,case-sitemap.xml,2026-09-04T11:55:27+00:00,sitemap/seed,case_study,Proof,,False,0.0,True,False,https://diceus.com/case-studies/rpa-for-payment-processing/,True,RPA for Payment Processing in a Bank,36,1.0,Look at how we integrated the RPA solution for better and faster payment processing for banking.,96,1.0,Robotics process automation for payment processing,1,1.0,9.0,358,BreadcrumbList;EntryPoint;ImageObject;ListItem;Organization;ReadAction;SearchAction;WebPage;WebSite,False,,2026-09-04T11:55:27+00:00,3.0,10,10,296,0,0,0.193,0.366,"robotics process automation for payment processing, robotics process automation",0.381,https://diceus.com/case-studies/rpa-for-import-export-operations/,138,275,0.0,x-default,en,False,False,False
https://diceus.com/case-studies/rpa-for-payroll-processing/,/case-studies/rpa-for-payroll-processing/,200,,True,case-sitemap.xml,2026-09-04T11:55:29+00:00,sitemap/seed,case_study,Proof,,False,0.0,True,False,https://diceus.com/case-studies/rpa-for-payroll-processing/,True,RPA for Payroll Processing in a Bank,36,1.0,Look at how we integrated the RPA solution for quick and straightforward payroll management that combines automated and manual processes.,137,1.0,Robotics process automation for payroll processing,1,1.0,10.0,408,BreadcrumbList;EntryPoint;ImageObject;ListItem;Organization;ReadAction;SearchAction;WebPage;WebSite,False,,2026-09-04T11:55:29+00:00,3.0,10,10,296,0,0,0.193,0.366,robotics process automation for payroll processing,0.413,https://diceus.com/case-studies/rpa-for-report-processing/,234,276,0.0,x-default,en,False,False,False
https://diceus.com/case-studies/rpa-for-report-processing/,/case-studies/rpa-for-report-processing/,200,,True,case-sitemap.xml,2026-09-04T11:55:30+00:00,sitemap/seed,case_study,Proof,,False,0.0,True,False,https://diceus.com/case-studies/rpa-for-report-processing/,True,RPA for Report Processing in a Bank,35,1.0,Look at how we integrated the RPA solution for streamlined report processing for banking.,89,1.0,Robotics process automation for report processing,1,1.0,9.0,342,BreadcrumbList;EntryPoint;ImageObject;ListItem;Organization;ReadAction;SearchAction;WebPage;WebSite,False,,2026-09-04T11:55:30+00:00,3.0,9,9,296,0,0,0.192,0.299,"robotics process automation for report processing, working with the bank from saudi arabia",0.413,https://diceus.com/case-studies/rpa-for-payroll-processing/,164,275,0.0,x-default,en,False,False,False
https://diceus.com/case-studies/saas-product/,/case-studies/saas-product/,200,,True,case-sitemap.xml,2026-09-04T11:55:32+00:00,sitemap/seed,case_study,Proof,,False,0.0,True,False,https://diceus.com/case-studies/saas-product/,True,SaaS Project for HealthyWage,28,1.0,A case study of an SaaS product for HealthyWage.,48,1.0,SaaS product for HealthyWage,1,1.0,12.0,730,BreadcrumbList;EntryPoint;ImageObject;ListItem;Organization;ReadAction;SearchAction;WebPage;WebSite,False,,2026-09-04T11:55:32+00:00,2.0,41,41,300,0,0,0.423,1.098,"saas product for healthywage, saas product, healthier lifestyle",0.173,https://diceus.com/case-studies/industry/healthcare/,162,283,0.0,x-default,en,False,False,False
https://diceus.com/case-studies/school-project/,/case-studies/school-project/,200,,True,case-sitemap.xml,2026-09-04T11:56:09+00:00,sitemap/seed,case_study,Proof,,False,1.4,True,False,https://diceus.com/case-studies/school-project/,True,Education Web and Mobile Solution for Computopic,48,1.0,"A case study of an educational platform for Computopic, a Danish provider of digital solutions for better communication.",120,1.0,School project for Computopic,1,1.0,12.0,737,BreadcrumbList;EntryPoint;ImageObject;ListItem;Organization;ReadAction;SearchAction;WebPage;WebSite,False,,2026-09-04T11:56:09+00:00,3.0,10,10,297,0,0,0.193,0.365,school project for computopic,0.195,https://diceus.com/case-studies/it-staff-augmentation-for-ekool-e-learning-platform/,254,288,0.0,x-default,en,False,False,False
https://diceus.com/case-studies/scoutbase-web-project-development-and-optimization/,/case-studies/scoutbase-web-project-development-and-optimization/,200,,True,case-sitemap.xml,2026-09-04T11:56:11+00:00,sitemap/seed,case_study,Proof,,False,6.0,True,False,https://diceus.com/case-studies/scoutbase-web-project-development-and-optimization/,True,Scoutbase Web Platform for Maritime,35,1.0,A case study of maritime software optimization.,47,1.0,Scoutbase web project development and optimization,1,1.0,12.0,832,BreadcrumbList;EntryPoint;ImageObject;ListItem;Organization;ReadAction;SearchAction;WebPage;WebSite,False,,2026-09-04T11:56:11+00:00,2.0,10,10,298,0,0,0.207,0.438,scoutbase web project development and optimization,0.178,https://diceus.com/case-studies/smartvalor-blockchain-app-development/,242,284,0.0,x-default,en,False,False,False
https://diceus.com/case-studies/secure-payment-gateway/,/case-studies/secure-payment-gateway/,200,,True,case-sitemap.xml,2026-09-04T11:56:13+00:00,sitemap/seed,case_study,Proof,,False,0.0,True,False,https://diceus.com/case-studies/secure-payment-gateway/,True,Secure Payment Gateway for Banking,34,1.0,A case study of a secure payment gateway.,41,1.0,Secure payment gateway,1,1.0,11.0,566,BreadcrumbList;EntryPoint;ImageObject;ListItem;Organization;ReadAction;SearchAction;WebPage;WebSite,False,,2026-09-04T11:56:13+00:00,3.0,16,16,300,0,0,0.197,0.446,secure payment gateway,0.266,https://diceus.com/case-studies/ecommerce-payment-gateway/,12993,282,0.0,x-default,en,False,False,False
https://diceus.com/case-studies/security-solution/,/case-studies/security-solution/,200,,True,case-sitemap.xml,2026-09-04T11:56:15+00:00,sitemap/seed,case_study,Proof,,False,1.5,True,False,https://diceus.com/case-studies/security-solution/,True,Security App for Gunnebo,24,1.0,A case study of a security solution for the Gunnebo platform.,61,1.0,Security solution for Gunnebo,1,1.0,12.0,685,BreadcrumbList;EntryPoint;ImageObject;ListItem;Organization;ReadAction;SearchAction;WebPage;WebSite,False,,2026-09-04T11:56:15+00:00,2.0,38,38,298,0,0,0.376,1.164,security solution for gunnebo,0.165,https://diceus.com/case-studies/outlook-plugin/,127,284,0.0,x-default,en,False,False,False
https://diceus.com/case-studies/server-optimization/,/case-studies/server-optimization/,200,,True,case-sitemap.xml,2026-09-04T11:56:16+00:00,sitemap/seed,case_study,Proof,,False,0.0,True,False,https://diceus.com/case-studies/server-optimization/,True,Optimization of Government-Grade Servers,40,1.0,A case study of a server optimization project for the Japanese government.,74,1.0,Server optimization for the Japanese government,1,1.0,12.0,717,BreadcrumbList;EntryPoint;ImageObject;ListItem;Organization;ReadAction;SearchAction;WebPage;WebSite,False,,2026-09-04T11:56:16+00:00,3.0,12,12,295,0,0,0.197,0.603,server optimization for the japanese government,0.228,https://diceus.com/case-studies/industry/government/,102,281,0.0,x-default,en,False,False,False
https://diceus.com/case-studies/siebel-to-appian-migration/,/case-studies/siebel-to-appian-migration/,200,,True,case-sitemap.xml,2026-09-04T11:57:02+00:00,sitemap/seed,case_study,Proof,data_analytics_dwh,True,0.0,True,False,https://diceus.com/case-studies/siebel-to-appian-migration/,True,CRM Data Migration from Siebel to Appian,40,1.0,"Read how DICEUS completed Siebel to Appian data migration for a large bank. We improved data access, AML data collection, and business processes.",145,1.0,Siebel to Appian data migration in banking,1,1.0,11.0,541,BreadcrumbList;EntryPoint;ImageObject;ListItem;Organization;ReadAction;SearchAction;WebPage;WebSite,False,,2026-09-04T11:57:02+00:00,3.0,8,8,294,0,0,0.192,0.338,"siebel to appian data migration in banking, crm data migration, complex data migration",0.193,https://diceus.com/case-studies/oracle-flexcube-modification/,115,283,0.0,x-default,en,False,False,False
https://diceus.com/case-studies/simpletix-development-and-optimization/,/case-studies/simpletix-development-and-optimization/,200,,True,case-sitemap.xml,2026-09-04T11:57:05+00:00,sitemap/seed,case_study,Proof,,False,2.7,True,False,https://diceus.com/case-studies/simpletix-development-and-optimization/,True,Optimization of SimpleTix,25,1.0,A case study of an online ticketing platform for SimpleTix.,59,1.0,SimpleTix development and optimization,1,1.0,12.0,739,BreadcrumbList;EntryPoint;ImageObject;ListItem;Organization;ReadAction;SearchAction;WebPage;WebSite,False,,2026-09-04T11:57:05+00:00,2.0,12,12,295,0,0,0.203,1.443,simpletix development and optimization,0.149,https://diceus.com/case-studies/cloud-based-web-solution/,746,284,0.0,x-default,en,False,False,False
https://diceus.com/case-studies/sitecore-automation-upgrade/,/case-studies/sitecore-automation-upgrade/,200,,True,case-sitemap.xml,2026-09-04T11:57:07+00:00,sitemap/seed,case_study,Proof,,False,3.0,True,False,https://diceus.com/case-studies/sitecore-automation-upgrade/,True,Upgrade of Construction Assessment Apps,39,1.0,"eTool is a digital web application for construction life-cycle assessment. We've updated it, added new views and modules, enabled automation and extra administration capabilities.",179,1.0,Subscription management and enterprise functionality in existing web apps,1,1.0,13.0,671,BreadcrumbList;EntryPoint;ImageObject;ListItem;Organization;ReadAction;SearchAction;WebPage;WebSite,False,,2026-09-04T11:57:07+00:00,2.0,10,10,297,0,0,0.206,0.311,"subscription management and enterprise functionality in exis, the etools project, check the project",0.171,https://diceus.com/testimonials/,131,291,0.0,x-default,en,False,False,False
https://diceus.com/case-studies/smartvalor-blockchain-app-development/,/case-studies/smartvalor-blockchain-app-development/,200,,True,case-sitemap.xml,2026-09-04T11:57:09+00:00,sitemap/seed,case_study,Proof,,False,1.2,True,False,https://diceus.com/case-studies/smartvalor-blockchain-app-development/,True,SmartValor Blockchain App,25,1.0,A case study of a blockchain marketplace solution.,50,1.0,SmartValor blockchain app development,1,1.0,12.0,813,BreadcrumbList;EntryPoint;ImageObject;ListItem;Organization;ReadAction;SearchAction;WebPage;WebSite,False,,2026-09-04T11:57:09+00:00,2.0,34,34,299,0,0,0.268,0.905,smartvalor blockchain app development,0.178,https://diceus.com/case-studies/scoutbase-web-project-development-and-optimization/,266,284,0.0,x-default,en,False,False,False
https://diceus.com/case-studies/social-media-scrapper-orchestrating-tool-and-2-scrappers/,/case-studies/social-media-scrapper-orchestrating-tool-and-2-scrappers/,200,,True,case-sitemap.xml,2026-09-04T11:57:11+00:00,sitemap/seed,case_study,Proof,,False,4.0,True,False,https://diceus.com/case-studies/social-media-scrapper-orchestrating-tool-and-2-scrappers/,True,Custom Software Development Scrapper Tools,42,1.0,A case study of social media scrapper tools custom development.,63,1.0,Social media scrapper orchestrating tool and 2 scrappers,1,1.0,11.0,741,BreadcrumbList;EntryPoint;ImageObject;ListItem;Organization;ReadAction;SearchAction;WebPage;WebSite,False,,2026-09-04T11:57:11+00:00,2.0,14,14,298,0,0,0.224,0.429,social media scrapper orchestrating tool and 2 scrappers,0.205,https://diceus.com/case-studies/industry/marketing-and-advertising/,294,283,0.0,x-default,en,False,False,False
https://diceus.com/case-studies/social-networking-solution-enhancement/,/case-studies/social-networking-solution-enhancement/,200,,True,case-sitemap.xml,2026-09-04T11:58:13+00:00,sitemap/seed,case_study,Proof,,False,4.3,True,False,https://diceus.com/case-studies/social-networking-solution-enhancement/,True,Enhanced Connector.org Web App,30,1.0,A case study of the e-learning functionality for the Connector.org networking platform.,87,1.0,Social networking solution enhancement for Connector.org,1,1.0,12.0,704,BreadcrumbList;EntryPoint;ImageObject;ListItem;Organization;ReadAction;SearchAction;WebPage;WebSite,False,,2026-09-04T11:58:13+00:00,3.0,12,12,299,0,0,0.194,0.349,social networking solution enhancement for connector.org,0.202,https://diceus.com/case-studies/business-networking-social-platform/,162,285,0.0,x-default,en,False,False,False
https://diceus.com/case-studies/sourcecontrol-upgrade-and-git-integration/,/case-studies/sourcecontrol-upgrade-and-git-integration/,200,,True,case-sitemap.xml,2026-09-04T11:58:15+00:00,sitemap/seed,case_study,Proof,,False,1.6,True,False,https://diceus.com/case-studies/sourcecontrol-upgrade-and-git-integration/,True,SourceControl Upgrade and Git Integration for ApexSQL,53,1.0,A case study of the SourceControl upgrade and Git integration for ApexSQL.,74,1.0,SourceControl upgrade + Git integration for ApexSQL,1,1.0,12.0,611,BreadcrumbList;EntryPoint;ImageObject;ListItem;Organization;ReadAction;SearchAction;WebPage;WebSite,False,,2026-09-04T11:58:15+00:00,3.0,12,12,298,0,0,0.194,0.366,sourcecontrol upgrade + git integration for apexsql,0.311,https://diceus.com/case-studies/extended-events-engine-integration/,78,283,0.0,x-default,en,False,False,False
https://diceus.com/case-studies/spark-streaming-big-data-project/,/case-studies/spark-streaming-big-data-project/,200,,True,case-sitemap.xml,2026-09-04T11:58:16+00:00,sitemap/seed,case_study,Proof,data_analytics_dwh,True,6.6,True,False,https://diceus.com/case-studies/spark-streaming-big-data-project/,True,Spark Streaming Big Data Solution for Naya,42,1.0,A case study of a Big Data project for Naya Technologies.,57,1.0,Spark streaming big data project for Naya Technologies,1,1.0,12.0,758,BreadcrumbList;EntryPoint;ImageObject;ListItem;Organization;ReadAction;SearchAction;WebPage;WebSite,False,,2026-09-04T11:58:16+00:00,3.0,7,7,296,0,0,0.191,0.289,spark streaming big data project for naya technologies,0.142,https://diceus.com/case-studies/service/devops/,133,282,0.0,x-default,en,False,False,False
https://diceus.com/case-studies/ssas-loader-upgrade/,/case-studies/ssas-loader-upgrade/,200,,True,case-sitemap.xml,2026-09-04T11:58:18+00:00,sitemap/seed,case_study,Proof,,False,1.6,True,False,https://diceus.com/case-studies/ssas-loader-upgrade/,True,SSAS Loader Upgrade for ApexSQL: DICEUS Case Study,50,1.0,A case study of the SSAS Loader upgrade for ApexSQL.,52,1.0,SSAS loader upgrade for ApexSQL,1,1.0,12.0,616,BreadcrumbList;EntryPoint;ImageObject;ListItem;Organization;ReadAction;SearchAction;WebPage;WebSite,False,,2026-09-04T11:58:18+00:00,3.0,12,12,298,0,0,0.194,0.366,ssas loader upgrade for apexsql,0.426,https://diceus.com/case-studies/bi-loaders-upgrade/,215,282,0.0,x-default,en,False,False,False
https://diceus.com/case-studies/updated-insis-application/,/case-studies/updated-insis-application/,200,,True,case-sitemap.xml,2026-09-04T11:58:20+00:00,sitemap/seed,case_study,Proof,,True,29.2,True,False,https://diceus.com/case-studies/updated-insis-application/,True,Updated INSIS Platform for Fadata,33,1.0,A case study of an updated INSIS application for Fadata.,56,1.0,Updated INSIS application for Fadata,1,1.0,12.0,685,BreadcrumbList;EntryPoint;ImageObject;ListItem;Organization;ReadAction;SearchAction;WebPage;WebSite,False,,2026-09-04T11:58:20+00:00,2.0,56,13,296,0,0,1.312,0.655,"updated insis application for fadata, update of fadata’s insis insurance platform, update its platform, insis",0.141,https://diceus.com/case-studies/industry/insurance/,130,282,0.0,x-default,en,False,False,False
https://diceus.com/case-studies/vat-saas-app-for-accounting/,/case-studies/vat-saas-app-for-accounting/,200,,True,case-sitemap.xml,2026-09-04T12:00:57+00:00,sitemap/seed,case_study,Proof,,False,1.5,True,False,https://diceus.com/case-studies/vat-saas-app-for-accounting/,True,VAT Application for Financial Services Companies,48,1.0,Case Study: A custom VAT calculating app for financial services companies.,74,1.0,VAT SaaS app for accounting,1,1.0,12.0,667,BreadcrumbList;EntryPoint;ImageObject;ListItem;Organization;ReadAction;SearchAction;WebPage;WebSite,False,,2026-09-04T12:00:57+00:00,2.0,17,17,299,0,0,0.227,0.438,vat saas app for accounting,0.156,https://diceus.com/case-studies/hcm-data-management-system/,170,283,0.0,x-default,en,False,False,False
https://diceus.com/case-studies/wearable-sensing-platform/,/case-studies/wearable-sensing-platform/,200,,True,case-sitemap.xml,2026-09-04T12:00:59+00:00,sitemap/seed,case_study,Proof,,False,0.0,True,False,https://diceus.com/case-studies/wearable-sensing-platform/,True,Case Study: Verisense Wearable Sensing Platform for Clinical Trials,67,1.0,Verisense wearable sensing platform: A case study with value delivered. How DICEUS contributed to the development of the IoT solution for clinical trials.,154,1.0,Verisense wearable sensing platform by Shimmer,1,1.0,12.0,797,BreadcrumbList;EntryPoint;ImageObject;ListItem;Organization;ReadAction;SearchAction;WebPage;WebSite,False,,2026-09-04T12:00:59+00:00,1.0,23,23,297,0,0,0.31,0.971,"verisense wearable sensing platform by shimmer, wearable healthcheck tracker, verisense",0.238,https://diceus.com/iot-in-healthcare/,156,286,0.0,x-default,en,False,False,False
https://diceus.com/case-studies/web-based-binary-option-platform-cryptocurrencies/,/case-studies/web-based-binary-option-platform-cryptocurrencies/,200,,True,case-sitemap.xml,2026-09-04T12:01:01+00:00,sitemap/seed,case_study,Proof,,False,1.8,True,False,https://diceus.com/case-studies/web-based-binary-option-platform-cryptocurrencies/,True,Web Binary Option Cryptocurrency Platform,41,1.0,A case study of the Web-based Binary Option Platform on Cryptocurrencies.,73,1.0,Web-based binary option platform on cryptocurrencies,1,1.0,11.0,556,BreadcrumbList;EntryPoint;ImageObject;ListItem;Organization;ReadAction;SearchAction;WebPage;WebSite,False,,2026-09-04T12:01:01+00:00,2.0,20,20,300,0,0,0.281,0.627,web-based binary option platform on cryptocurrencies,0.167,https://diceus.com/case-studies/industry/financial/,179,283,0.0,x-default,en,False,False,False
https://diceus.com/case-studies/white-label-processing-center/,/case-studies/white-label-processing-center/,200,,True,case-sitemap.xml,2026-09-04T12:01:03+00:00,sitemap/seed,case_study,Proof,,False,0.0,True,False,https://diceus.com/case-studies/white-label-processing-center/,True,White-Label Processing Center for Banking Industry,50,1.0,A case study of the white-label processing center for the banking industry.,75,1.0,TokenD – a white-label processing center for banking industry,1,1.0,11.0,551,BreadcrumbList;EntryPoint;ImageObject;ListItem;Organization;ReadAction;SearchAction;WebPage;WebSite,False,,2026-09-04T12:01:03+00:00,3.0,11,11,300,0,0,0.194,0.329,tokend – a white-label processing center for banking industr,0.189,https://diceus.com/case-studies/industry/banking/,157,283,0.0,x-default,en,False,False,False
https://diceus.com/case-studies/digital-fingerprint-tool-for-lapin-international/,/case-studies/digital-fingerprint-tool-for-lapin-international/,200,,True,case-sitemap.xml,2026-09-21T11:19:13+00:00,sitemap/seed,case_study,Proof,,False,4.3,True,False,https://diceus.com/case-studies/digital-fingerprint-tool-for-lapin-international/,True,Case Study: Digital Fingerprint Tool for Lapin International,60,1.0,DICEUS modernized a Digital Fingerprint Tool used by Lapin International with ChatGPT to identify business and individual values and drive business performance.,160,1.0,Digital Fingerprint Tool for Lapin International,1,1.0,12.0,697,BreadcrumbList;EntryPoint;ImageObject;ListItem;Organization;ReadAction;SearchAction;WebPage;WebSite,False,,2026-09-21T11:19:13+00:00,2.0,70,70,298,0,0,0.619,2.164,digital fingerprint tool for lapin international,0.147,https://diceus.com/case-studies/,151,285,0.0,x-default,en,False,False,False
https://diceus.com/case-studies/insurance-solution-apps/,/case-studies/insurance-solution-apps/,200,,True,case-sitemap.xml,2026-09-29T14:35:28+00:00,sitemap/seed,case_study,Proof,,True,44.3,True,False,https://diceus.com/case-studies/insurance-solution-apps/,True,Case Study: Insurance Solution Apps,35,1.0,"Here is a case study on our software solutions for insurance. Check out how we developed portals for policyholders and administration, data aggregation, and other important features.",182,1.0,Applications for BriteCore’s P&C insurance core platform,1,1.0,13.0,970,BreadcrumbList;EntryPoint;ImageObject;ListItem;Organization;ReadAction;SearchAction;WebPage;WebSite,False,,2026-09-29T14:35:28+00:00,1.0,97,72,298,0,0,1.649,2.537,"view case, apps for britecore’s p&c insurance platform, applications for britecore’s p&c insurance core platform",0.133,https://diceus.com/insurance/property-casualty/,695,294,0.0,x-default,en,False,False,False
https://diceus.com/case-studies/country/australia/,/case-studies/country/australia/,200,,True,case-country-sitemap.xml,2026-09-04T12:00:57+00:00,sitemap/seed,case_filter_archive,Archive/thin,,False,4.1,True,False,https://diceus.com/case-studies/country/australia/,True,DICEUS Case Studies: Australia,30,1.0,Real-world IT success stories from across Australia. See how we solve complex tech challenges for Australian businesses using Agile development and modern technology stacks.,173,1.0,Case studies: Australia,1,1.0,4.0,244,BreadcrumbList;CollectionPage;EntryPoint;ImageObject;ListItem;Organization;SearchAction;WebSite,False,,,2.0,114,114,354,0,0,0.27,1.781,australia,0.736,https://diceus.com/case-studies/country/faroe-islands/,145,265,0.0,x-default,en,False,False,False
https://diceus.com/case-studies/country/austria/,/case-studies/country/austria/,200,,True,case-country-sitemap.xml,2026-09-04T11:20:25+00:00,sitemap/seed,case_filter_archive,Archive/thin,,False,3.8,True,False,https://diceus.com/case-studies/country/austria/,True,DICEUS Case Studies: Austria,28,1.0,Real-world IT success stories from across Austria. See how we solve complex tech challenges for Austrian businesses using Agile development and modern technology stacks.,169,1.0,Case studies: Austria,1,1.0,6.0,262,BreadcrumbList;CollectionPage;EntryPoint;ImageObject;ListItem;Organization;SearchAction;WebSite,False,,,2.0,114,114,356,0,0,0.27,1.782,austria,0.802,https://diceus.com/case-studies/industry/retail/,165,271,0.0,x-default,en,False,False,False
https://diceus.com/case-studies/country/canada/,/case-studies/country/canada/,200,,True,case-country-sitemap.xml,2026-09-04T11:44:36+00:00,sitemap/seed,case_filter_archive,Archive/thin,,False,4.6,True,False,https://diceus.com/case-studies/country/canada/,True,DICEUS Case Studies: Canada,27,1.0,Explore our IT case studies highlighting digital transformation success for Canada-based companies. Read our success stories today!,131,1.0,Case studies: Canada,1,1.0,1.0,218,BreadcrumbList;CollectionPage;EntryPoint;ImageObject;ListItem;Organization;SearchAction;WebSite,False,,,,0,0,351,0,0,0.187,0.219,,0.831,https://diceus.com/case-studies/country/faroe-islands/,266,259,0.0,x-default,en,True,True,False
https://diceus.com/case-studies/country/denmark/,/case-studies/country/denmark/,200,,True,case-country-sitemap.xml,2026-09-04T11:56:11+00:00,sitemap/seed,case_filter_archive,Archive/thin,,True,14.6,True,False,https://diceus.com/case-studies/country/denmark/,True,DICEUS Case Studies: Denmark,28,1.0,Real-world IT success stories from across Denmark. See how we solve complex tech challenges for Danish businesses using Agile development and modern technology stacks.,167,1.0,Case studies: Denmark,1,1.0,7.0,274,BreadcrumbList;CollectionPage;EntryPoint;ImageObject;ListItem;Organization;SearchAction;WebSite,False,,,2.0,114,114,357,0,0,0.27,1.782,denmark,0.71,https://diceus.com/case-studies/industry/project-management/,774,273,0.0,x-default,en,False,False,False
https://diceus.com/case-studies/country/estonia/,/case-studies/country/estonia/,200,,True,case-country-sitemap.xml,2026-09-04T11:39:08+00:00,sitemap/seed,case_filter_archive,Archive/thin,,True,8.8,True,False,https://diceus.com/case-studies/country/estonia/,True,DICEUS Case Studies: Estonia,28,1.0,Real-world IT success stories from across Estonia. See how we solve complex tech challenges for Estonian businesses using Agile development and modern technology stacks.,169,1.0,Case studies: Estonia,1,1.0,2.0,227,BreadcrumbList;CollectionPage;EntryPoint;ImageObject;ListItem;Organization;SearchAction;WebSite,False,,,2.0,114,114,352,0,0,0.27,1.781,estonia,0.844,https://diceus.com/case-studies/industry/education/,110,261,0.0,x-default,en,False,False,False
https://diceus.com/case-studies/country/faroe-islands/,/case-studies/country/faroe-islands/,200,,True,case-country-sitemap.xml,2026-01-28T13:05:24+00:00,sitemap/seed,case_filter_archive,Archive/thin,,False,4.4,True,False,https://diceus.com/case-studies/country/faroe-islands/,True,DICEUS Case Studies: Faroe Islands,34,1.0,Explore our IT case studies highlighting digital transformation success for Faroe Islands-based companies. Read our success stories today!,138,1.0,Case studies: Faroe Islands,1,1.0,1.0,225,BreadcrumbList;CollectionPage;EntryPoint;ImageObject;ListItem;Organization;SearchAction;WebSite,False,,,,0,0,351,0,0,0.187,0.219,,0.849,https://diceus.com/case-studies/country/switzerland/,674,259,0.0,x-default,en,True,True,False
https://diceus.com/case-studies/country/georgia/,/case-studies/country/georgia/,200,,True,case-country-sitemap.xml,2026-09-04T11:44:38+00:00,sitemap/seed,case_filter_archive,Archive/thin,,False,4.4,True,False,https://diceus.com/case-studies/country/georgia/,True,DICEUS Case Studies: Georgia,28,1.0,Real-world IT success stories from across Georgia. See how we solve complex tech challenges for Georgian businesses using Agile development and modern technology stacks.,169,1.0,Case studies: Georgia,1,1.0,2.0,227,BreadcrumbList;CollectionPage;EntryPoint;ImageObject;ListItem;Organization;SearchAction;WebSite,False,,,2.0,114,114,352,0,0,0.27,1.781,georgia,0.813,https://diceus.com/case-studies/country/faroe-islands/,86,261,0.0,x-default,en,False,False,False
https://diceus.com/case-studies/country/germany/,/case-studies/country/germany/,200,,True,case-country-sitemap.xml,2026-09-04T11:58:20+00:00,sitemap/seed,case_filter_archive,Archive/thin,,True,15.4,True,False,https://diceus.com/case-studies/country/germany/,True,DICEUS Case Studies: Germany,28,1.0,Real-world IT success stories from across Germany. See how we solve complex tech challenges for German businesses using Agile development and modern technology stacks.,167,1.0,Case studies: Germany,1,1.0,6.0,259,BreadcrumbList;CollectionPage;EntryPoint;ImageObject;ListItem;Organization;SearchAction;WebSite,False,,,2.0,114,114,356,0,0,0.27,1.782,germany,0.742,https://diceus.com/case-studies/industry/entertainment/,122,268,0.0,x-default,en,False,False,False
https://diceus.com/case-studies/country/ireland/,/case-studies/country/ireland/,200,,True,case-country-sitemap.xml,2026-09-04T12:00:59+00:00,sitemap/seed,case_filter_archive,Archive/thin,,False,4.5,True,False,https://diceus.com/case-studies/country/ireland/,True,DICEUS Case Studies: Ireland,28,1.0,Explore our IT case studies highlighting digital transformation success for Ireland-based companies. Read our success stories today!,132,1.0,Case studies: Ireland,1,1.0,1.0,220,BreadcrumbList;CollectionPage;EntryPoint;ImageObject;ListItem;Organization;SearchAction;WebSite,False,,,,0,0,351,0,0,0.187,0.219,,0.844,https://diceus.com/case-studies/expertise/iot/,129,260,0.0,x-default,en,True,True,False
https://diceus.com/case-studies/country/israel/,/case-studies/country/israel/,200,,True,case-country-sitemap.xml,2026-09-04T11:58:16+00:00,sitemap/seed,case_filter_archive,Archive/thin,,False,4.2,True,False,https://diceus.com/case-studies/country/israel/,True,DICEUS Case Studies: Israel,27,1.0,Real-world IT success stories from across Israel. See how we solve complex tech challenges for Israelian businesses using Agile development and modern technology stacks.,169,1.0,Case studies: Israel,1,1.0,3.0,236,BreadcrumbList;CollectionPage;EntryPoint;ImageObject;ListItem;Organization;SearchAction;WebSite,False,,,2.0,114,114,353,0,0,0.27,1.781,israel,0.738,https://diceus.com/case-studies/country/faroe-islands/,138,264,0.0,x-default,en,False,False,False
https://diceus.com/case-studies/country/japan/,/case-studies/country/japan/,200,,True,case-country-sitemap.xml,2026-09-04T11:56:16+00:00,sitemap/seed,case_filter_archive,Archive/thin,,False,4.5,True,False,https://diceus.com/case-studies/country/japan/,True,DICEUS Case Studies: Japan,26,1.0,Explore our IT case studies highlighting digital transformation success for Japan-based companies. Read our success stories today!,130,1.0,Case studies: Japan,1,1.0,1.0,220,BreadcrumbList;CollectionPage;EntryPoint;ImageObject;ListItem;Organization;SearchAction;WebSite,False,,,,0,0,351,0,0,0.187,0.219,,0.813,https://diceus.com/case-studies/country/faroe-islands/,98,260,0.0,x-default,en,True,True,False
https://diceus.com/case-studies/country/mexico/,/case-studies/country/mexico/,200,,True,case-country-sitemap.xml,2026-09-04T10:43:40+00:00,sitemap/seed,case_filter_archive,Archive/thin,,False,4.6,True,False,https://diceus.com/case-studies/country/mexico/,True,DICEUS Case Studies: Mexico,27,1.0,Explore our IT case studies highlighting digital transformation success for Mexico-based companies. Read our success stories today!,131,1.0,Case studies: Mexico,1,1.0,1.0,219,BreadcrumbList;CollectionPage;EntryPoint;ImageObject;ListItem;Organization;SearchAction;WebSite,False,,,,0,0,351,0,0,0.187,0.219,,0.821,https://diceus.com/case-studies/country/faroe-islands/,93,258,0.0,x-default,en,True,True,False
https://diceus.com/case-studies/country/norway/,/case-studies/country/norway/,200,,True,case-country-sitemap.xml,2026-09-04T11:44:35+00:00,sitemap/seed,case_filter_archive,Archive/thin,,False,4.3,True,False,https://diceus.com/case-studies/country/norway/,True,DICEUS Case Studies: Norway,27,1.0,Real-world IT success stories from across Norway. See how we solve complex tech challenges for Norwegian businesses using Agile development and modern technology stacks.,169,1.0,Case studies: Norway,1,1.0,3.0,234,BreadcrumbList;CollectionPage;EntryPoint;ImageObject;ListItem;Organization;SearchAction;WebSite,False,,,2.0,114,114,353,0,0,0.27,1.781,norway,0.781,https://diceus.com/case-studies/country/faroe-islands/,794,263,0.0,x-default,en,False,False,False
https://diceus.com/case-studies/country/saudi-arabia/,/case-studies/country/saudi-arabia/,200,,True,case-country-sitemap.xml,2026-09-04T11:55:30+00:00,sitemap/seed,case_filter_archive,Archive/thin,,False,4.1,True,False,https://diceus.com/case-studies/country/saudi-arabia/,True,DICEUS Case Studies: Saudi Arabia,33,1.0,Real-world IT success stories from across Saudi Arabia. See how we solve complex tech challenges for Saudian businesses using Agile development and modern technology stacks.,173,1.0,Case studies: Saudi Arabia,1,1.0,4.0,242,BreadcrumbList;CollectionPage;EntryPoint;ImageObject;ListItem;Organization;SearchAction;WebSite,False,,,2.0,114,114,354,0,0,0.27,1.781,saudi arabia,0.746,https://diceus.com/case-studies/country/faroe-islands/,174,263,0.0,x-default,en,False,False,False
https://diceus.com/case-studies/country/singapore/,/case-studies/country/singapore/,200,,True,case-country-sitemap.xml,2026-09-04T11:39:00+00:00,sitemap/seed,case_filter_archive,Archive/thin,,True,17.4,True,False,https://diceus.com/case-studies/country/singapore/,True,DICEUS Case Studies: Singapore,30,1.0,Explore our IT case studies highlighting digital transformation success for Singapore-based companies. Read our success stories today!,134,1.0,Case studies: Singapore,1,1.0,2.0,230,BreadcrumbList;CollectionPage;EntryPoint;ImageObject;ListItem;Organization;SearchAction;WebSite,False,,,2.0,114,114,352,0,0,0.27,1.781,singapore,0.771,https://diceus.com/case-studies/country/faroe-islands/,126,261,0.0,x-default,en,False,False,False
https://diceus.com/case-studies/country/spain/,/case-studies/country/spain/,200,,True,case-country-sitemap.xml,2026-09-04T10:26:33+00:00,sitemap/seed,case_filter_archive,Archive/thin,,False,4.6,True,False,https://diceus.com/case-studies/country/spain/,True,DICEUS Case Studies: Spain,26,1.0,Explore our IT case studies highlighting digital transformation success for Spain-based companies. Read our success stories today!,130,1.0,Case studies: Spain,1,1.0,1.0,219,BreadcrumbList;CollectionPage;EntryPoint;ImageObject;ListItem;Organization;SearchAction;WebSite,False,,,,0,0,351,0,0,0.187,0.219,,0.839,https://diceus.com/case-studies/country/faroe-islands/,82,259,0.0,x-default,en,True,True,False
https://diceus.com/case-studies/country/sweden/,/case-studies/country/sweden/,200,,True,case-country-sitemap.xml,2026-09-04T11:56:15+00:00,sitemap/seed,case_filter_archive,Archive/thin,,False,4.5,True,False,https://diceus.com/case-studies/country/sweden/,True,DICEUS Case Studies: Sweden,27,1.0,Explore our IT case studies highlighting digital transformation success for Sweden-based companies. Read our success stories today!,131,1.0,Case studies: Sweden,1,1.0,2.0,224,BreadcrumbList;CollectionPage;EntryPoint;ImageObject;ListItem;Organization;SearchAction;WebSite,False,,,2.0,114,114,352,0,0,0.27,1.781,sweden,0.821,https://diceus.com/case-studies/country/faroe-islands/,156,262,0.0,x-default,en,False,False,False
https://diceus.com/case-studies/country/switzerland/,/case-studies/country/switzerland/,200,,True,case-country-sitemap.xml,2026-09-04T11:57:09+00:00,sitemap/seed,case_filter_archive,Archive/thin,,False,4.4,True,False,https://diceus.com/case-studies/country/switzerland/,True,DICEUS Case Studies: Switzerland,32,1.0,Explore our IT case studies highlighting digital transformation success for Switzerland-based companies. Read our success stories today!,136,1.0,Case studies: Switzerland,1,1.0,2.0,227,BreadcrumbList;CollectionPage;EntryPoint;ImageObject;ListItem;Organization;SearchAction;WebSite,False,,,2.0,114,114,352,0,0,0.27,1.781,switzerland,0.861,https://diceus.com/case-studies/industry/compliance/,88,263,0.0,x-default,en,False,False,False
https://diceus.com/case-studies/country/ukraine/,/case-studies/country/ukraine/,200,,True,case-country-sitemap.xml,2026-09-04T11:55:29+00:00,sitemap/seed,case_filter_archive,Archive/thin,,True,34.7,True,False,https://diceus.com/case-studies/country/ukraine/,True,DICEUS Case Studies: Ukraine,28,1.0,Explore our IT case studies highlighting digital transformation success for Ukraine-based companies. Read our success stories today!,132,1.0,Case studies: Ukraine,1,1.0,9.0,288,BreadcrumbList;CollectionPage;EntryPoint;ImageObject;ListItem;Organization;SearchAction;WebSite,False,,,2.0,114,114,359,0,0,0.27,1.783,ukraine,0.756,https://diceus.com/case-studies/service/discovery-phase/,160,272,0.0,x-default,en,False,False,False
https://diceus.com/case-studies/country/united-arab-emirates/,/case-studies/country/united-arab-emirates/,200,,True,case-country-sitemap.xml,2026-09-04T11:37:49+00:00,sitemap/seed,case_filter_archive,Archive/thin,,True,15.0,True,False,https://diceus.com/case-studies/country/united-arab-emirates/,True,DICEUS Case Studies: United Arab Emirates,41,1.0,Explore our IT case studies highlighting digital transformation success for UAE-based companies. Read our success stories today!,128,1.0,Case studies: United Arab Emirates,1,1.0,6.0,267,BreadcrumbList;CollectionPage;EntryPoint;ImageObject;ListItem;Organization;SearchAction;WebSite,False,,,2.0,114,114,356,0,0,0.27,1.782,united arab emirates,0.787,https://diceus.com/case-studies/industry/human-resource/,136,273,0.0,x-default,en,False,False,False
https://diceus.com/case-studies/country/united-kingdom/,/case-studies/country/united-kingdom/,200,,True,case-country-sitemap.xml,2026-09-04T11:55:26+00:00,sitemap/seed,case_filter_archive,Archive/thin,,False,4.0,True,False,https://diceus.com/case-studies/country/united-kingdom/,True,DICEUS Case Studies: United Kingdom,35,1.0,Explore our IT case studies highlighting digital transformation success for UK-based companies. Read our success stories today!,127,1.0,Case studies: United Kingdom,1,1.0,4.0,248,BreadcrumbList;CollectionPage;EntryPoint;ImageObject;ListItem;Organization;SearchAction;WebSite,False,,,2.0,114,114,354,0,0,0.27,1.781,united kingdom,0.75,https://diceus.com/case-studies/country/faroe-islands/,99,265,0.0,x-default,en,False,False,False
https://diceus.com/case-studies/country/united-states-of-america/,/case-studies/country/united-states-of-america/,200,,True,case-country-sitemap.xml,2026-09-29T14:35:28+00:00,sitemap/seed,case_filter_archive,Archive/thin,,True,11.8,True,False,https://diceus.com/case-studies/country/united-states-of-america/,True,DICEUS Case Studies: United States of America,45,1.0,Explore our IT case studies highlighting digital transformation success for US-based companies. Read our success stories today!,127,1.0,Case studies: United States of America,1,1.0,15.0,340,BreadcrumbList;CollectionPage;EntryPoint;ImageObject;ListItem;Organization;SearchAction;WebSite,False,,,2.0,114,114,367,0,0,0.27,1.784,united states of america,0.632,https://diceus.com/case-studies/expertise/cloud-solutions/,141,290,0.0,x-default,en,False,False,False
https://diceus.com/author/kateryna-monastyrska/,/author/kateryna-monastyrska/,200,,True,author-sitemap.xml,2026-07-23T08:36:42+00:00,sitemap/seed,author,Archive/thin,,True,55.1,True,False,https://diceus.com/author/kateryna-monastyrska/,True,Kateryna Monastyrska | DICEUS Head of Sales and Marketing | Author,66,1.0,Kateryna Monastyrska is a Head of Sales and Marketing at DICEUS. Here you can find expert articles written by Kateryna.,119,1.0,Kateryna Monastyrska,1,1.0,3.0,454,BreadcrumbList;EntryPoint;ImageObject;ListItem;Organization;Person;ProfilePage;ReadAction;SearchAction;WebSite,False,,,2.0,41,41,300,0,0,0.377,1.974,"kateryna monastyrska head of insurance technology solutions, talk to our expert",0.438,https://diceus.com/author/diana-mircheva/,143,276,0.0,x-default,en,False,False,False
https://diceus.com/author/illia-pinchuk/,/author/illia-pinchuk/,200,,True,author-sitemap.xml,2026-07-23T08:35:39+00:00,sitemap/seed,author,Archive/thin,,True,62.3,True,False,https://diceus.com/author/illia-pinchuk/,True,Illia Pinchuk | DICEUS CEO and Content Creator,46,1.0,Illia Pinchuk is a CEO and a founder of DICEUS. Here you can find expert content written by Illia.,98,1.0,Illia Pinchuk,1,1.0,3.0,546,BreadcrumbList;EntryPoint;ImageObject;ListItem;Organization;Person;ProfilePage;ReadAction;SearchAction;WebSite,False,,,2.0,70,70,300,0,0,0.461,2.785,"illia pinchuk founder and ceo, talk to our expert",0.373,https://diceus.com/blog/,148,277,0.0,x-default,en,False,False,False
https://diceus.com/author/irina-kravchenko/,/author/irina-kravchenko/,200,,True,author-sitemap.xml,2023-01-25T15:48:12+00:00,sitemap/seed,author,Archive/thin,,True,35.1,True,False,https://diceus.com/author/irina-kravchenko/,True,Iryna Kravchenko | DICEUS Chief Editor and Content Creator,58,1.0,Iryna Kravchenko is a Chief Editor at DICEUS. Here you can find the articles written by Iryna.,94,1.0,Iryna Kravchenko,1,1.0,3.0,485,BreadcrumbList;EntryPoint;ImageObject;ListItem;Organization;Person;ProfilePage;ReadAction;SearchAction;WebSite,False,,,2.0,195,195,300,0,0,0.406,6.121,iryna kravchenko chief editor,0.513,https://diceus.com/blog/,124,276,0.0,x-default,en,False,False,False
https://diceus.com/insurance/solutions/vitaminise-customer-feedback-tool/,/insurance/solutions/vitaminise-customer-feedback-tool/,301,https://diceus.com/insurance/solutions/super-app/,False,,,https://diceus.com/best-insurance-software/,insurance_product,L1 Products,,True,,False,False,,True,,0,,,0,,,0,,,0,,False,,,3.0,1,1,0,0,0,0.191,0.272,customer feedback tools,,,48,0,,,,False,False,False
https://diceus.com/project-initiation-execution-checklists/,/project-initiation-execution-checklists/,200,,False,,,https://diceus.com/problems-of-outsourcing/,unclassified,Unclassified,,False,1.5,True,False,https://diceus.com/project-initiation-execution-checklists/,True,Project initiation and project execution monitoring: Essential checklists | DICEUS,82,1.0,Compelling checklists of project initiation and project execution monitoring from expert software engineers.,108,1.0,Project initiation and project execution monitoring: Essential checklists,1,1.0,2.0,1971,Article;BreadcrumbList;CommentAction;EntryPoint;ImageObject;ListItem;Organization;Person;ReadAction;SearchAction;WebPage;WebSite,False,2019-12-12T15:48:00+00:00,2026-09-24T13:21:25+00:00,5.0,1,1,294,0,0,0.188,0.231,project initiation and project execution monitoring: essenti,0.128,https://diceus.com/problems-of-outsourcing/,152,293,0.0,x-default,en,False,False,False
https://diceus.com/case-studies/service/automated-testing/,/case-studies/service/automated-testing/,200,,False,,,https://diceus.com/case-studies/,case_filter_archive,Archive/thin,,True,9.5,True,False,https://diceus.com/case-studies/service/automated-testing/,True,DICEUS Case Studies: Automated testing,38,1.0,Explore the DICEUS Automated Testing Case Studies Portfolio. Real-world examples of faster releases and higher software reliability. View our results here!,155,1.0,Case studies: Automated testing,1,1.0,15.0,317,BreadcrumbList;CollectionPage;EntryPoint;ImageObject;ListItem;Organization;SearchAction;WebSite,False,,,2.0,114,114,367,0,0,0.27,1.784,automated testing,0.738,https://diceus.com/case-studies/service/manual-testing/page/3/,143,276,0.0,x-default,en,False,False,False
https://diceus.com/case-studies/service/custom-software-development/,/case-studies/service/custom-software-development/,200,,False,,,https://diceus.com/case-studies/,case_filter_archive,Archive/thin,,True,17.8,True,False,https://diceus.com/case-studies/service/custom-software-development/,True,DICEUS Case Studies: Custom software development,48,1.0,Discover the DICEUS portfolio of custom software development services. Learn how our end-to-end engineering solves complex business challenges. View our case studies!,166,1.0,Case studies: Custom software development,1,1.0,15.0,337,BreadcrumbList;CollectionPage;EntryPoint;ImageObject;ListItem;Organization;SearchAction;WebSite,False,,,2.0,114,114,369,0,0,0.27,1.784,custom software development,0.692,https://diceus.com/case-studies/expertise/cloud-solutions/,171,286,0.0,x-default,en,False,False,False
https://diceus.com/case-studies/service/data-migration/,/case-studies/service/data-migration/,200,,False,,,https://diceus.com/case-studies/,case_filter_archive,Archive/thin,data_analytics_dwh,True,13.7,True,False,https://diceus.com/case-studies/service/data-migration/,True,DICEUS Case Studies: Data migration,35,1.0,"Ensure a secure transition with DICEUS data migration services. Explore our case studies showcasing zero-data-loss migrations for banking, healthcare, and enterprise systems.",174,1.0,Case studies: Data migration,1,1.0,9.0,291,BreadcrumbList;CollectionPage;EntryPoint;ImageObject;ListItem;Organization;SearchAction;WebSite,False,,,2.0,114,114,359,0,0,0.27,1.783,data migration,0.667,https://diceus.com/case-studies/service/custom-software-development/page/4/,181,274,0.0,x-default,en,False,False,False
https://diceus.com/case-studies/service/dedicated-team/,/case-studies/service/dedicated-team/,200,,False,,,https://diceus.com/case-studies/,case_filter_archive,Archive/thin,,True,23.9,True,False,https://diceus.com/case-studies/service/dedicated-team/,True,DICEUS Case Studies: Dedicated team,35,1.0,"Scale faster with a DICEUS dedicated development team. Explore our portfolio of case studies featuring long-term partnerships in fintech, insurance, and retail.",160,1.0,Case studies: Dedicated team,1,1.0,10.0,293,BreadcrumbList;CollectionPage;EntryPoint;ImageObject;ListItem;Organization;SearchAction;WebSite,False,,,2.0,114,114,360,0,0,0.27,1.783,dedicated team,0.667,https://diceus.com/case-studies/country/switzerland/,185,277,0.0,x-default,en,False,False,False
https://diceus.com/case-studies/service/devops/,/case-studies/service/devops/,200,,False,,,https://diceus.com/case-studies/,case_filter_archive,Archive/thin,,True,28.6,True,False,https://diceus.com/case-studies/service/devops/,True,DICEUS Case Studies: DevOps,27,1.0,Optimize your infrastructure and reduce costs. Browse the DICEUS DevOps portfolio for real-world examples of cloud migration and automated resource scaling.,156,1.0,Case studies: DevOps,1,1.0,14.0,315,BreadcrumbList;CollectionPage;EntryPoint;ImageObject;ListItem;Organization;SearchAction;WebSite,False,,,2.0,114,114,364,0,0,0.27,1.784,devops,0.644,https://diceus.com/case-studies/country/israel/,134,283,0.0,x-default,en,False,False,False
https://diceus.com/case-studies/service/discovery-phase/,/case-studies/service/discovery-phase/,200,,False,,,https://diceus.com/case-studies/,case_filter_archive,Archive/thin,,True,12.4,True,False,https://diceus.com/case-studies/service/discovery-phase/,True,DICEUS Case Studies: Discovery phase,36,1.0,Turn your idea into a detailed roadmap. Browse the DICEUS portfolio for examples of the software discovery phase.,113,1.0,Case studies: Discovery phase,1,1.0,3.0,241,BreadcrumbList;CollectionPage;EntryPoint;ImageObject;ListItem;Organization;SearchAction;WebSite,False,,,2.0,114,114,353,0,0,0.27,1.781,discovery phase,0.782,https://diceus.com/case-studies/country/faroe-islands/,113,264,0.0,x-default,en,False,False,False
https://diceus.com/case-studies/service/legacy-application-modernization/,/case-studies/service/legacy-application-modernization/,200,,False,,,https://diceus.com/case-studies/,case_filter_archive,Archive/thin,,True,10.6,True,False,https://diceus.com/case-studies/service/legacy-application-modernization/,True,DICEUS Case Studies: Legacy application modernization,53,1.0,Reduce maintenance costs and improve performance. Browse the DICEUS case studies on legacy modernization and cloud migration services.,134,1.0,Case studies: Legacy application modernization,1,1.0,8.0,283,BreadcrumbList;CollectionPage;EntryPoint;ImageObject;ListItem;Organization;SearchAction;WebSite,False,,,2.0,114,114,358,0,0,0.27,1.782,legacy application modernization,0.701,https://diceus.com/case-studies/expertise/oracle/,118,271,0.0,x-default,en,False,False,False
https://diceus.com/case-studies/service/manual-testing/,/case-studies/service/manual-testing/,200,,False,,,https://diceus.com/case-studies/,case_filter_archive,Archive/thin,,True,18.3,True,False,https://diceus.com/case-studies/service/manual-testing/,True,DICEUS Case Studies: Manual testing,35,1.0,High-quality software requires a human touch. See DICEUS case studies on manual testing services.,97,1.0,Case studies: Manual testing,1,1.0,15.0,327,BreadcrumbList;CollectionPage;EntryPoint;ImageObject;ListItem;Organization;SearchAction;WebSite,False,,,2.0,114,114,369,0,0,0.27,1.784,manual testing,0.74,https://diceus.com/case-studies/service/software-architecture/,124,289,0.0,x-default,en,False,False,False
https://diceus.com/case-studies/service/mobile-app-development/,/case-studies/service/mobile-app-development/,200,,False,,,https://diceus.com/case-studies/,case_filter_archive,Archive/thin,,True,15.1,True,False,https://diceus.com/case-studies/service/mobile-app-development/,True,DICEUS Case Studies: Mobile app development,43,1.0,"Explore DICEUS cases: Mobile App Development Services, iOS and Android Portfolio, Cross-Platform Development.",109,1.0,Case studies: Mobile app development,1,1.0,15.0,332,BreadcrumbList;CollectionPage;EntryPoint;ImageObject;ListItem;Organization;SearchAction;WebSite,False,,,2.0,114,114,367,0,0,0.27,1.784,mobile app development,0.67,https://diceus.com/case-studies/industry/entertainment/,84,289,0.0,x-default,en,False,False,False
https://diceus.com/case-studies/service/software-architecture/,/case-studies/service/software-architecture/,200,,False,,,https://diceus.com/case-studies/,case_filter_archive,Archive/thin,,True,15.2,True,False,https://diceus.com/case-studies/service/software-architecture/,True,DICEUS Case Studies: Software architecture,42,1.0,Discover the DICEUS case studies on services related to software architecture. See how our solutions drive 100% digital transformation. View results!,149,1.0,Case studies: Software architecture,1,1.0,15.0,330,BreadcrumbList;CollectionPage;EntryPoint;ImageObject;ListItem;Organization;SearchAction;WebSite,False,,,2.0,114,114,368,0,0,0.27,1.784,software architecture,0.74,https://diceus.com/case-studies/service/manual-testing/,133,289,0.0,x-default,en,False,False,False
https://diceus.com/case-studies/service/software-audit/,/case-studies/service/software-audit/,200,,False,,,https://diceus.com/case-studies/,case_filter_archive,Archive/thin,,True,9.0,True,False,https://diceus.com/case-studies/service/software-audit/,True,DICEUS Case Studies: Software audit,35,1.0,"Ensure your tech meets industry standards. Browse the DICEUS success stories in software audit services, including performance, security, and scalability audits.",161,1.0,Case studies: Software audit,1,1.0,15.0,333,BreadcrumbList;CollectionPage;EntryPoint;ImageObject;ListItem;Organization;SearchAction;WebSite,False,,,2.0,114,114,368,0,0,0.27,1.784,software audit,0.611,https://diceus.com/case-studies/service/software-architecture/page/2/,88,287,0.0,x-default,en,False,False,False
https://diceus.com/case-studies/service/software-support/,/case-studies/service/software-support/,200,,False,,,https://diceus.com/case-studies/,case_filter_archive,Archive/thin,,True,19.0,True,False,https://diceus.com/case-studies/service/software-support/,True,DICEUS Case Studies: Software support,37,1.0,Explore the DICEUS software support case studies to see how our services ensure 24/7 stability for enterprise systems.,118,1.0,Case studies: Software support,1,1.0,6.0,263,BreadcrumbList;CollectionPage;EntryPoint;ImageObject;ListItem;Organization;SearchAction;WebSite,False,,,2.0,114,114,356,0,0,0.27,1.782,software support,0.693,https://diceus.com/case-studies/industry/human-resource/,137,267,0.0,x-default,en,False,False,False
https://diceus.com/case-studies/service/staff-augmentation/,/case-studies/service/staff-augmentation/,200,,False,,,https://diceus.com/case-studies/,case_filter_archive,Archive/thin,,True,8.2,True,False,https://diceus.com/case-studies/service/staff-augmentation/,True,DICEUS Case Studies: Staff augmentation,39,1.0,"Browse DICEUS system augmentation case studies to see how we add new functionalities, modules, and performance upgrades to existing platforms.",142,1.0,Case studies: Staff augmentation,1,1.0,3.0,243,BreadcrumbList;CollectionPage;EntryPoint;ImageObject;ListItem;Organization;SearchAction;WebSite,False,,,2.0,114,114,353,0,0,0.27,1.781,staff augmentation,0.948,https://diceus.com/case-studies/service/team-extension/,153,264,0.0,x-default,en,False,False,False
https://diceus.com/case-studies/service/system-integration/,/case-studies/service/system-integration/,200,,False,,,https://diceus.com/case-studies/,case_filter_archive,Archive/thin,,True,21.5,True,False,https://diceus.com/case-studies/service/system-integration/,True,DICEUS Case Studies: System integration,39,1.0,"Explore our system integration case studies featuring seamless API, cloud, and third-party integrations that drive operational efficiency.",138,1.0,Case studies: System integration,1,1.0,15.0,325,BreadcrumbList;CollectionPage;EntryPoint;ImageObject;ListItem;Organization;SearchAction;WebSite,False,,,2.0,114,114,369,0,0,0.27,1.784,system integration,0.655,https://diceus.com/case-studies/service/ui-ux-design/page/2/,164,283,0.0,x-default,en,False,False,False
https://diceus.com/case-studies/service/team-extension/,/case-studies/service/team-extension/,200,,False,,,https://diceus.com/case-studies/,case_filter_archive,Archive/thin,,True,8.2,True,False,https://diceus.com/case-studies/service/team-extension/,True,DICEUS Case Studies: Team extension,35,1.0,Scale your development capacity. Explore DICEUS team extension case studies to see how we provide experts for your in-house projects.,133,1.0,Case studies: Team extension,1,1.0,3.0,243,BreadcrumbList;CollectionPage;EntryPoint;ImageObject;ListItem;Organization;SearchAction;WebSite,False,,,2.0,114,114,353,0,0,0.27,1.781,team extension,0.948,https://diceus.com/case-studies/service/staff-augmentation/,110,264,0.0,x-default,en,False,False,False
https://diceus.com/case-studies/service/ui-ux-design/,/case-studies/service/ui-ux-design/,200,,False,,,https://diceus.com/case-studies/,case_filter_archive,Archive/thin,,True,29.9,True,False,https://diceus.com/case-studies/service/ui-ux-design/,True,DICEUS Case Studies: UI/UX design,33,1.0,View our case studies on UI and UX design services — from accessibility audits to stunning cross-platform interfaces.,117,1.0,Case studies: UI/UX design,1,1.0,15.0,335,BreadcrumbList;CollectionPage;EntryPoint;ImageObject;ListItem;Organization;SearchAction;WebSite,False,,,2.0,114,114,370,0,0,0.27,1.784,ui/ux design,0.691,https://diceus.com/case-studies/service/software-architecture/,156,289,0.0,x-default,en,False,False,False
https://diceus.com/case-studies/service/web-app-development/,/case-studies/service/web-app-development/,200,,False,,,https://diceus.com/case-studies/,case_filter_archive,Archive/thin,,False,6.1,True,False,https://diceus.com/case-studies/service/web-app-development/,True,DICEUS Case Studies: Web app development,40,1.0,Check out the DICEUS web application development portfolio | 15+ years of experience. 150+ successful projects.,111,1.0,Case studies: Web app development,1,1.0,15.0,326,BreadcrumbList;CollectionPage;EntryPoint;ImageObject;ListItem;Organization;SearchAction;WebSite,False,,,2.0,114,114,368,0,0,0.27,1.784,web app development,0.605,https://diceus.com/case-studies/service/software-architecture/,167,287,0.0,x-default,en,False,False,False
https://diceus.com/case-studies/industry/agriculture/,/case-studies/industry/agriculture/,200,,False,,,https://diceus.com/case-studies/,case_filter_archive,Archive/thin,,False,4.1,True,False,https://diceus.com/case-studies/industry/agriculture/,True,DICEUS Case Studies: Agriculture,32,1.0,Check out our case studies of the software development projects and solutions we delivered to the agriculture industry.,119,1.0,Case studies: Agriculture industry,1,1.0,4.0,243,BreadcrumbList;CollectionPage;EntryPoint;ImageObject;ListItem;Organization;SearchAction;WebSite,False,,,2.0,114,114,354,0,0,0.27,1.781,agriculture,0.766,https://diceus.com/case-studies/expertise/artificial-intelligence/,86,261,0.0,x-default,en,False,False,False
https://diceus.com/case-studies/industry/automotive/,/case-studies/industry/automotive/,200,,False,,,https://diceus.com/case-studies/,case_filter_archive,Archive/thin,,False,4.0,True,False,https://diceus.com/case-studies/industry/automotive/,True,DICEUS Case Studies: Automotive,31,1.0,Check out our case studies of the software development projects and solutions we delivered to the automotive industry.,118,1.0,Case studies: Automotive industry,1,1.0,5.0,248,BreadcrumbList;CollectionPage;EntryPoint;ImageObject;ListItem;Organization;SearchAction;WebSite,False,,,2.0,114,114,355,0,0,0.27,1.781,automotive,0.812,https://diceus.com/case-studies/country/georgia/,199,269,0.0,x-default,en,False,False,False
https://diceus.com/case-studies/industry/banking/,/case-studies/industry/banking/,200,,False,,,https://diceus.com/case-studies/,case_filter_archive,Archive/thin,,False,3.2,True,False,https://diceus.com/case-studies/industry/banking/,True,DICEUS Case Studies: Banking,28,1.0,Check out our case studies of the software development projects and solutions we delivered to the banking industry.,115,1.0,Case studies: Banking industry,1,1.0,15.0,314,BreadcrumbList;CollectionPage;EntryPoint;ImageObject;ListItem;Organization;SearchAction;WebSite,False,,,2.0,114,114,367,0,0,0.27,1.784,banking,0.739,https://diceus.com/case-studies/industry/financial/,96,277,0.0,x-default,en,False,False,False
https://diceus.com/case-studies/industry/compliance/,/case-studies/industry/compliance/,200,,False,,,https://diceus.com/case-studies/,case_filter_archive,Archive/thin,,False,4.3,True,False,https://diceus.com/case-studies/industry/compliance/,True,DICEUS Case Studies: Compliance,31,1.0,Check out our case studies of the software development projects and solutions we delivered to compliance companies.,115,1.0,Case studies: Compliance industry,1,1.0,2.0,230,BreadcrumbList;CollectionPage;EntryPoint;ImageObject;ListItem;Organization;SearchAction;WebSite,False,,,2.0,114,114,352,0,0,0.27,1.781,compliance,0.861,https://diceus.com/case-studies/country/switzerland/,619,261,0.0,x-default,en,False,False,False
https://diceus.com/case-studies/industry/e-commerce/,/case-studies/industry/e-commerce/,200,,False,,,https://diceus.com/case-studies/,case_filter_archive,Archive/thin,,False,4.2,True,False,https://diceus.com/case-studies/industry/e-commerce/,True,DICEUS Case Studies: E-Commerce,31,1.0,Check out our case studies of the software development projects and solutions we delivered to the e-commerce industry.,118,1.0,Case studies: E-Commerce industry,1,1.0,3.0,237,BreadcrumbList;CollectionPage;EntryPoint;ImageObject;ListItem;Organization;SearchAction;WebSite,False,,,2.0,114,114,353,0,0,0.27,1.781,e-commerce,0.778,https://diceus.com/case-studies/country/georgia/,159,263,0.0,x-default,en,False,False,False
https://diceus.com/case-studies/industry/education/,/case-studies/industry/education/,200,,False,,,https://diceus.com/case-studies/,case_filter_archive,Archive/thin,,False,4.4,True,False,https://diceus.com/case-studies/industry/education/,True,DICEUS Case Studies: Education,30,1.0,Check out our case studies of the software development projects and solutions we delivered to the education industry.,117,1.0,Case studies: Education industry,1,1.0,2.0,227,BreadcrumbList;CollectionPage;EntryPoint;ImageObject;ListItem;Organization;SearchAction;WebSite,False,,,2.0,114,114,352,0,0,0.27,1.781,education,0.844,https://diceus.com/case-studies/country/estonia/,111,261,0.0,x-default,en,False,False,False
https://diceus.com/case-studies/industry/entertainment/,/case-studies/industry/entertainment/,200,,False,,,https://diceus.com/case-studies/,case_filter_archive,Archive/thin,,False,4.4,True,False,https://diceus.com/case-studies/industry/entertainment/,True,DICEUS Case Studies: Entertainment,34,1.0,Check out our case studies of the software development projects and solutions we delivered to the entertainment industry.,121,1.0,Case studies: Entertainment industry,1,1.0,2.0,229,BreadcrumbList;CollectionPage;EntryPoint;ImageObject;ListItem;Organization;SearchAction;WebSite,False,,,2.0,114,114,352,0,0,0.27,1.781,entertainment,0.764,https://diceus.com/case-studies/country/faroe-islands/,189,261,0.0,x-default,en,False,False,False
https://diceus.com/case-studies/industry/financial/,/case-studies/industry/financial/,200,,False,,,https://diceus.com/case-studies/,case_filter_archive,Archive/thin,,False,6.5,True,False,https://diceus.com/case-studies/industry/financial/,True,DICEUS Case Studies: Financial,30,1.0,Check out our case studies of the software development projects and solutions we delivered to the financial services industry.,126,1.0,Case studies: Financial industry,1,1.0,15.0,307,BreadcrumbList;CollectionPage;EntryPoint;ImageObject;ListItem;Organization;SearchAction;WebSite,False,,,2.0,114,114,367,0,0,0.27,1.784,financial,0.739,https://diceus.com/case-studies/industry/banking/,82,279,0.0,x-default,en,False,False,False
https://diceus.com/case-studies/industry/government/,/case-studies/industry/government/,200,,False,,,https://diceus.com/case-studies/,case_filter_archive,Archive/thin,,False,3.7,True,False,https://diceus.com/case-studies/industry/government/,True,DICEUS Case Studies: Government,31,1.0,Check out our case studies of the software development projects and solutions we delivered to the govermental organizations.,124,1.0,Case studies: Government industry,1,1.0,8.0,270,BreadcrumbList;CollectionPage;EntryPoint;ImageObject;ListItem;Organization;SearchAction;WebSite,False,,,2.0,114,114,358,0,0,0.27,1.782,government,0.742,https://diceus.com/case-studies/country/saudi-arabia/,76,271,0.0,x-default,en,False,False,False
https://diceus.com/case-studies/industry/healthcare/,/case-studies/industry/healthcare/,200,,False,,,https://diceus.com/case-studies/,case_filter_archive,Archive/thin,,False,3.4,True,False,https://diceus.com/case-studies/industry/healthcare/,True,DICEUS Case Studies: Healthcare,31,1.0,Check out our case studies of the software development projects and solutions we delivered to the healthcare industry.,118,1.0,Case studies: Healthcare industry,1,1.0,10.0,291,BreadcrumbList;CollectionPage;EntryPoint;ImageObject;ListItem;Organization;SearchAction;WebSite,False,,,2.0,114,114,360,0,0,0.27,1.783,healthcare,0.684,https://diceus.com/case-studies/country/norway/,144,278,0.0,x-default,en,False,False,False
https://diceus.com/case-studies/industry/human-resource/,/case-studies/industry/human-resource/,200,,False,,,https://diceus.com/case-studies/,case_filter_archive,Archive/thin,,True,8.6,True,False,https://diceus.com/case-studies/industry/human-resource/,True,DICEUS Case Studies: Human Resource,35,1.0,Check out our case studies of the software development projects and solutions we delivered to the human resource industry.,122,1.0,Case studies: Human Resource industry,1,1.0,2.0,232,BreadcrumbList;CollectionPage;EntryPoint;ImageObject;ListItem;Organization;SearchAction;WebSite,False,,,2.0,114,114,352,0,0,0.27,1.781,human resource,0.787,https://diceus.com/case-studies/country/united-arab-emirates/,166,264,0.0,x-default,en,False,False,False
https://diceus.com/case-studies/industry/insurance/,/case-studies/industry/insurance/,200,,False,,,https://diceus.com/case-studies/,case_filter_archive,Archive/thin,,True,96.0,True,False,https://diceus.com/case-studies/industry/insurance/,True,DICEUS Case Studies: Insurance,30,1.0,Check out our case studies of the software development projects and solutions we delivered to the insurance industry.,117,1.0,Case studies: Insurance industry,1,1.0,14.0,323,BreadcrumbList;CollectionPage;EntryPoint;ImageObject;ListItem;Organization;SearchAction;WebSite,False,,,2.0,159,114,364,0,0,1.365,1.784,insurance,0.595,https://diceus.com/case-studies/industry/human-resource/,186,286,0.0,x-default,en,False,False,False
https://diceus.com/case-studies/industry/logistics/,/case-studies/industry/logistics/,200,,False,,,https://diceus.com/case-studies/,case_filter_archive,Archive/thin,,False,4.0,True,False,https://diceus.com/case-studies/industry/logistics/,True,DICEUS Case Studies: Logistics,30,1.0,Check out our case studies of the software development projects and solutions we delivered to the logistics industry.,117,1.0,Case studies: Logistics industry,1,1.0,5.0,252,BreadcrumbList;CollectionPage;EntryPoint;ImageObject;ListItem;Organization;SearchAction;WebSite,False,,,2.0,114,114,355,0,0,0.27,1.781,logistics,0.742,https://diceus.com/case-studies/industry/automotive/,163,269,0.0,x-default,en,False,False,False
https://diceus.com/case-studies/industry/marketing-and-advertising/,/case-studies/industry/marketing-and-advertising/,200,,False,,,https://diceus.com/case-studies/,case_filter_archive,Archive/thin,,False,4.1,True,False,https://diceus.com/case-studies/industry/marketing-and-advertising/,True,DICEUS Case Studies: Marketing and Advertising,46,1.0,Check out our case studies of the software development projects and solutions we delivered to marketing and advertising companies.,130,1.0,Case studies: Marketing and Advertising industry,1,1.0,3.0,245,BreadcrumbList;CollectionPage;EntryPoint;ImageObject;ListItem;Organization;SearchAction;WebSite,False,,,2.0,114,114,353,0,0,0.27,1.781,marketing and advertising,0.734,https://diceus.com/case-studies/country/faroe-islands/,524,264,0.0,x-default,en,False,False,False
https://diceus.com/case-studies/industry/oil-and-energy/,/case-studies/industry/oil-and-energy/,200,,False,,,https://diceus.com/case-studies/,case_filter_archive,Archive/thin,,False,4.1,True,False,https://diceus.com/case-studies/industry/oil-and-energy/,True,DICEUS Case Studies: Oil and Energy,35,1.0,Check out our case studies of the software development projects and solutions we delivered to the oil and energy sector.,120,1.0,Case studies: Oil and Energy industry,1,1.0,2.0,246,BreadcrumbList;CollectionPage;EntryPoint;ImageObject;ListItem;Organization;SearchAction;WebSite,False,,,2.0,114,114,352,0,0,0.27,1.781,oil and energy,0.855,https://diceus.com/case-studies/industry/project-management/,203,261,0.0,x-default,en,False,False,False
https://diceus.com/case-studies/industry/project-management/,/case-studies/industry/project-management/,200,,False,,,https://diceus.com/case-studies/,case_filter_archive,Archive/thin,,False,4.2,True,False,https://diceus.com/case-studies/industry/project-management/,True,DICEUS Case Studies: Project management,39,1.0,Check out our case studies of the software development projects and solutions we delivered to project management teams.,119,1.0,Case studies: Project management industry,1,1.0,2.0,237,BreadcrumbList;CollectionPage;EntryPoint;ImageObject;ListItem;Organization;SearchAction;WebSite,False,,,2.0,114,114,352,0,0,0.27,1.781,project management,0.855,https://diceus.com/case-studies/industry/oil-and-energy/,107,262,0.0,x-default,en,False,False,False
https://diceus.com/case-studies/industry/real-estate/,/case-studies/industry/real-estate/,200,,False,,,https://diceus.com/case-studies/,case_filter_archive,Archive/thin,,False,4.1,True,False,https://diceus.com/case-studies/industry/real-estate/,True,DICEUS Case Studies: Real Estate,32,1.0,Check out our case studies of the software development projects and solutions we delivered to the real estate industry.,119,1.0,Case studies: Real Estate industry,1,1.0,3.0,242,BreadcrumbList;CollectionPage;EntryPoint;ImageObject;ListItem;Organization;SearchAction;WebSite,False,,,2.0,114,114,353,0,0,0.27,1.781,real estate,0.734,https://diceus.com/case-studies/country/faroe-islands/,97,262,0.0,x-default,en,False,False,False
https://diceus.com/case-studies/industry/retail/,/case-studies/industry/retail/,200,,False,,,https://diceus.com/case-studies/,case_filter_archive,Archive/thin,,False,3.2,True,False,https://diceus.com/case-studies/industry/retail/,True,DICEUS Case Studies: Retail,27,1.0,Check out our case studies of the software development projects and solutions we delivered to the retail industry.,114,1.0,Case studies: Retail industry,1,1.0,14.0,311,BreadcrumbList;CollectionPage;EntryPoint;ImageObject;ListItem;Organization;SearchAction;WebSite,False,,,2.0,114,114,364,0,0,0.27,1.784,retail,0.802,https://diceus.com/case-studies/country/austria/,151,286,0.0,x-default,en,False,False,False
https://diceus.com/case-studies/industry/social-media/,/case-studies/industry/social-media/,200,,False,,,https://diceus.com/case-studies/,case_filter_archive,Archive/thin,,False,4.3,True,False,https://diceus.com/case-studies/industry/social-media/,True,DICEUS Case Studies: Social media,33,1.0,Check out our case studies of the software development projects and solutions we delivered to social media companies.,117,1.0,Case studies: Social media industry,1,1.0,2.0,231,BreadcrumbList;CollectionPage;EntryPoint;ImageObject;ListItem;Organization;SearchAction;WebSite,False,,,2.0,114,114,352,0,0,0.27,1.781,social media,0.817,https://diceus.com/case-studies/country/mexico/,126,261,0.0,x-default,en,False,False,False
https://diceus.com/case-studies/industry/software-product/,/case-studies/industry/software-product/,200,,False,,,https://diceus.com/case-studies/,case_filter_archive,Archive/thin,,True,9.1,True,False,https://diceus.com/case-studies/industry/software-product/,True,DICEUS Case Studies: Software product,37,1.0,Check out our case studies of the software development projects and solutions we delivered to software product companies.,121,1.0,Case studies: Software product industry,1,1.0,15.0,328,BreadcrumbList;CollectionPage;EntryPoint;ImageObject;ListItem;Organization;SearchAction;WebSite,False,,,2.0,114,114,367,0,0,0.27,1.784,software product,0.564,https://diceus.com/case-studies/industry/education/,176,291,0.0,x-default,en,False,False,False
https://diceus.com/case-studies/industry/telecommunications/,/case-studies/industry/telecommunications/,200,,False,,,https://diceus.com/case-studies/,case_filter_archive,Archive/thin,,False,3.5,True,False,https://diceus.com/case-studies/industry/telecommunications/,True,DICEUS Case Studies: Telecommunications,39,1.0,Check out our case studies of the software development projects and solutions we delivered to telecommunications companies.,123,1.0,Case studies: Telecommunications industry,1,1.0,10.0,288,BreadcrumbList;CollectionPage;EntryPoint;ImageObject;ListItem;Organization;SearchAction;WebSite,False,,,2.0,114,114,360,0,0,0.27,1.783,telecommunications,0.824,https://diceus.com/case-studies/service/automated-testing/page/2/,160,281,0.0,x-default,en,False,False,False
https://diceus.com/case-studies/expertise/artificial-intelligence/,/case-studies/expertise/artificial-intelligence/,200,,False,,,https://diceus.com/case-studies/,case_filter_archive,Archive/thin,,True,26.8,True,False,https://diceus.com/case-studies/expertise/artificial-intelligence/,True,DICEUS Case Studies: Artificial intelligence,44,1.0,Explore the DICEUS case studies on projects where our artificial intelligence expertise was applied. Contact our experts for more details about our experience.,159,1.0,Case studies: Artificial intelligence expertise,1,1.0,10.0,298,BreadcrumbList;CollectionPage;EntryPoint;ImageObject;ListItem;Organization;SearchAction;WebSite,False,,,2.0,114,114,360,0,0,0.27,1.783,artificial intelligence,0.766,https://diceus.com/case-studies/expertise/data-science/,116,270,0.0,x-default,en,False,False,False
https://diceus.com/case-studies/expertise/bi-and-reporting/,/case-studies/expertise/bi-and-reporting/,200,,False,,,https://diceus.com/case-studies/,case_filter_archive,Archive/thin,,True,9.3,True,False,https://diceus.com/case-studies/expertise/bi-and-reporting/,True,DICEUS Case Studies: BI and reporting,37,1.0,Explore the DICEUS case studies on projects where our BI and reporting expertise was applied. Contact our experts for more details about our experience.,152,1.0,Case studies: BI and reporting expertise,1,1.0,15.0,324,BreadcrumbList;CollectionPage;EntryPoint;ImageObject;ListItem;Organization;SearchAction;WebSite,False,,,2.0,114,114,369,0,0,0.27,1.784,bi and reporting,0.642,https://diceus.com/case-studies/country/australia/,134,290,0.0,x-default,en,False,False,False
https://diceus.com/case-studies/expertise/big-data/,/case-studies/expertise/big-data/,200,,False,,,https://diceus.com/case-studies/,case_filter_archive,Archive/thin,data_analytics_dwh,True,6.0,True,False,https://diceus.com/case-studies/expertise/big-data/,True,DICEUS Case Studies: Big data,29,1.0,Explore the DICEUS case studies on projects where our big data expertise was applied. Contact our experts for more details about our experience.,144,1.0,Case studies: Big data expertise,1,1.0,15.0,331,BreadcrumbList;CollectionPage;EntryPoint;ImageObject;ListItem;Organization;SearchAction;WebSite,False,,,2.0,114,114,367,0,0,0.27,1.784,big data,0.653,https://diceus.com/case-studies/service/manual-testing/page/2/,114,287,0.0,x-default,en,False,False,False
https://diceus.com/case-studies/expertise/blockchain/,/case-studies/expertise/blockchain/,200,,False,,,https://diceus.com/case-studies/,case_filter_archive,Archive/thin,,False,3.7,True,False,https://diceus.com/case-studies/expertise/blockchain/,True,DICEUS Case Studies: Blockchain,31,1.0,Explore the DICEUS case studies on projects where our blockchain expertise was applied. Contact our experts for more details about our experience.,146,1.0,Case studies: Blockchain expertise,1,1.0,8.0,269,BreadcrumbList;CollectionPage;EntryPoint;ImageObject;ListItem;Organization;SearchAction;WebSite,False,,,2.0,114,114,358,0,0,0.27,1.782,blockchain,0.69,https://diceus.com/case-studies/expertise/data-warehouse-and-etl/,114,270,0.0,x-default,en,False,False,False
https://diceus.com/case-studies/expertise/cloud-solutions/,/case-studies/expertise/cloud-solutions/,200,,False,,,https://diceus.com/case-studies/,case_filter_archive,Archive/thin,,True,12.0,True,False,https://diceus.com/case-studies/expertise/cloud-solutions/,True,DICEUS Case Studies: Cloud solutions,36,1.0,Explore the DICEUS case studies on projects where our cloud solutions expertise was applied. Contact our experts for more details about our experience.,151,1.0,Case studies: Cloud solutions expertise,1,1.0,15.0,332,BreadcrumbList;CollectionPage;EntryPoint;ImageObject;ListItem;Organization;SearchAction;WebSite,False,,,2.0,114,114,369,0,0,0.27,1.784,cloud solutions,0.72,https://diceus.com/case-studies/page/2/,123,289,0.0,x-default,en,False,False,False
https://diceus.com/case-studies/expertise/data-science/,/case-studies/expertise/data-science/,200,,False,,,https://diceus.com/case-studies/,case_filter_archive,Archive/thin,data_analytics_dwh,True,10.2,True,False,https://diceus.com/case-studies/expertise/data-science/,True,DICEUS Case Studies: Data science,33,1.0,Explore the DICEUS case studies on projects where our data science expertise was applied. Contact our experts for more details about our experience.,148,1.0,Case studies: Data science expertise,1,1.0,9.0,293,BreadcrumbList;CollectionPage;EntryPoint;ImageObject;ListItem;Organization;SearchAction;WebSite,False,,,2.0,114,114,359,0,0,0.27,1.783,data science,0.766,https://diceus.com/case-studies/expertise/artificial-intelligence/,163,270,0.0,x-default,en,False,False,False
https://diceus.com/case-studies/expertise/data-warehouse-and-etl/,/case-studies/expertise/data-warehouse-and-etl/,200,,False,,,https://diceus.com/case-studies/,case_filter_archive,Archive/thin,data_analytics_dwh,True,3.0,True,False,https://diceus.com/case-studies/expertise/data-warehouse-and-etl/,True,DICEUS Case Studies: Data warehouse and ETL,43,1.0,Explore the DICEUS case studies on projects where our DWH and ETL expertise was applied. Contact our experts for more details about our experience.,147,1.0,Case studies: Data warehouse and ETL expertise,1,1.0,15.0,329,BreadcrumbList;CollectionPage;EntryPoint;ImageObject;ListItem;Organization;SearchAction;WebSite,False,,,2.0,114,114,367,0,0,0.27,1.784,data warehouse and etl,0.69,https://diceus.com/case-studies/expertise/blockchain/,105,281,0.0,x-default,en,False,False,False
https://diceus.com/case-studies/expertise/embedded-solutions/,/case-studies/expertise/embedded-solutions/,200,,False,,,https://diceus.com/case-studies/,case_filter_archive,Archive/thin,,False,4.2,True,False,https://diceus.com/case-studies/expertise/embedded-solutions/,True,DICEUS Case Studies: Embedded solutions,39,1.0,Explore the DICEUS case studies on projects where our embedded solutions expertise was applied. Contact our experts for more details about our experience.,154,1.0,Case studies: Embedded solutions expertise,1,1.0,3.0,237,BreadcrumbList;CollectionPage;EntryPoint;ImageObject;ListItem;Organization;SearchAction;WebSite,False,,,2.0,114,114,353,0,0,0.27,1.781,embedded solutions,0.784,https://diceus.com/case-studies/country/sweden/,96,265,0.0,x-default,en,False,False,False
https://diceus.com/case-studies/expertise/iot/,/case-studies/expertise/iot/,200,,False,,,https://diceus.com/case-studies/,case_filter_archive,Archive/thin,,False,4.4,True,False,https://diceus.com/case-studies/expertise/iot/,True,DICEUS Case Studies: IoT,24,1.0,Explore the DICEUS case studies on projects where our Internet of Things expertise was applied. Contact our experts for more details about our experience.,154,1.0,Case studies: IoT expertise,1,1.0,2.0,227,BreadcrumbList;CollectionPage;EntryPoint;ImageObject;ListItem;Organization;SearchAction;WebSite,False,,,2.0,114,114,352,0,0,0.27,1.781,iot,0.844,https://diceus.com/case-studies/country/ireland/,134,262,0.0,x-default,en,False,False,False
https://diceus.com/case-studies/expertise/oracle/,/case-studies/expertise/oracle/,200,,False,,,https://diceus.com/case-studies/,case_filter_archive,Archive/thin,,True,12.1,True,False,https://diceus.com/case-studies/expertise/oracle/,True,DICEUS Case Studies: Oracle,27,1.0,Explore the DICEUS case studies on projects where our Oracle expertise was applied. Contact our experts for more details about our experience.,142,1.0,Case studies: Oracle expertise,1,1.0,5.0,248,BreadcrumbList;CollectionPage;EntryPoint;ImageObject;ListItem;Organization;SearchAction;WebSite,False,,,2.0,114,114,355,0,0,0.27,1.781,oracle,0.706,https://diceus.com/case-studies/country/faroe-islands/,106,264,0.0,x-default,en,False,False,False
https://diceus.com/case-studies/expertise/robotics-process-automation/,/case-studies/expertise/robotics-process-automation/,200,,False,,,https://diceus.com/case-studies/,case_filter_archive,Archive/thin,,False,3.7,True,False,https://diceus.com/case-studies/expertise/robotics-process-automation/,True,DICEUS Case Studies: Robotics process automation,48,1.0,Explore the DICEUS case studies on projects where our RPA expertise was applied. Contact our experts for more details about our experience.,139,1.0,Case studies: Robotics process automation expertise,1,1.0,7.0,273,BreadcrumbList;CollectionPage;EntryPoint;ImageObject;ListItem;Organization;SearchAction;WebSite,False,,,2.0,114,114,357,0,0,0.27,1.782,robotics process automation,0.885,https://diceus.com/case-studies/service/system-integration/page/4/,186,267,0.0,x-default,en,False,False,False
https://diceus.com/case-studies/page/2/,/case-studies/page/2/,200,,False,,,https://diceus.com/case-studies/,pagination,Archive/thin,,True,21.1,True,False,https://diceus.com/case-studies/page/2/,True,DICEUS Case Studies Portfolio | Page 2 | Tech Solutions,55,1.0,Discover how DICEUS delivers high-impact tech solutions. Our portfolio of case studies showcases 150+ successful projects. Page 2 - Learn more here!,148,1.0,DICEUS case studies  — Page 2,1,1.0,15.0,332,BreadcrumbList;CollectionPage;EntryPoint;ImageObject;ListItem;Organization;SearchAction;WebSite,False,,,2.0,3,2,368,0,0,0.196,0.327,2,0.72,https://diceus.com/case-studies/expertise/cloud-solutions/,105,290,0.0,x-default,en,False,False,False
https://diceus.com/case-studies/page/8/,/case-studies/page/8/,200,,False,,,https://diceus.com/case-studies/,pagination,Archive/thin,,True,9.7,True,False,https://diceus.com/case-studies/page/8/,True,DICEUS Case Studies Portfolio | Page 8 | Tech Solutions,55,1.0,Discover how DICEUS delivers high-impact tech solutions. Our portfolio of case studies showcases 150+ successful projects. Page 8 - Learn more here!,148,1.0,DICEUS case studies  — Page 8,1,1.0,13.0,308,BreadcrumbList;CollectionPage;EntryPoint;ImageObject;ListItem;Organization;SearchAction;WebSite,False,,,2.0,7,1,365,0,0,0.198,0.221,8,0.787,https://diceus.com/case-studies/expertise/robotics-process-automation/,762,278,0.0,x-default,en,False,False,False
https://diceus.com/author/alina-demchenko/,/author/alina-demchenko/,200,,False,,,https://diceus.com/services/software-audit/,author,Archive/thin,,True,40.7,True,False,,True,"Alina Demchenko, Author at DICEUS",33,1.0,Alina Demchenko is a Business Consultant at DICEUS whose professional focus is on helping insurance businesses efficiently automate their operations.,149,1.0,Alina Demchenko,1,1.0,2.0,246,EntryPoint;ImageObject;Organization;Person;SearchAction;WebSite,False,,,2.0,4,4,290,0,0,0.258,0.539,talk to our expert,0.63,https://diceus.com/author/diana-mircheva/,84,262,0.0,x-default,en,False,False,False
https://diceus.com/media/page/2/,/media/page/2/,200,,False,,,https://diceus.com/media/,pagination,Archive/thin,,True,24.0,True,False,https://diceus.com/media/page/2/,True,DICEUS Media Page: Latest News and Updates | Page 2 of 15 |,59,1.0,"Explore more DICEUS insights and news on tech, digital transformation, and software development on page 2 of our media hub.",123,1.0,Latest company news,1,1.0,90.0,1997,BreadcrumbList;CollectionPage;EntryPoint;ImageObject;ListItem;Organization;SearchAction;WebSite,False,,,2.0,3,2,374,0,0,0.196,0.262,2,0.974,https://diceus.com/media/,297,374,0.0,x-default,en,False,False,False
https://diceus.com/media/page/11/,/media/page/11/,200,,False,,,https://diceus.com/media/,pagination,Archive/thin,,True,20.1,True,False,https://diceus.com/media/page/11/,True,DICEUS Media Page: Latest News and Updates | Page 11 of 15 |,60,1.0,"Explore our articles, company news, and insights on software development and technology trends. Page 11 of the DICEUS media hub.",128,1.0,Insights and Corporate News,1,1.0,89.0,1987,BreadcrumbList;CollectionPage;EntryPoint;ImageObject;ListItem;Organization;SearchAction;WebSite,False,,,2.0,10,1,372,0,0,0.2,0.222,11,0.982,https://diceus.com/media/,140,372,0.0,x-default,en,False,False,False
https://diceus.com/author/diana-mircheva/,/author/diana-mircheva/,200,,False,,,https://diceus.com/insurance/solutions/super-app/car-insurance/,author,Archive/thin,,True,32.0,True,False,,True,"Diana Mircheva, Author at DICEUS",32,1.0,Diana Mircheva is a Product Owner at DICEUS who works in an Underwriting Workbench product team and helps insurers transform their underwriting processes.,154,1.0,Diana Mircheva,1,1.0,2.0,250,EntryPoint;ImageObject;Organization;Person;SearchAction;WebSite,False,,,2.0,5,5,290,0,0,0.315,0.59,talk to our expert,0.63,https://diceus.com/author/alina-demchenko/,135,262,0.0,x-default,en,False,False,False
https://diceus.com/case-studies/country/united-states-of-america/page/2/,/case-studies/country/united-states-of-america/page/2/,200,,False,,,https://diceus.com/case-studies/country/united-states-of-america/,pagination,Archive/thin,,True,9.4,True,False,https://diceus.com/case-studies/country/united-states-of-america/page/2/,True,DICEUS Case Studies: United States of America - Page 2,54,1.0,Explore Page 2 of our IT case studies highlighting digital transformation success for US-based companies. Read our success stories today!,137,1.0,Case studies: United States of America  — Page 2,1,1.0,13.0,318,BreadcrumbList;CollectionPage;EntryPoint;ImageObject;ListItem;Organization;SearchAction;WebSite,False,,,3.0,1,1,365,0,0,0.188,0.238,2,0.8,https://diceus.com/case-studies/service/automated-testing/page/2/,103,292,0.0,x-default,en,False,False,False
https://diceus.com/case-studies/service/automated-testing/page/2/,/case-studies/service/automated-testing/page/2/,200,,False,,,https://diceus.com/case-studies/service/automated-testing/,pagination,Archive/thin,,False,3.4,True,False,https://diceus.com/case-studies/service/automated-testing/page/2/,True,DICEUS Case Studies: Automated testing - Page 2,47,1.0,Explore the DICEUS Automated Testing Case Studies Portfolio. Real-world examples of faster releases and higher software reliability. View Page 2.,145,1.0,Case studies: Automated testing  — Page 2,1,1.0,11.0,296,BreadcrumbList;CollectionPage;EntryPoint;ImageObject;ListItem;Organization;SearchAction;WebSite,False,,,3.0,1,1,363,0,0,0.188,0.238,2,0.961,https://diceus.com/case-studies/service/manual-testing/page/4/,102,285,0.0,x-default,en,False,False,False
https://diceus.com/case-studies/service/custom-software-development/page/2/,/case-studies/service/custom-software-development/page/2/,200,,False,,,https://diceus.com/case-studies/service/custom-software-development/,pagination,Archive/thin,,False,6.0,True,False,https://diceus.com/case-studies/service/custom-software-development/page/2/,True,DICEUS Case Studies: Custom software development - Page 2,57,1.0,Discover the DICEUS portfolio of custom software development services. Learn how our end-to-end engineering solves complex business challenges. View Page 2.,156,1.0,Case studies: Custom software development  — Page 2,1,1.0,15.0,336,BreadcrumbList;CollectionPage;EntryPoint;ImageObject;ListItem;Organization;SearchAction;WebSite,False,,,3.0,3,2,370,0,0,0.189,0.24,2,0.647,https://diceus.com/case-studies/page/4/,104,293,0.0,x-default,en,False,False,False
https://diceus.com/case-studies/service/custom-software-development/page/3/,/case-studies/service/custom-software-development/page/3/,200,,False,,,https://diceus.com/case-studies/service/custom-software-development/,pagination,Archive/thin,,True,12.1,True,False,https://diceus.com/case-studies/service/custom-software-development/page/3/,True,DICEUS Case Studies: Custom software development - Page 3,57,1.0,Discover the DICEUS portfolio of custom software development services. Learn how our end-to-end engineering solves complex business challenges. View Page 3.,156,1.0,Case studies: Custom software development  — Page 3,1,1.0,15.0,330,BreadcrumbList;CollectionPage;EntryPoint;ImageObject;ListItem;Organization;SearchAction;WebSite,False,,,3.0,3,2,370,0,0,0.189,0.224,3,0.712,https://diceus.com/case-studies/industry/software-product/page/2/,137,299,0.0,x-default,en,False,False,False
https://diceus.com/case-studies/service/custom-software-development/page/4/,/case-studies/service/custom-software-development/page/4/,200,,False,,,https://diceus.com/case-studies/service/custom-software-development/,pagination,Archive/thin,,True,18.9,True,False,https://diceus.com/case-studies/service/custom-software-development/page/4/,True,DICEUS Case Studies: Custom software development - Page 4,57,1.0,Discover the DICEUS portfolio of custom software development services. Learn how our end-to-end engineering solves complex business challenges. View Page 4.,156,1.0,Case studies: Custom software development  — Page 4,1,1.0,7.0,265,BreadcrumbList;CollectionPage;EntryPoint;ImageObject;ListItem;Organization;SearchAction;WebSite,False,,,3.0,3,1,361,0,0,0.189,0.221,4,0.687,https://diceus.com/case-studies/country/ireland/,214,274,0.0,x-default,en,False,False,False
https://diceus.com/case-studies/service/manual-testing/page/2/,/case-studies/service/manual-testing/page/2/,200,,False,,,https://diceus.com/case-studies/service/manual-testing/,pagination,Archive/thin,,False,6.0,True,False,https://diceus.com/case-studies/service/manual-testing/page/2/,True,DICEUS Case Studies: Manual testing - Page 2,44,1.0,High-quality software requires a human touch. See DICEUS case studies on manual testing services - Page 2.,106,1.0,Case studies: Manual testing  — Page 2,1,1.0,15.0,332,BreadcrumbList;CollectionPage;EntryPoint;ImageObject;ListItem;Organization;SearchAction;WebSite,False,,,3.0,3,2,370,0,0,0.189,0.24,2,0.696,https://diceus.com/case-studies/service/ui-ux-design/page/2/,174,286,0.0,x-default,en,False,False,False
https://diceus.com/case-studies/service/manual-testing/page/3/,/case-studies/service/manual-testing/page/3/,200,,False,,,https://diceus.com/case-studies/service/manual-testing/,pagination,Archive/thin,,True,22.0,True,False,https://diceus.com/case-studies/service/manual-testing/page/3/,True,DICEUS Case Studies: Manual testing - Page 3,44,1.0,High-quality software requires a human touch. See DICEUS case studies on manual testing services - Page 3.,106,1.0,Case studies: Manual testing  — Page 3,1,1.0,15.0,318,BreadcrumbList;CollectionPage;EntryPoint;ImageObject;ListItem;Organization;SearchAction;WebSite,False,,,3.0,3,2,370,0,0,0.189,0.224,3,0.789,https://diceus.com/case-studies/page/5/,742,280,0.0,x-default,en,False,False,False
https://diceus.com/case-studies/service/manual-testing/page/4/,/case-studies/service/manual-testing/page/4/,200,,False,,,https://diceus.com/case-studies/service/manual-testing/,pagination,Archive/thin,,False,3.4,True,False,https://diceus.com/case-studies/service/manual-testing/page/4/,True,DICEUS Case Studies: Manual testing - Page 4,44,1.0,High-quality software requires a human touch. See DICEUS case studies on manual testing services - Page 4.,106,1.0,Case studies: Manual testing  — Page 4,1,1.0,10.0,290,BreadcrumbList;CollectionPage;EntryPoint;ImageObject;ListItem;Organization;SearchAction;WebSite,False,,,3.0,3,1,364,0,0,0.189,0.221,4,0.961,https://diceus.com/case-studies/service/automated-testing/page/2/,132,283,0.0,x-default,en,False,False,False
https://diceus.com/case-studies/service/mobile-app-development/page/2/,/case-studies/service/mobile-app-development/page/2/,200,,False,,,https://diceus.com/case-studies/service/mobile-app-development/,pagination,Archive/thin,,True,17.7,True,False,https://diceus.com/case-studies/service/mobile-app-development/page/2/,True,DICEUS Case Studies: Mobile app development - Page 2,52,1.0,"Explore DICEUS cases: Mobile App Development Services, iOS and Android Portfolio, Cross-Platform Development. Page 2",116,1.0,Case studies: Mobile app development  — Page 2,1,1.0,9.0,283,BreadcrumbList;CollectionPage;EntryPoint;ImageObject;ListItem;Organization;SearchAction;WebSite,False,,,3.0,1,1,361,0,0,0.188,0.238,2,0.614,https://diceus.com/case-studies/country/ireland/,109,279,0.0,x-default,en,False,False,False
https://diceus.com/case-studies/service/software-architecture/page/2/,/case-studies/service/software-architecture/page/2/,200,,False,,,https://diceus.com/case-studies/service/software-architecture/,pagination,Archive/thin,,False,6.0,True,False,https://diceus.com/case-studies/service/software-architecture/page/2/,True,DICEUS Case Studies: Software architecture - Page 2,51,1.0,Discover the DICEUS case studies on services related to software architecture. See how our solutions drive 100% digital transformation. View Page 2,147,1.0,Case studies: Software architecture  — Page 2,1,1.0,15.0,334,BreadcrumbList;CollectionPage;EntryPoint;ImageObject;ListItem;Organization;SearchAction;WebSite,False,,,3.0,3,2,372,0,0,0.189,0.24,2,0.838,https://diceus.com/case-studies/page/3/,116,288,0.0,x-default,en,False,False,False
https://diceus.com/case-studies/service/software-architecture/page/6/,/case-studies/service/software-architecture/page/6/,200,,False,,,https://diceus.com/case-studies/service/software-architecture/,pagination,Archive/thin,,True,12.1,True,False,https://diceus.com/case-studies/service/software-architecture/page/6/,True,DICEUS Case Studies: Software architecture - Page 6,51,1.0,Discover the DICEUS case studies on services related to software architecture. See how our solutions drive 100% digital transformation. View Page 6,147,1.0,Case studies: Software architecture  — Page 6,1,1.0,4.0,248,BreadcrumbList;CollectionPage;EntryPoint;ImageObject;ListItem;Organization;SearchAction;WebSite,False,,,3.0,5,1,358,0,0,0.19,0.221,6,0.866,https://diceus.com/case-studies/service/ui-ux-design/page/5/,120,266,0.0,x-default,en,False,False,False
https://diceus.com/case-studies/service/software-audit/page/2/,/case-studies/service/software-audit/page/2/,200,,False,,,https://diceus.com/case-studies/service/software-audit/,pagination,Archive/thin,,True,15.1,True,False,https://diceus.com/case-studies/service/software-audit/page/2/,True,DICEUS Case Studies: Software audit - Page 2,44,1.0,"Ensure your tech meets industry standards. Browse Page 2 of the DICEUS success stories in software audit services, including performance, security, and scalability audits.",171,1.0,Case studies: Software audit  — Page 2,1,1.0,15.0,331,BreadcrumbList;CollectionPage;EntryPoint;ImageObject;ListItem;Organization;SearchAction;WebSite,False,,,3.0,2,2,369,0,0,0.188,0.24,2,0.684,https://diceus.com/case-studies/service/software-architecture/page/3/,121,285,0.0,x-default,en,False,False,False
https://diceus.com/case-studies/service/software-audit/page/3/,/case-studies/service/software-audit/page/3/,200,,False,,,https://diceus.com/case-studies/service/software-audit/,pagination,Archive/thin,,False,3.3,True,False,https://diceus.com/case-studies/service/software-audit/page/3/,True,DICEUS Case Studies: Software audit - Page 3,44,1.0,"Ensure your tech meets industry standards. Browse Page 3 of the DICEUS success stories in software audit services, including performance, security, and scalability audits.",171,1.0,Case studies: Software audit  — Page 3,1,1.0,11.0,304,BreadcrumbList;CollectionPage;EntryPoint;ImageObject;ListItem;Organization;SearchAction;WebSite,False,,,3.0,2,1,364,0,0,0.188,0.222,3,0.77,https://diceus.com/case-studies/country/austria/,135,280,0.0,x-default,en,False,False,False
https://diceus.com/case-studies/service/system-integration/page/2/,/case-studies/service/system-integration/page/2/,200,,False,,,https://diceus.com/case-studies/service/system-integration/,pagination,Archive/thin,,True,9.4,True,False,https://diceus.com/case-studies/service/system-integration/page/2/,True,DICEUS Case Studies: System integration - Page 2,48,1.0,"Explore Page 2 of our system integration case studies featuring seamless API, cloud, and third-party integrations that drive operational efficiency.",148,1.0,Case studies: System integration  — Page 2,1,1.0,15.0,320,BreadcrumbList;CollectionPage;EntryPoint;ImageObject;ListItem;Organization;SearchAction;WebSite,False,,,3.0,3,2,370,0,0,0.189,0.24,2,0.726,https://diceus.com/case-studies/service/ui-ux-design/page/3/,111,284,0.0,x-default,en,False,False,False
https://diceus.com/case-studies/service/system-integration/page/3/,/case-studies/service/system-integration/page/3/,200,,False,,,https://diceus.com/case-studies/service/system-integration/,pagination,Archive/thin,,False,3.1,True,False,https://diceus.com/case-studies/service/system-integration/page/3/,True,DICEUS Case Studies: System integration - Page 3,48,1.0,"Explore Page 3 of our system integration case studies featuring seamless API, cloud, and third-party integrations that drive operational efficiency.",148,1.0,Case studies: System integration  — Page 3,1,1.0,15.0,327,BreadcrumbList;CollectionPage;EntryPoint;ImageObject;ListItem;Organization;SearchAction;WebSite,False,,,3.0,3,2,370,0,0,0.189,0.224,3,0.695,https://diceus.com/case-studies/service/custom-software-development/page/3/,115,291,0.0,x-default,en,False,False,False
https://diceus.com/case-studies/service/system-integration/page/4/,/case-studies/service/system-integration/page/4/,200,,False,,,https://diceus.com/case-studies/service/system-integration/,pagination,Archive/thin,,False,3.8,True,False,https://diceus.com/case-studies/service/system-integration/page/4/,True,DICEUS Case Studies: System integration - Page 4,48,1.0,"Explore Page 4 of our system integration case studies featuring seamless API, cloud, and third-party integrations that drive operational efficiency.",148,1.0,Case studies: System integration  — Page 4,1,1.0,6.0,261,BreadcrumbList;CollectionPage;EntryPoint;ImageObject;ListItem;Organization;SearchAction;WebSite,False,,,3.0,3,1,360,0,0,0.189,0.221,4,0.885,https://diceus.com/case-studies/expertise/robotics-process-automation/,77,266,0.0,x-default,en,False,False,False
https://diceus.com/case-studies/service/ui-ux-design/page/2/,/case-studies/service/ui-ux-design/page/2/,200,,False,,,https://diceus.com/case-studies/service/ui-ux-design/,pagination,Archive/thin,,False,6.2,True,False,https://diceus.com/case-studies/service/ui-ux-design/page/2/,True,DICEUS Case Studies: UI/UX design - Page 2,42,1.0,View Page 2 of our case studies on UI and UX design services — from accessibility audits to stunning cross-platform interfaces.,127,1.0,Case studies: UI/UX design  — Page 2,1,1.0,15.0,324,BreadcrumbList;CollectionPage;EntryPoint;ImageObject;ListItem;Organization;SearchAction;WebSite,False,,,3.0,4,2,371,0,0,0.189,0.24,2,0.709,https://diceus.com/case-studies/expertise/cloud-solutions/page/2/,112,288,0.0,x-default,en,False,False,False
https://diceus.com/case-studies/service/ui-ux-design/page/3/,/case-studies/service/ui-ux-design/page/3/,200,,False,,,https://diceus.com/case-studies/service/ui-ux-design/,pagination,Archive/thin,,True,18.7,True,False,https://diceus.com/case-studies/service/ui-ux-design/page/3/,True,DICEUS Case Studies: UI/UX design - Page 3,42,1.0,View Page 3 of our case studies on UI and UX design services — from accessibility audits to stunning cross-platform interfaces.,127,1.0,Case studies: UI/UX design  — Page 3,1,1.0,15.0,321,BreadcrumbList;CollectionPage;EntryPoint;ImageObject;ListItem;Organization;SearchAction;WebSite,False,,,3.0,4,2,371,0,0,0.189,0.224,3,0.738,https://diceus.com/case-studies/service/manual-testing/page/3/,86,285,0.0,x-default,en,False,False,False
https://diceus.com/case-studies/service/ui-ux-design/page/4/,/case-studies/service/ui-ux-design/page/4/,200,,False,,,https://diceus.com/case-studies/service/ui-ux-design/,pagination,Archive/thin,,True,18.6,True,False,https://diceus.com/case-studies/service/ui-ux-design/page/4/,True,DICEUS Case Studies: UI/UX design - Page 4,42,1.0,View Page 4 of our case studies on UI and UX design services — from accessibility audits to stunning cross-platform interfaces.,127,1.0,Case studies: UI/UX design  — Page 4,1,1.0,15.0,323,BreadcrumbList;CollectionPage;EntryPoint;ImageObject;ListItem;Organization;SearchAction;WebSite,False,,,3.0,4,2,371,0,0,0.189,0.224,4,0.736,https://diceus.com/case-studies/service/software-architecture/page/5/,137,290,0.0,x-default,en,False,False,False
https://diceus.com/case-studies/service/ui-ux-design/page/5/,/case-studies/service/ui-ux-design/page/5/,200,,False,,,https://diceus.com/case-studies/service/ui-ux-design/,pagination,Archive/thin,,True,12.4,True,False,https://diceus.com/case-studies/service/ui-ux-design/page/5/,True,DICEUS Case Studies: UI/UX design - Page 5,42,1.0,View Page 5 of our case studies on UI and UX design services — from accessibility audits to stunning cross-platform interfaces.,127,1.0,Case studies: UI/UX design  — Page 5,1,1.0,3.0,241,BreadcrumbList;CollectionPage;EntryPoint;ImageObject;ListItem;Organization;SearchAction;WebSite,False,,,3.0,4,1,358,0,0,0.189,0.221,5,0.866,https://diceus.com/case-studies/service/software-architecture/page/6/,118,264,0.0,x-default,en,False,False,False
https://diceus.com/case-studies/service/web-app-development/page/2/,/case-studies/service/web-app-development/page/2/,200,,False,,,https://diceus.com/case-studies/service/web-app-development/,pagination,Archive/thin,,True,12.3,True,False,https://diceus.com/case-studies/service/web-app-development/page/2/,True,DICEUS Case Studies: Web app development - Page 2,49,1.0,Check out Page 2 of the DICEUS web application development portfolio | 15+ years of experience. 150+ successful projects.,121,1.0,Case studies: Web app development  — Page 2,1,1.0,15.0,325,BreadcrumbList;CollectionPage;EntryPoint;ImageObject;ListItem;Organization;SearchAction;WebSite,False,,,3.0,2,2,369,0,0,0.188,0.24,2,0.651,https://diceus.com/case-studies/page/4/,161,286,0.0,x-default,en,False,False,False
https://diceus.com/case-studies/service/web-app-development/page/3/,/case-studies/service/web-app-development/page/3/,200,,False,,,https://diceus.com/case-studies/service/web-app-development/,pagination,Archive/thin,,True,16.3,True,False,https://diceus.com/case-studies/service/web-app-development/page/3/,True,DICEUS Case Studies: Web app development - Page 3,49,1.0,Check out Page 3 of the DICEUS web application development portfolio | 15+ years of experience. 150+ successful projects.,121,1.0,Case studies: Web app development  — Page 3,1,1.0,12.0,306,BreadcrumbList;CollectionPage;EntryPoint;ImageObject;ListItem;Organization;SearchAction;WebSite,False,,,3.0,2,1,365,0,0,0.188,0.222,3,0.723,https://diceus.com/case-studies/page/7/,129,287,0.0,x-default,en,False,False,False
https://diceus.com/case-studies/industry/banking/page/2/,/case-studies/industry/banking/page/2/,200,,False,,,https://diceus.com/case-studies/industry/banking/,pagination,Archive/thin,,False,4.0,True,False,https://diceus.com/case-studies/industry/banking/page/2/,True,DICEUS Case Studies: Banking - Page 2,37,1.0,Check out Page 2 of our case studies of the software development projects and solutions we delivered to the banking industry.,125,1.0,Case studies: Banking industry — Page 2,1,1.0,5.0,252,BreadcrumbList;CollectionPage;EntryPoint;ImageObject;ListItem;Organization;SearchAction;WebSite,False,,,3.0,1,1,357,0,0,0.188,0.238,2,0.882,https://diceus.com/case-studies/industry/financial/page/2/,147,264,0.0,x-default,en,False,False,False
https://diceus.com/case-studies/industry/financial/page/2/,/case-studies/industry/financial/page/2/,200,,False,,,https://diceus.com/case-studies/industry/financial/,pagination,Archive/thin,,False,4.1,True,False,https://diceus.com/case-studies/industry/financial/page/2/,True,DICEUS Case Studies: Financial - Page 2,39,1.0,Check out Page 2 of our case studies of the software development projects and solutions we delivered to the financial services industry.,136,1.0,Case studies: Financial industry — Page 2,1,1.0,4.0,245,BreadcrumbList;CollectionPage;EntryPoint;ImageObject;ListItem;Organization;SearchAction;WebSite,False,,,3.0,1,1,356,0,0,0.188,0.238,2,0.882,https://diceus.com/case-studies/industry/banking/page/2/,130,263,0.0,x-default,en,False,False,False
https://diceus.com/case-studies/industry/software-product/page/2/,/case-studies/industry/software-product/page/2/,200,,False,,,https://diceus.com/case-studies/industry/software-product/,pagination,Archive/thin,,False,3.1,True,False,https://diceus.com/case-studies/industry/software-product/page/2/,True,DICEUS Case Studies: Software product - Page 2,46,1.0,Check out Page 2 of our case studies of the software development projects and solutions we delivered to software product companies.,131,1.0,Case studies: Software product industry — Page 2,1,1.0,13.0,318,BreadcrumbList;CollectionPage;EntryPoint;ImageObject;ListItem;Organization;SearchAction;WebSite,False,,,3.0,1,1,365,0,0,0.188,0.238,2,0.817,https://diceus.com/case-studies/service/automated-testing/page/2/,96,294,0.0,x-default,en,False,False,False
https://diceus.com/case-studies/expertise/bi-and-reporting/page/2/,/case-studies/expertise/bi-and-reporting/page/2/,200,,False,,,https://diceus.com/case-studies/expertise/bi-and-reporting/,pagination,Archive/thin,,True,18.6,True,False,https://diceus.com/case-studies/expertise/bi-and-reporting/page/2/,True,DICEUS Case Studies: BI and reporting - Page 2,46,1.0,Explore Page 2 of the DICEUS case studies on projects where our BI and reporting expertise was applied. Contact our experts for more details about our experience.,162,1.0,Case studies: BI and reporting expertise — Page 2,1,1.0,15.0,323,BreadcrumbList;CollectionPage;EntryPoint;ImageObject;ListItem;Organization;SearchAction;WebSite,False,,,3.0,3,2,370,0,0,0.189,0.24,2,0.792,https://diceus.com/case-studies/industry/telecommunications/,122,290,0.0,x-default,en,False,False,False
https://diceus.com/case-studies/expertise/bi-and-reporting/page/3/,/case-studies/expertise/bi-and-reporting/page/3/,200,,False,,,https://diceus.com/case-studies/expertise/bi-and-reporting/,pagination,Archive/thin,,True,17.8,True,False,https://diceus.com/case-studies/expertise/bi-and-reporting/page/3/,True,DICEUS Case Studies: BI and reporting - Page 3,46,1.0,Explore Page 3 of the DICEUS case studies on projects where our BI and reporting expertise was applied. Contact our experts for more details about our experience.,162,1.0,Case studies: BI and reporting expertise — Page 3,1,1.0,15.0,338,BreadcrumbList;CollectionPage;EntryPoint;ImageObject;ListItem;Organization;SearchAction;WebSite,False,,,3.0,3,2,370,0,0,0.189,0.224,3,0.744,https://diceus.com/case-studies/page/7/,146,298,0.0,x-default,en,False,False,False
https://diceus.com/case-studies/expertise/bi-and-reporting/page/4/,/case-studies/expertise/bi-and-reporting/page/4/,200,,False,,,https://diceus.com/case-studies/expertise/bi-and-reporting/,pagination,Archive/thin,,True,11.8,True,False,https://diceus.com/case-studies/expertise/bi-and-reporting/page/4/,True,DICEUS Case Studies: BI and reporting - Page 4,46,1.0,Explore Page 4 of the DICEUS case studies on projects where our BI and reporting expertise was applied. Contact our experts for more details about our experience.,162,1.0,Case studies: BI and reporting expertise — Page 4,1,1.0,4.0,255,BreadcrumbList;CollectionPage;EntryPoint;ImageObject;ListItem;Organization;SearchAction;WebSite,False,,,3.0,3,1,358,0,0,0.189,0.221,4,0.699,https://diceus.com/case-studies/country/australia/,168,268,0.0,x-default,en,False,False,False
https://diceus.com/case-studies/expertise/big-data/page/2/,/case-studies/expertise/big-data/page/2/,200,,False,,,https://diceus.com/case-studies/expertise/big-data/,pagination,Archive/thin,data_analytics_dwh,True,4.0,True,False,https://diceus.com/case-studies/expertise/big-data/page/2/,True,DICEUS Case Studies: Big data - Page 2,38,1.0,Explore Page 2 of the DICEUS case studies on projects where our big data expertise was applied. Contact our experts for more details about our experience.,154,1.0,Case studies: Big data expertise — Page 2,1,1.0,4.0,250,BreadcrumbList;CollectionPage;EntryPoint;ImageObject;ListItem;Organization;SearchAction;WebSite,False,,,3.0,1,1,356,0,0,0.188,0.238,2,0.759,https://diceus.com/case-studies/industry/agriculture/,86,264,0.0,x-default,en,False,False,False
https://diceus.com/case-studies/expertise/cloud-solutions/page/2/,/case-studies/expertise/cloud-solutions/page/2/,200,,False,,,https://diceus.com/case-studies/expertise/cloud-solutions/,pagination,Archive/thin,,False,6.1,True,False,https://diceus.com/case-studies/expertise/cloud-solutions/page/2/,True,DICEUS Case Studies: Cloud solutions - Page 2,45,1.0,Explore Page 2 of the DICEUS case studies on projects where our cloud solutions expertise was applied. Contact our experts for more details about our experience.,161,1.0,Case studies: Cloud solutions expertise — Page 2,1,1.0,15.0,329,BreadcrumbList;CollectionPage;EntryPoint;ImageObject;ListItem;Organization;SearchAction;WebSite,False,,,3.0,3,2,370,0,0,0.189,0.24,2,0.748,https://diceus.com/case-studies/service/software-architecture/page/2/,141,292,0.0,x-default,en,False,False,False
https://diceus.com/case-studies/expertise/cloud-solutions/page/3/,/case-studies/expertise/cloud-solutions/page/3/,200,,False,,,https://diceus.com/case-studies/expertise/cloud-solutions/,pagination,Archive/thin,,True,15.7,True,False,https://diceus.com/case-studies/expertise/cloud-solutions/page/3/,True,DICEUS Case Studies: Cloud solutions - Page 3,45,1.0,Explore Page 3 of the DICEUS case studies on projects where our cloud solutions expertise was applied. Contact our experts for more details about our experience.,161,1.0,Case studies: Cloud solutions expertise — Page 3,1,1.0,15.0,318,BreadcrumbList;CollectionPage;EntryPoint;ImageObject;ListItem;Organization;SearchAction;WebSite,False,,,3.0,3,2,370,0,0,0.189,0.224,3,0.702,https://diceus.com/case-studies/service/ui-ux-design/page/3/,198,283,0.0,x-default,en,False,False,False
https://diceus.com/case-studies/expertise/cloud-solutions/page/4/,/case-studies/expertise/cloud-solutions/page/4/,200,,False,,,https://diceus.com/case-studies/expertise/cloud-solutions/,pagination,Archive/thin,,True,18.4,True,False,https://diceus.com/case-studies/expertise/cloud-solutions/page/4/,True,DICEUS Case Studies: Cloud solutions - Page 4,45,1.0,Explore Page 4 of the DICEUS case studies on projects where our cloud solutions expertise was applied. Contact our experts for more details about our experience.,161,1.0,Case studies: Cloud solutions expertise — Page 4,1,1.0,15.0,326,BreadcrumbList;CollectionPage;EntryPoint;ImageObject;ListItem;Organization;SearchAction;WebSite,False,,,3.0,3,1,369,0,0,0.189,0.221,4,0.761,https://diceus.com/case-studies/page/7/,137,295,0.0,x-default,en,False,False,False
https://diceus.com/case-studies/expertise/data-warehouse-and-etl/page/2/,/case-studies/expertise/data-warehouse-and-etl/page/2/,200,,False,,,https://diceus.com/case-studies/expertise/data-warehouse-and-etl/,pagination,Archive/thin,data_analytics_dwh,True,3.1,True,False,https://diceus.com/case-studies/expertise/data-warehouse-and-etl/page/2/,True,DICEUS Case Studies: Data warehouse and ETL - Page 2,52,1.0,Explore Page 2 of the DICEUS case studies on projects where our DWH and ETL expertise was applied. Contact our experts for more details about our experience.,157,1.0,Case studies: Data warehouse and ETL expertise — Page 2,1,1.0,13.0,327,BreadcrumbList;CollectionPage;EntryPoint;ImageObject;ListItem;Organization;SearchAction;WebSite,False,,,3.0,1,1,365,0,0,0.188,0.238,2,0.732,https://diceus.com/case-studies/country/austria/,117,283,0.0,x-default,en,False,False,False
https://diceus.com/case-studies/page/3/,/case-studies/page/3/,200,,False,,,https://diceus.com/case-studies/page/2/,pagination,Archive/thin,,False,6.2,True,False,https://diceus.com/case-studies/page/3/,True,DICEUS Case Studies Portfolio | Page 3 | Tech Solutions,55,1.0,Discover how DICEUS delivers high-impact tech solutions. Our portfolio of case studies showcases 150+ successful projects. Page 3 - Learn more here!,148,1.0,DICEUS case studies  — Page 3,1,1.0,15.0,325,BreadcrumbList;CollectionPage;EntryPoint;ImageObject;ListItem;Organization;SearchAction;WebSite,False,,,3.0,2,2,369,0,0,0.188,0.225,3,0.838,https://diceus.com/case-studies/service/software-architecture/page/2/,125,286,0.0,x-default,en,False,False,False
https://diceus.com/case-studies/page/7/,/case-studies/page/7/,200,,False,,,https://diceus.com/case-studies/page/8/,pagination,Archive/thin,,True,18.9,True,False,https://diceus.com/case-studies/page/7/,True,DICEUS Case Studies Portfolio | Page 7 | Tech Solutions,55,1.0,Discover how DICEUS delivers high-impact tech solutions. Our portfolio of case studies showcases 150+ successful projects. Page 7 - Learn more here!,148,1.0,DICEUS case studies  — Page 7,1,1.0,15.0,317,BreadcrumbList;CollectionPage;EntryPoint;ImageObject;ListItem;Organization;SearchAction;WebSite,False,,,3.0,4,2,368,0,0,0.189,0.224,7,0.761,https://diceus.com/case-studies/expertise/cloud-solutions/page/4/,84,294,0.0,x-default,en,False,False,False
https://diceus.com/case-studies/page/6/,/case-studies/page/6/,200,,False,,,https://diceus.com/case-studies/page/8/,pagination,Archive/thin,,False,3.1,True,False,https://diceus.com/case-studies/page/6/,True,DICEUS Case Studies Portfolio | Page 6 | Tech Solutions,55,1.0,Discover how DICEUS delivers high-impact tech solutions. Our portfolio of case studies showcases 150+ successful projects. Page 6 - Learn more here!,148,1.0,DICEUS case studies  — Page 6,1,1.0,15.0,325,BreadcrumbList;CollectionPage;EntryPoint;ImageObject;ListItem;Organization;SearchAction;WebSite,False,,,3.0,4,2,369,0,0,0.189,0.224,6,0.794,https://diceus.com/case-studies/service/automated-testing/page/2/,92,295,0.0,x-default,en,False,False,False
https://diceus.com/media/page/3/,/media/page/3/,200,,False,,,https://diceus.com/media/page/2/,pagination,Archive/thin,,True,22.0,True,False,https://diceus.com/media/page/3/,True,DICEUS Media Page: Latest News and Updates | Page 3 of 15 |,59,1.0,Continue discovering the DICEUS company news and updates on our media page 3.,77,1.0,Discover more insights,1,1.0,90.0,1998,BreadcrumbList;CollectionPage;EntryPoint;ImageObject;ListItem;Organization;SearchAction;WebSite,False,,,3.0,2,2,375,0,0,0.188,0.225,3,0.983,https://diceus.com/media/,152,373,0.0,x-default,en,False,False,False
https://diceus.com/media/page/10/,/media/page/10/,200,,False,,,https://diceus.com/media/page/11/,pagination,Archive/thin,,True,20.1,True,False,https://diceus.com/media/page/10/,True,DICEUS Media Page: Latest News and Updates | Page 10 of 15 |,60,1.0,Explore our media archive for the latest insights on tech trends and corporate news from DICEUS.,96,1.0,All corporate news,1,1.0,90.0,1987,BreadcrumbList;CollectionPage;EntryPoint;ImageObject;ListItem;Organization;SearchAction;WebSite,False,,,3.0,4,2,373,0,0,0.189,0.225,10,0.983,https://diceus.com/media/,131,373,0.0,x-default,en,False,False,False
https://diceus.com/media/page/9/,/media/page/9/,200,,False,,,https://diceus.com/media/page/11/,pagination,Archive/thin,,True,21.4,True,False,https://diceus.com/media/page/9/,True,DICEUS Media Page: Latest News and Updates | Page 9 of 15 |,59,1.0,"Check the latest company news from DICEUS: events, updates, partnerships, and more news from us.",96,1.0,Most read articles,1,1.0,90.0,2006,BreadcrumbList;CollectionPage;EntryPoint;ImageObject;ListItem;Organization;SearchAction;WebSite,False,,,3.0,4,2,372,0,0,0.189,0.225,9,0.959,https://diceus.com/media/,115,373,0.0,x-default,en,False,False,False
https://diceus.com/case-studies/service/software-architecture/page/3/,/case-studies/service/software-architecture/page/3/,200,,False,,,https://diceus.com/case-studies/service/software-architecture/page/2/,pagination,Archive/thin,,True,9.4,True,False,https://diceus.com/case-studies/service/software-architecture/page/3/,True,DICEUS Case Studies: Software architecture - Page 3,51,1.0,Discover the DICEUS case studies on services related to software architecture. See how our solutions drive 100% digital transformation. View Page 3,147,1.0,Case studies: Software architecture  — Page 3,1,1.0,15.0,319,BreadcrumbList;CollectionPage;EntryPoint;ImageObject;ListItem;Organization;SearchAction;WebSite,False,,,4.0,2,2,372,0,0,0.188,0.224,3,0.746,https://diceus.com/case-studies/page/4/,161,286,0.0,x-default,en,False,False,False
https://diceus.com/case-studies/service/software-architecture/page/4/,/case-studies/service/software-architecture/page/4/,200,,False,,,https://diceus.com/case-studies/service/software-architecture/page/2/,pagination,Archive/thin,,True,12.3,True,False,https://diceus.com/case-studies/service/software-architecture/page/4/,True,DICEUS Case Studies: Software architecture - Page 4,51,1.0,Discover the DICEUS case studies on services related to software architecture. See how our solutions drive 100% digital transformation. View Page 4,147,1.0,Case studies: Software architecture  — Page 4,1,1.0,15.0,325,BreadcrumbList;CollectionPage;EntryPoint;ImageObject;ListItem;Organization;SearchAction;WebSite,False,,,4.0,4,2,372,0,0,0.189,0.224,4,0.724,https://diceus.com/case-studies/expertise/bi-and-reporting/page/2/,169,289,0.0,x-default,en,False,False,False
https://diceus.com/case-studies/service/software-architecture/page/5/,/case-studies/service/software-architecture/page/5/,200,,False,,,https://diceus.com/case-studies/service/software-architecture/page/2/,pagination,Archive/thin,,True,12.3,True,False,https://diceus.com/case-studies/service/software-architecture/page/5/,True,DICEUS Case Studies: Software architecture - Page 5,51,1.0,Discover the DICEUS case studies on services related to software architecture. See how our solutions drive 100% digital transformation. View Page 5,147,1.0,Case studies: Software architecture  — Page 5,1,1.0,15.0,325,BreadcrumbList;CollectionPage;EntryPoint;ImageObject;ListItem;Organization;SearchAction;WebSite,False,,,4.0,4,2,370,0,0,0.189,0.224,5,0.736,https://diceus.com/case-studies/service/ui-ux-design/page/4/,202,288,0.0,x-default,en,False,False,False
https://diceus.com/case-studies/page/4/,/case-studies/page/4/,200,,False,,,https://diceus.com/case-studies/page/3/,pagination,Archive/thin,,False,6.3,True,False,https://diceus.com/case-studies/page/4/,True,DICEUS Case Studies Portfolio | Page 4 | Tech Solutions,55,1.0,Discover how DICEUS delivers high-impact tech solutions. Our portfolio of case studies showcases 150+ successful projects. Page 4 - Learn more here!,148,1.0,DICEUS case studies  — Page 4,1,1.0,15.0,317,BreadcrumbList;CollectionPage;EntryPoint;ImageObject;ListItem;Organization;SearchAction;WebSite,False,,,4.0,2,2,372,0,0,0.188,0.224,4,0.746,https://diceus.com/case-studies/service/software-architecture/page/3/,208,292,0.0,x-default,en,False,False,False
https://diceus.com/case-studies/page/5/,/case-studies/page/5/,200,,False,,,https://diceus.com/case-studies/page/6/,pagination,Archive/thin,,True,22.2,True,False,https://diceus.com/case-studies/page/5/,True,DICEUS Case Studies Portfolio | Page 5 | Tech Solutions,55,1.0,Discover how DICEUS delivers high-impact tech solutions. Our portfolio of case studies showcases 150+ successful projects. Page 5 - Learn more here!,148,1.0,DICEUS case studies  — Page 5,1,1.0,15.0,315,BreadcrumbList;CollectionPage;EntryPoint;ImageObject;ListItem;Organization;SearchAction;WebSite,False,,,4.0,2,2,370,0,0,0.188,0.224,5,0.789,https://diceus.com/case-studies/service/manual-testing/page/3/,99,278,0.0,x-default,en,False,False,False
https://diceus.com/media/page/4/,/media/page/4/,200,,False,,,https://diceus.com/media/page/3/,pagination,Archive/thin,,True,22.7,True,False,https://diceus.com/media/page/4/,True,DICEUS Media Page: Latest News and Updates | Page 4 of 15 |,59,1.0,Page 4 of DICEUS media delivers more thought leadership and news about our partnerships and participation in insurtech events.,126,1.0,Discover DICEUS news,1,1.0,90.0,1982,BreadcrumbList;CollectionPage;EntryPoint;ImageObject;ListItem;Organization;SearchAction;WebSite,False,,,4.0,2,2,376,0,0,0.188,0.225,4,0.975,https://diceus.com/media/,123,374,0.0,x-default,en,False,False,False
https://diceus.com/media/page/8/,/media/page/8/,200,,False,,,https://diceus.com/media/page/9/,pagination,Archive/thin,,True,21.9,True,False,https://diceus.com/media/page/8/,True,DICEUS Media Page: Latest News and Updates | Page 8 of 15 |,59,1.0,Page 8 features more information about recent DICEUS partnerships and company updates. Stay tuned!,98,1.0,More news from DICEUS,1,1.0,90.0,1964,BreadcrumbList;CollectionPage;EntryPoint;ImageObject;ListItem;Organization;SearchAction;WebSite,False,,,4.0,2,2,371,0,0,0.188,0.225,8,0.984,https://diceus.com/media/,119,373,0.0,x-default,en,False,False,False
https://diceus.com/media/page/5/,/media/page/5/,200,,False,,,https://diceus.com/media/page/4/,pagination,Archive/thin,,True,22.1,True,False,https://diceus.com/media/page/5/,True,DICEUS Media Page: Latest News and Updates | Page 5 of 15 |,59,1.0,"Stay updated with page 5 of DICEUS news, where we share our latest news and updates about our software products.",112,1.0,DICEUS updates,1,1.0,90.0,1992,BreadcrumbList;CollectionPage;EntryPoint;ImageObject;ListItem;Organization;SearchAction;WebSite,False,,,5.0,2,2,375,0,0,0.188,0.224,5,0.976,https://diceus.com/media/,136,373,0.0,x-default,en,False,False,False
https://diceus.com/media/page/7/,/media/page/7/,200,,False,,,https://diceus.com/media/page/8/,pagination,Archive/thin,,True,22.5,True,False,https://diceus.com/media/page/7/,True,DICEUS Media Page: Latest News and Updates | Page 7 of 15 |,59,1.0,"From software solutions to digital growth, page 7 of DICEUS media offers fresh perspectives for tech leaders and innovators.",124,1.0,Explore our news,1,1.0,90.0,1999,BreadcrumbList;CollectionPage;EntryPoint;ImageObject;ListItem;Organization;SearchAction;WebSite,False,,,5.0,2,2,377,0,0,0.188,0.225,7,0.978,https://diceus.com/media/,177,373,0.0,x-default,en,False,False,False
https://diceus.com/media/page/6/,/media/page/6/,200,,False,,,https://diceus.com/media/page/5/,pagination,Archive/thin,,True,22.1,True,False,https://diceus.com/media/page/6/,True,DICEUS Media Page: Latest News and Updates | Page 6 of 15 |,59,1.0,Explore more company news and updates from the DICEUS Team on page 6 of our media section.,90,1.0,Company updates,1,1.0,90.0,1990,BreadcrumbList;CollectionPage;EntryPoint;ImageObject;ListItem;Organization;SearchAction;WebSite,False,,,6.0,2,2,375,0,0,0.188,0.225,6,0.972,https://diceus.com/media/,125,374,0.0,x-default,en,False,False,False
